[DIVADM].[NAM_SUBCIR].[NAM_SUBCIR].[MEMBER_UNIQUE_NAME],[DIVADM].[NAM_SUBCIR].[NAM_SUBCIR].[MEMBER_CAPTION],[Measures].[SumaIncidentes]
[DIVADM].[NAM_SUBCIR].&[1 DE MAYO 1],1 DE MAYO 1,25691
[DIVADM].[NAM_SUBCIR].&[10 DE AGOSTO 1],10 DE AGOSTO 1,7656
[DIVADM].[NAM_SUBCIR].&[12 DE DICIEMBRE 1],12 DE DICIEMBRE 1,809
[DIVADM].[NAM_SUBCIR].&[15 DE MAYO 1],15 DE MAYO 1,32711
[DIVADM].[NAM_SUBCIR].&[19 DE NOVIEMBRE 1],19 DE NOVIEMBRE 1,15397
[DIVADM].[NAM_SUBCIR].&[24 DE MAYO 1],24 DE MAYO 1,11686
[DIVADM].[NAM_SUBCIR].&[24 DE MAYO 2],24 DE MAYO 2,6197
[DIVADM].[NAM_SUBCIR].&[27 DE FEBRERO 1],27 DE FEBRERO 1,21195
[DIVADM].[NAM_SUBCIR].&[3 DE JULIO 1],3 DE JULIO 1,38801
[DIVADM].[NAM_SUBCIR].&[3 DE JULIO 2],3 DE JULIO 2,30970
[DIVADM].[NAM_SUBCIR].&[3 DE MAYO 1],3 DE MAYO 1,10631
[DIVADM].[NAM_SUBCIR].&[5 DE JUNIO 1],5 DE JUNIO 1,27201
[DIVADM].[NAM_SUBCIR].&[5 DE JUNIO 2],5 DE JUNIO 2,6272
[DIVADM].[NAM_SUBCIR].&[7 DE JULIO 1],7 DE JULIO 1,7117
[DIVADM].[NAM_SUBCIR].&[7 DE OCTUBRE 1],7 DE OCTUBRE 1,41349
[DIVADM].[NAM_SUBCIR].&[7 DE OCTUBRE 2],7 DE OCTUBRE 2,46194
[DIVADM].[NAM_SUBCIR].&[7 DE OCTUBRE 3],7 DE OCTUBRE 3,6258
[DIVADM].[NAM_SUBCIR].&[7 LAGOS 1],7 LAGOS 1,9970
[DIVADM].[NAM_SUBCIR].&[7 LAGOS 2],7 LAGOS 2,10036
[DIVADM].[NAM_SUBCIR].&[7 LAGOS 3],7 LAGOS 3,22937
[DIVADM].[NAM_SUBCIR].&[7 LAGOS 4],7 LAGOS 4,23397
[DIVADM].[NAM_SUBCIR].&[9 DE MAYO 1],9 DE MAYO 1,14069
[DIVADM].[NAM_SUBCIR].&[9 DE MAYO 2],9 DE MAYO 2,10430
[DIVADM].[NAM_SUBCIR].&[9 DE OCTUBRE 1],9 DE OCTUBRE 1,18022
[DIVADM].[NAM_SUBCIR].&[9 DE OCTUBRE 2],9 DE OCTUBRE 2,16090
[DIVADM].[NAM_SUBCIR].&[9 DE OCTUBRE 3],9 DE OCTUBRE 3,20786
[DIVADM].[NAM_SUBCIR].&[9 DE OCTUBRE 4],9 DE OCTUBRE 4,11930
[DIVADM].[NAM_SUBCIR].&[9 DE OCTUBRE 5],9 DE OCTUBRE 5,20357
[DIVADM].[NAM_SUBCIR].&[9 DE OCTUBRE 6],9 DE OCTUBRE 6,6671
[DIVADM].[NAM_SUBCIR].&[ABDON CALDERON 1],ABDON CALDERON 1,7608
[DIVADM].[NAM_SUBCIR].&[ABEL GILBERT 1],ABEL GILBERT 1,8833
[DIVADM].[NAM_SUBCIR].&[ABEL GILBERT 2],ABEL GILBERT 2,7155
[DIVADM].[NAM_SUBCIR].&[ABEL GILBERT 3],ABEL GILBERT 3,12962
[DIVADM].[NAM_SUBCIR].&[ABEL GILBERT 4],ABEL GILBERT 4,208
[DIVADM].[NAM_SUBCIR].&[ABRAS DE MANTEQUILLA 1],ABRAS DE MANTEQUILLA 1,658
[DIVADM].[NAM_SUBCIR].&[ACHIOTE 1],ACHIOTE 1,576
[DIVADM].[NAM_SUBCIR].&[ACHUPALLAS 1],ACHUPALLAS 1,1730
[DIVADM].[NAM_SUBCIR].&[AEROPUERTO 1],AEROPUERTO 1,40705
[DIVADM].[NAM_SUBCIR].&[AEROPUERTO 2],AEROPUERTO 2,43014
[DIVADM].[NAM_SUBCIR].&[AEROPUERTO 3],AEROPUERTO 3,28041
[DIVADM].[NAM_SUBCIR].&[AEROPUERTO 4],AEROPUERTO 4,16606
[DIVADM].[NAM_SUBCIR].&[AGUARICO 1],AGUARICO 1,297
[DIVADM].[NAM_SUBCIR].&[AGUAS FRIAS 1],AGUAS FRIAS 1,1983
[DIVADM].[NAM_SUBCIR].&[AHUANO 1],AHUANO 1,2118
[DIVADM].[NAM_SUBCIR].&[AIRE LIBRE 1],AIRE LIBRE 1,11568
[DIVADM].[NAM_SUBCIR].&[AIRE LIBRE 2],AIRE LIBRE 2,228
[DIVADM].[NAM_SUBCIR].&[ALAJUELA 1],ALAJUELA 1,2049
[DIVADM].[NAM_SUBCIR].&[ALAJUELA 2],ALAJUELA 2,482
[DIVADM].[NAM_SUBCIR].&[ALAMOR 1],ALAMOR 1,9489
[DIVADM].[NAM_SUBCIR].&[ALANGASI 1],ALANGASI 1,16592
[DIVADM].[NAM_SUBCIR].&[ALANGASI 2],ALANGASI 2,27296
[DIVADM].[NAM_SUBCIR].&[ALAUSI 1],ALAUSI 1,12142
[DIVADM].[NAM_SUBCIR].&[ALBORADA 1],ALBORADA 1,7025
[DIVADM].[NAM_SUBCIR].&[ALBORADA 2],ALBORADA 2,19745
[DIVADM].[NAM_SUBCIR].&[ALBORADA 3],ALBORADA 3,21106
[DIVADM].[NAM_SUBCIR].&[ALBORADA 4],ALBORADA 4,34530
[DIVADM].[NAM_SUBCIR].&[ALBORADA 5],ALBORADA 5,7423
[DIVADM].[NAM_SUBCIR].&[ALBORADA 6],ALBORADA 6,11888
[DIVADM].[NAM_SUBCIR].&[ALBORADA 7],ALBORADA 7,7046
[DIVADM].[NAM_SUBCIR].&[ALEJANDRO LABAKA 1],ALEJANDRO LABAKA 1,173
[DIVADM].[NAM_SUBCIR].&[ALEJO LASCANO 1],ALEJO LASCANO 1,1306
[DIVADM].[NAM_SUBCIR].&[ALLURIQUIN 1],ALLURIQUIN 1,7347
[DIVADM].[NAM_SUBCIR].&[ALMEIDA 1],ALMEIDA 1,16104
[DIVADM].[NAM_SUBCIR].&[ALMEIDA 2],ALMEIDA 2,4291
[DIVADM].[NAM_SUBCIR].&[ALOAG 1],ALOAG 1,28499
[DIVADM].[NAM_SUBCIR].&[ALPAMALA 1],ALPAMALA 1,4002
[DIVADM].[NAM_SUBCIR].&[AMAGUAÑA CENTRO 1],AMAGUAÑA CENTRO 1,26360
[DIVADM].[NAM_SUBCIR].&[AMALUZA 1],AMALUZA 1,5720
[DIVADM].[NAM_SUBCIR].&[AMAZONAS 1],AMAZONAS 1,46459
[DIVADM].[NAM_SUBCIR].&[AMAZONAS 2],AMAZONAS 2,31562
[DIVADM].[NAM_SUBCIR].&[AMBUQUI 1],AMBUQUI 1,7138
[DIVADM].[NAM_SUBCIR].&[AMBUQUI 2],AMBUQUI 2,5295
[DIVADM].[NAM_SUBCIR].&[ANCHAYACU 1],ANCHAYACU 1,261
[DIVADM].[NAM_SUBCIR].&[ANCHAYACU 2],ANCHAYACU 2,28
[DIVADM].[NAM_SUBCIR].&[ANCHAYACU 3],ANCHAYACU 3,16
[DIVADM].[NAM_SUBCIR].&[ANCONCITO 1],ANCONCITO 1,11694
[DIVADM].[NAM_SUBCIR].&[ANDRADE MARIN 1],ANDRADE MARIN 1,18987
[DIVADM].[NAM_SUBCIR].&[ANGAMARCA 1],ANGAMARCA 1,456
[DIVADM].[NAM_SUBCIR].&[ANTEPARA  3],ANTEPARA  3,26232
[DIVADM].[NAM_SUBCIR].&[ANTEPARA 1],ANTEPARA 1,28869
[DIVADM].[NAM_SUBCIR].&[ANTEPARA 2],ANTEPARA 2,35448
[DIVADM].[NAM_SUBCIR].&[ANTONIO SOTOMAYOR 1],ANTONIO SOTOMAYOR 1,3688
[DIVADM].[NAM_SUBCIR].&[APOLO 1],APOLO 1,14359
[DIVADM].[NAM_SUBCIR].&[ARAJUNO POBLADO 1],ARAJUNO POBLADO 1,4475
[DIVADM].[NAM_SUBCIR].&[ARAJUNO SELVA 1],ARAJUNO SELVA 1,570
[DIVADM].[NAM_SUBCIR].&[ARBOLITO 1],ARBOLITO 1,7191
[DIVADM].[NAM_SUBCIR].&[ARBOLITO 2],ARBOLITO 2,9369
[DIVADM].[NAM_SUBCIR].&[ARBOLITO 3],ARBOLITO 3,10517
[DIVADM].[NAM_SUBCIR].&[ARCANGEL 1],ARCANGEL 1,16322
[DIVADM].[NAM_SUBCIR].&[ARCANGEL 2],ARCANGEL 2,15018
[DIVADM].[NAM_SUBCIR].&[ARCAPAMBA 1],ARCAPAMBA 1,3948
[DIVADM].[NAM_SUBCIR].&[ARCHIDONA 1],ARCHIDONA 1,12470
[DIVADM].[NAM_SUBCIR].&[ARENILLAS 1],ARENILLAS 1,17699
[DIVADM].[NAM_SUBCIR].&[ARGELIA 1],ARGELIA 1,8653
[DIVADM].[NAM_SUBCIR].&[ARGELIA 2],ARGELIA 2,14113
[DIVADM].[NAM_SUBCIR].&[ARGELIA 3],ARGELIA 3,17900
[DIVADM].[NAM_SUBCIR].&[ARGELIA 4],ARGELIA 4,11827
[DIVADM].[NAM_SUBCIR].&[ARGELIA 5],ARGELIA 5,13047
[DIVADM].[NAM_SUBCIR].&[ARGELIA 6],ARGELIA 6,14517
[DIVADM].[NAM_SUBCIR].&[ARGELIA 7],ARGELIA 7,6487
[DIVADM].[NAM_SUBCIR].&[ARGELIA 8],ARGELIA 8,6872
[DIVADM].[NAM_SUBCIR].&[AROSEMENA TOLA 1],AROSEMENA TOLA 1,2416
[DIVADM].[NAM_SUBCIR].&[ARRAYANES 1],ARRAYANES 1,1975
[DIVADM].[NAM_SUBCIR].&[ATACAMES 1],ATACAMES 1,17142
[DIVADM].[NAM_SUBCIR].&[ATACAMES 2],ATACAMES 2,17780
[DIVADM].[NAM_SUBCIR].&[ATAHUALPA 1],ATAHUALPA 1,6617
[DIVADM].[NAM_SUBCIR].&[ATAHUALPA 2],ATAHUALPA 2,26809
[DIVADM].[NAM_SUBCIR].&[ATARAZANA 1],ATARAZANA 1,21033
[DIVADM].[NAM_SUBCIR].&[ATARAZANA 2],ATARAZANA 2,24271
[DIVADM].[NAM_SUBCIR].&[ATARAZANA 3],ATARAZANA 3,13436
[DIVADM].[NAM_SUBCIR].&[ATARAZANA 4],ATARAZANA 4,14942
[DIVADM].[NAM_SUBCIR].&[ATARAZANA 5],ATARAZANA 5,32537
[DIVADM].[NAM_SUBCIR].&[ATARAZANA 6],ATARAZANA 6,26698
[DIVADM].[NAM_SUBCIR].&[ATARAZANA 7],ATARAZANA 7,11330
[DIVADM].[NAM_SUBCIR].&[ATARAZANA 8],ATARAZANA 8,7098
[DIVADM].[NAM_SUBCIR].&[ATOCHA FICOA 1],ATOCHA FICOA 1,20911
[DIVADM].[NAM_SUBCIR].&[ATOCHA FICOA 2],ATOCHA FICOA 2,14236
[DIVADM].[NAM_SUBCIR].&[AUGUSTO VALENCIA 1],AUGUSTO VALENCIA 1,7295
[DIVADM].[NAM_SUBCIR].&[AYACUCHO 1],AYACUCHO 1,1991
[DIVADM].[NAM_SUBCIR].&[AZAYA 1],AZAYA 1,33038
[DIVADM].[NAM_SUBCIR].&[AZOGUES NORTE 1],AZOGUES NORTE 1,14457
[DIVADM].[NAM_SUBCIR].&[AZOGUES NORTE 2],AZOGUES NORTE 2,10142
[DIVADM].[NAM_SUBCIR].&[AZOGUES NORTE 3],AZOGUES NORTE 3,9313
[DIVADM].[NAM_SUBCIR].&[AZOGUES OESTE 1],AZOGUES OESTE 1,4501
[DIVADM].[NAM_SUBCIR].&[AZOGUES OESTE 2],AZOGUES OESTE 2,8360
[DIVADM].[NAM_SUBCIR].&[AZOGUES ORIENTE 1],AZOGUES ORIENTE 1,363
[DIVADM].[NAM_SUBCIR].&[AZOGUES ORIENTE 2],AZOGUES ORIENTE 2,766
[DIVADM].[NAM_SUBCIR].&[AZOGUES SUR 1],AZOGUES SUR 1,34924
[DIVADM].[NAM_SUBCIR].&[AZOGUES SUR 2],AZOGUES SUR 2,8972
[DIVADM].[NAM_SUBCIR].&[BABA 1],BABA 1,12877
[DIVADM].[NAM_SUBCIR].&[BACHILLERO 1],BACHILLERO 1,1860
[DIVADM].[NAM_SUBCIR].&[BACHILLERO 2],BACHILLERO 2,1624
[DIVADM].[NAM_SUBCIR].&[BAGATELA 1],BAGATELA 1,764
[DIVADM].[NAM_SUBCIR].&[BAHIA 1],BAHIA 1,16350
[DIVADM].[NAM_SUBCIR].&[BAHIA 2],BAHIA 2,3809
[DIVADM].[NAM_SUBCIR].&[BAJO ALTO 1],BAJO ALTO 1,26024
[DIVADM].[NAM_SUBCIR].&[BALAO 1],BALAO 1,14033
[DIVADM].[NAM_SUBCIR].&[BALAO 2],BALAO 2,473
[DIVADM].[NAM_SUBCIR].&[BALSAPAMBA 1],BALSAPAMBA 1,7418
[DIVADM].[NAM_SUBCIR].&[BALSAPAMBA 2],BALSAPAMBA 2,1064
[DIVADM].[NAM_SUBCIR].&[BALSAS 1],BALSAS 1,8955
[DIVADM].[NAM_SUBCIR].&[BALZAR CENTRO 1],BALZAR CENTRO 1,21622
[DIVADM].[NAM_SUBCIR].&[BALZAR DE VINCES 1],BALZAR DE VINCES 1,22057
[DIVADM].[NAM_SUBCIR].&[BALZAR OESTE 1],BALZAR OESTE 1,6251
[DIVADM].[NAM_SUBCIR].&[BALZAR SUR 1],BALZAR SUR 1,15773
[DIVADM].[NAM_SUBCIR].&[BANANERA NORTE 1],BANANERA NORTE 1,474
[DIVADM].[NAM_SUBCIR].&[BANANERA SUR 1],BANANERA SUR 1,871
[DIVADM].[NAM_SUBCIR].&[BAÑOS 1],BAÑOS 1,61181
[DIVADM].[NAM_SUBCIR].&[BAÑOS 2],BAÑOS 2,5128
[DIVADM].[NAM_SUBCIR].&[BARBONES 1],BARBONES 1,7672
[DIVADM].[NAM_SUBCIR].&[BARBONES 2],BARBONES 2,4307
[DIVADM].[NAM_SUBCIR].&[BARRAGANETE 1],BARRAGANETE 1,410
[DIVADM].[NAM_SUBCIR].&[BARREIRO 1],BARREIRO 1,12346
[DIVADM].[NAM_SUBCIR].&[BARRIAL BLANCO 1],BARRIAL BLANCO 1,60972
[DIVADM].[NAM_SUBCIR].&[BARRIO NUEVO 1],BARRIO NUEVO 1,26457
[DIVADM].[NAM_SUBCIR].&[BARRIO NUEVO 2],BARRIO NUEVO 2,23680
[DIVADM].[NAM_SUBCIR].&[BARRIO NUEVO 3],BARRIO NUEVO 3,25540
[DIVADM].[NAM_SUBCIR].&[BASTION POPULAR NORTE 1],BASTION POPULAR NORTE 1,12438
[DIVADM].[NAM_SUBCIR].&[BASTION POPULAR NORTE 2],BASTION POPULAR NORTE 2,11823
[DIVADM].[NAM_SUBCIR].&[BASTION POPULAR NORTE 3],BASTION POPULAR NORTE 3,12007
[DIVADM].[NAM_SUBCIR].&[BASTION POPULAR SUR 1],BASTION POPULAR SUR 1,19897
[DIVADM].[NAM_SUBCIR].&[BASTION POPULAR SUR 2],BASTION POPULAR SUR 2,18061
[DIVADM].[NAM_SUBCIR].&[BASTION POPULAR SUR 3],BASTION POPULAR SUR 3,22307
[DIVADM].[NAM_SUBCIR].&[BATALLON DEL SUBURBIO 1],BATALLON DEL SUBURBIO 1,19174
[DIVADM].[NAM_SUBCIR].&[BATALLON DEL SUBURBIO 2],BATALLON DEL SUBURBIO 2,22991
[DIVADM].[NAM_SUBCIR].&[BATALLON DEL SUBURBIO 3],BATALLON DEL SUBURBIO 3,18825
[DIVADM].[NAM_SUBCIR].&[BATALLON DEL SUBURBIO 4],BATALLON DEL SUBURBIO 4,17552
[DIVADM].[NAM_SUBCIR].&[BECHE 1],BECHE 1,1040
[DIVADM].[NAM_SUBCIR].&[BEJUCO 1],BEJUCO 1,7455
[DIVADM].[NAM_SUBCIR].&[BEJUCO 2],BEJUCO 2,606
[DIVADM].[NAM_SUBCIR].&[BEJUQUILLO 1],BEJUQUILLO 1,2244
[DIVADM].[NAM_SUBCIR].&[BELISARIO QUEVEDO 1],BELISARIO QUEVEDO 1,5071
[DIVADM].[NAM_SUBCIR].&[BELLA MARIA 1],BELLA MARIA 1,1667
[DIVADM].[NAM_SUBCIR].&[BELLAVISTA 1],BELLAVISTA 1,48158
[DIVADM].[NAM_SUBCIR].&[BELLAVISTA 2],BELLAVISTA 2,18388
[DIVADM].[NAM_SUBCIR].&[BELLAVISTA 3],BELLAVISTA 3,6831
[DIVADM].[NAM_SUBCIR].&[BELLAVISTA 4],BELLAVISTA 4,25767
[DIVADM].[NAM_SUBCIR].&[BELLAVISTA 5],BELLAVISTA 5,14905
[DIVADM].[NAM_SUBCIR].&[BELLAVISTA 6],BELLAVISTA 6,4087
[DIVADM].[NAM_SUBCIR].&[BELLAVISTA DE CALDERON 1],BELLAVISTA DE CALDERON 1,22617
[DIVADM].[NAM_SUBCIR].&[BELLAVISTA NORTE 1],BELLAVISTA NORTE 1,6283
[DIVADM].[NAM_SUBCIR].&[BELLAVISTA NORTE 2],BELLAVISTA NORTE 2,12073
[DIVADM].[NAM_SUBCIR].&[BETHLEMITAS 1],BETHLEMITAS 1,16897
[DIVADM].[NAM_SUBCIR].&[BETHLEMITAS 2],BETHLEMITAS 2,2360
[DIVADM].[NAM_SUBCIR].&[BIBLIAN 1],BIBLIAN 1,16457
[DIVADM].[NAM_SUBCIR].&[BICENTENARIO 1],BICENTENARIO 1,5152
[DIVADM].[NAM_SUBCIR].&[BICENTENARIO 2],BICENTENARIO 2,16215
[DIVADM].[NAM_SUBCIR].&[BOCA DE BIGUA 1],BOCA DE BIGUA 1,1010
[DIVADM].[NAM_SUBCIR].&[BOCANA DE BUA 1],BOCANA DE BUA 1,586
[DIVADM].[NAM_SUBCIR].&[BOLASPAMBA 1],BOLASPAMBA 1,99
[DIVADM].[NAM_SUBCIR].&[BOLICHE 1],BOLICHE 1,6339
[DIVADM].[NAM_SUBCIR].&[BOLIVAR 1],BOLIVAR 1,19492
[DIVADM].[NAM_SUBCIR].&[BOLIVAR 2],BOLIVAR 2,2464
[DIVADM].[NAM_SUBCIR].&[BOMBOIZA 1],BOMBOIZA 1,4341
[DIVADM].[NAM_SUBCIR].&[BOMBOLI 1],BOMBOLI 1,58724
[DIVADM].[NAM_SUBCIR].&[BOMBOLI 2],BOMBOLI 2,14045
[DIVADM].[NAM_SUBCIR].&[BORBON 1],BORBON 1,9971
[DIVADM].[NAM_SUBCIR].&[BORBON 2],BORBON 2,62
[DIVADM].[NAM_SUBCIR].&[BORBON 3],BORBON 3,244
[DIVADM].[NAM_SUBCIR].&[BOYACA 1],BOYACA 1,583
[DIVADM].[NAM_SUBCIR].&[BUCAY 1],BUCAY 1,12667
[DIVADM].[NAM_SUBCIR].&[BUENA FE ESTE 1],BUENA FE ESTE 1,19151
[DIVADM].[NAM_SUBCIR].&[BUENA FE ESTE 2],BUENA FE ESTE 2,20675
[DIVADM].[NAM_SUBCIR].&[BUENA FE OESTE 1],BUENA FE OESTE 1,16357
[DIVADM].[NAM_SUBCIR].&[BUENA FE OESTE 2],BUENA FE OESTE 2,15770
[DIVADM].[NAM_SUBCIR].&[BUENA VISTA 1],BUENA VISTA 1,7585
[DIVADM].[NAM_SUBCIR].&[BUENA VISTA 2],BUENA VISTA 2,9699
[DIVADM].[NAM_SUBCIR].&[BUENAVISTA 1],BUENAVISTA 1,956
[DIVADM].[NAM_SUBCIR].&[BUENOS AIRES 1],BUENOS AIRES 1,478
[DIVADM].[NAM_SUBCIR].&[CABUYAL 1],CABUYAL 1,7239
[DIVADM].[NAM_SUBCIR].&[CAJABAMBA 1],CAJABAMBA 1,9598
[DIVADM].[NAM_SUBCIR].&[CALACALI 1],CALACALI 1,14347
[DIVADM].[NAM_SUBCIR].&[CALCETA CENTRO 1],CALCETA CENTRO 1,12601
[DIVADM].[NAM_SUBCIR].&[CALCETA SUR 1],CALCETA SUR 1,9216
[DIVADM].[NAM_SUBCIR].&[CALDERON 1],CALDERON 1,3018
[DIVADM].[NAM_SUBCIR].&[CALDERON 2],CALDERON 2,18918
[DIVADM].[NAM_SUBCIR].&[CALDERON 3],CALDERON 3,61727
[DIVADM].[NAM_SUBCIR].&[CALDERON 4],CALDERON 4,16853
[DIVADM].[NAM_SUBCIR].&[CALPI 1],CALPI 1,9860
[DIVADM].[NAM_SUBCIR].&[CALUMA 1],CALUMA 1,25210
[DIVADM].[NAM_SUBCIR].&[CALUMA 2],CALUMA 2,526
[DIVADM].[NAM_SUBCIR].&[CAMARONES 1],CAMARONES 1,9309
[DIVADM].[NAM_SUBCIR].&[CAMARONES 2],CAMARONES 2,2376
[DIVADM].[NAM_SUBCIR].&[CAMILO PONCE 1],CAMILO PONCE 1,17313
[DIVADM].[NAM_SUBCIR].&[CAMILO PONCE 2],CAMILO PONCE 2,8759
[DIVADM].[NAM_SUBCIR].&[CAMILO PONCE ENRIQUEZ 1],CAMILO PONCE ENRIQUEZ 1,18254
[DIVADM].[NAM_SUBCIR].&[CAMILO PONCE ENRIQUEZ 2],CAMILO PONCE ENRIQUEZ 2,572
[DIVADM].[NAM_SUBCIR].&[CAMINOS AL SOL 1],CAMINOS AL SOL 1,10146
[DIVADM].[NAM_SUBCIR].&[CAMPOZANO 1],CAMPOZANO 1,772
[DIVADM].[NAM_SUBCIR].&[CANCHAGUA 1],CANCHAGUA 1,987
[DIVADM].[NAM_SUBCIR].&[CANELOS 1],CANELOS 1,3682
[DIVADM].[NAM_SUBCIR].&[CANELOS 2],CANELOS 2,6961
[DIVADM].[NAM_SUBCIR].&[CANGAGUA 1],CANGAGUA 1,4973
[DIVADM].[NAM_SUBCIR].&[CANOA 1],CANOA 1,3589
[DIVADM].[NAM_SUBCIR].&[CANUTO 1],CANUTO 1,1790
[DIVADM].[NAM_SUBCIR].&[CAÑAR 1],CAÑAR 1,18128
[DIVADM].[NAM_SUBCIR].&[CAÑAR OCCIDENTE 1],CAÑAR OCCIDENTE 1,3314
[DIVADM].[NAM_SUBCIR].&[CAÑAR OCCIDENTE 2],CAÑAR OCCIDENTE 2,748
[DIVADM].[NAM_SUBCIR].&[CAÑARIBAMBA 1],CAÑARIBAMBA 1,23138
[DIVADM].[NAM_SUBCIR].&[CAPIRO 1],CAPIRO 1,772
[DIVADM].[NAM_SUBCIR].&[CARACOL 1],CARACOL 1,5820
[DIVADM].[NAM_SUBCIR].&[CARANQUIS 1],CARANQUIS 1,9118
[DIVADM].[NAM_SUBCIR].&[CARANQUIS 2],CARANQUIS 2,24098
[DIVADM].[NAM_SUBCIR].&[CARAPUNGO 1],CARAPUNGO 1,16691
[DIVADM].[NAM_SUBCIR].&[CARAPUNGO 2],CARAPUNGO 2,5387
[DIVADM].[NAM_SUBCIR].&[CARAPUNGO 3],CARAPUNGO 3,15502
[DIVADM].[NAM_SUBCIR].&[CARCELEN 1],CARCELEN 1,49269
[DIVADM].[NAM_SUBCIR].&[CARCELEN 2],CARCELEN 2,10875
[DIVADM].[NAM_SUBCIR].&[CARCELEN 3],CARCELEN 3,1727
[DIVADM].[NAM_SUBCIR].&[CARCELEN 4],CARCELEN 4,11090
[DIVADM].[NAM_SUBCIR].&[CARCELEN 5],CARCELEN 5,22690
[DIVADM].[NAM_SUBCIR].&[CARIAMANGA ESTE 1],CARIAMANGA ESTE 1,9143
[DIVADM].[NAM_SUBCIR].&[CARIAMANGA OESTE 1],CARIAMANGA OESTE 1,11038
[DIVADM].[NAM_SUBCIR].&[CARLOS JULIO AROSEMENA 1],CARLOS JULIO AROSEMENA 1,5465
[DIVADM].[NAM_SUBCIR].&[CARMEN DE PIJILI 1],CARMEN DE PIJILI 1,460
[DIVADM].[NAM_SUBCIR].&[CARONDELET 1],CARONDELET 1,596
[DIVADM].[NAM_SUBCIR].&[CARONDELET 2],CARONDELET 2,1833
[DIVADM].[NAM_SUBCIR].&[CASACAY 1],CASACAY 1,3726
[DIVADM].[NAM_SUBCIR].&[CASCALES 1],CASCALES 1,10538
[DIVADM].[NAM_SUBCIR].&[CASCALES 2],CASCALES 2,2681
[DIVADM].[NAM_SUBCIR].&[CASCOL 1],CASCOL 1,3747
[DIVADM].[NAM_SUBCIR].&[CATACOCHA 1],CATACOCHA 1,9223
[DIVADM].[NAM_SUBCIR].&[CATAMAYO NORTE 1],CATAMAYO NORTE 1,19067
[DIVADM].[NAM_SUBCIR].&[CATAMAYO NORTE 2],CATAMAYO NORTE 2,4715
[DIVADM].[NAM_SUBCIR].&[CATAMAYO SAN JOSE 1],CATAMAYO SAN JOSE 1,22073
[DIVADM].[NAM_SUBCIR].&[CATARAMA 1],CATARAMA 1,9387
[DIVADM].[NAM_SUBCIR].&[CAYAMBE 1],CAYAMBE 1,18391
[DIVADM].[NAM_SUBCIR].&[CAYAMBE 2],CAYAMBE 2,13412
[DIVADM].[NAM_SUBCIR].&[CAYAMBE 3],CAYAMBE 3,27018
[DIVADM].[NAM_SUBCIR].&[CAYAMBE NORTE 1],CAYAMBE NORTE 1,20266
[DIVADM].[NAM_SUBCIR].&[CAYAMBE NORTE 2],CAYAMBE NORTE 2,7023
[DIVADM].[NAM_SUBCIR].&[CAYAMBE NORTE 3],CAYAMBE NORTE 3,4141
[DIVADM].[NAM_SUBCIR].&[CAYAMBE SUR 1],CAYAMBE SUR 1,7926
[DIVADM].[NAM_SUBCIR].&[CAYAMBE SUR 2],CAYAMBE SUR 2,28006
[DIVADM].[NAM_SUBCIR].&[CAZADEROS 1],CAZADEROS 1,155
[DIVADM].[NAM_SUBCIR].&[CEBADAS 1],CEBADAS 1,2864
[DIVADM].[NAM_SUBCIR].&[CELI ROMAN 1],CELI ROMAN 1,38907
[DIVADM].[NAM_SUBCIR].&[CELICA 1],CELICA 1,9647
[DIVADM].[NAM_SUBCIR].&[CENTENARIO 1],CENTENARIO 1,22769
[DIVADM].[NAM_SUBCIR].&[CENTENARIO 2],CENTENARIO 2,12488
[DIVADM].[NAM_SUBCIR].&[CENTENARIO 3],CENTENARIO 3,18299
[DIVADM].[NAM_SUBCIR].&[CENTENARIO 4],CENTENARIO 4,18192
[DIVADM].[NAM_SUBCIR].&[CENTENARIO 5],CENTENARIO 5,17704
[DIVADM].[NAM_SUBCIR].&[CENTRO 1],CENTRO 1,156072
[DIVADM].[NAM_SUBCIR].&[CENTRO 2],CENTRO 2,159280
[DIVADM].[NAM_SUBCIR].&[CENTRO 3],CENTRO 3,63469
[DIVADM].[NAM_SUBCIR].&[CENTRO 4],CENTRO 4,70493
[DIVADM].[NAM_SUBCIR].&[CENTRO HISTORICO 1],CENTRO HISTORICO 1,18979
[DIVADM].[NAM_SUBCIR].&[CENTRO HISTORICO 2],CENTRO HISTORICO 2,30289
[DIVADM].[NAM_SUBCIR].&[CENTRO HISTORICO 3],CENTRO HISTORICO 3,34256
[DIVADM].[NAM_SUBCIR].&[CENTRO HISTORICO 4],CENTRO HISTORICO 4,58491
[DIVADM].[NAM_SUBCIR].&[CENTRO HISTORICO 5],CENTRO HISTORICO 5,12026
[DIVADM].[NAM_SUBCIR].&[CERRO AZUL 1],CERRO AZUL 1,107
[DIVADM].[NAM_SUBCIR].&[CERRO NEGRO 1],CERRO NEGRO 1,1535
[DIVADM].[NAM_SUBCIR].&[CEVALLOS 1],CEVALLOS 1,12040
[DIVADM].[NAM_SUBCIR].&[CHAGUARPAMBA 1],CHAGUARPAMBA 1,2944
[DIVADM].[NAM_SUBCIR].&[CHALA 1],CHALA 1,25941
[DIVADM].[NAM_SUBCIR].&[CHALA 2],CHALA 2,19688
[DIVADM].[NAM_SUBCIR].&[CHALA 3],CHALA 3,17958
[DIVADM].[NAM_SUBCIR].&[CHAMANGA 1],CHAMANGA 1,349
[DIVADM].[NAM_SUBCIR].&[CHAMANGA 2],CHAMANGA 2,2920
[DIVADM].[NAM_SUBCIR].&[CHAMBO 1],CHAMBO 1,9156
[DIVADM].[NAM_SUBCIR].&[CHAMBO 2],CHAMBO 2,587
[DIVADM].[NAM_SUBCIR].&[CHAMUCAME 1],CHAMUCAME 1,499
[DIVADM].[NAM_SUBCIR].&[CHANDUY 1],CHANDUY 1,6888
[DIVADM].[NAM_SUBCIR].&[CHANDUY 2],CHANDUY 2,1221
[DIVADM].[NAM_SUBCIR].&[CHANGAIMINA 1],CHANGAIMINA 1,1884
[DIVADM].[NAM_SUBCIR].&[CHARAPOTO 1],CHARAPOTO 1,6922
[DIVADM].[NAM_SUBCIR].&[CHARAPOTO 2],CHARAPOTO 2,6664
[DIVADM].[NAM_SUBCIR].&[CHAUCHA 1],CHAUCHA 1,239
[DIVADM].[NAM_SUBCIR].&[CHECA 1],CHECA 1,13773
[DIVADM].[NAM_SUBCIR].&[CHIBUNGA 1],CHIBUNGA 1,954
[DIVADM].[NAM_SUBCIR].&[CHICAL 1],CHICAL 1,1216
[DIVADM].[NAM_SUBCIR].&[CHICAL 2],CHICAL 2,2520
[DIVADM].[NAM_SUBCIR].&[CHILA 1],CHILA 1,15340
[DIVADM].[NAM_SUBCIR].&[CHILE 1],CHILE 1,18071
[DIVADM].[NAM_SUBCIR].&[CHILE 2],CHILE 2,27570
[DIVADM].[NAM_SUBCIR].&[CHILE 3],CHILE 3,31576
[DIVADM].[NAM_SUBCIR].&[CHILE 4],CHILE 4,32559
[DIVADM].[NAM_SUBCIR].&[CHILIBULO 1],CHILIBULO 1,9394
[DIVADM].[NAM_SUBCIR].&[CHILIBULO 2],CHILIBULO 2,28191
[DIVADM].[NAM_SUBCIR].&[CHILIBULO 3],CHILIBULO 3,24609
[DIVADM].[NAM_SUBCIR].&[CHILIBULO 4],CHILIBULO 4,8948
[DIVADM].[NAM_SUBCIR].&[CHILIBULO 5],CHILIBULO 5,3291
[DIVADM].[NAM_SUBCIR].&[CHILIBULO 6],CHILIBULO 6,15660
[DIVADM].[NAM_SUBCIR].&[CHILLA 1],CHILLA 1,1515
[DIVADM].[NAM_SUBCIR].&[CHILLANES 1],CHILLANES 1,9025
[DIVADM].[NAM_SUBCIR].&[CHILLOGALLO 1],CHILLOGALLO 1,33991
[DIVADM].[NAM_SUBCIR].&[CHILLOGALLO 2],CHILLOGALLO 2,12518
[DIVADM].[NAM_SUBCIR].&[CHILLOGALLO 3],CHILLOGALLO 3,20976
[DIVADM].[NAM_SUBCIR].&[CHILLOGALLO 4],CHILLOGALLO 4,6355
[DIVADM].[NAM_SUBCIR].&[CHILLOGALLO 5],CHILLOGALLO 5,15726
[DIVADM].[NAM_SUBCIR].&[CHILLOGALLO 6],CHILLOGALLO 6,7939
[DIVADM].[NAM_SUBCIR].&[CHIMBACALLE 1],CHIMBACALLE 1,21815
[DIVADM].[NAM_SUBCIR].&[CHIMBACALLE 2],CHIMBACALLE 2,15286
[DIVADM].[NAM_SUBCIR].&[CHIMBACALLE 3],CHIMBACALLE 3,14942
[DIVADM].[NAM_SUBCIR].&[CHIMBACALLE 4],CHIMBACALLE 4,49708
[DIVADM].[NAM_SUBCIR].&[CHIMBO 1],CHIMBO 1,11571
[DIVADM].[NAM_SUBCIR].&[CHITO 1],CHITO 1,497
[DIVADM].[NAM_SUBCIR].&[CHOBO 1],CHOBO 1,7682
[DIVADM].[NAM_SUBCIR].&[CHOFER 1],CHOFER 1,7873
[DIVADM].[NAM_SUBCIR].&[CHONGON 1],CHONGON 1,19043
[DIVADM].[NAM_SUBCIR].&[CHONTACRUZ 1],CHONTACRUZ 1,9052
[DIVADM].[NAM_SUBCIR].&[CHONTACRUZ 2],CHONTACRUZ 2,18900
[DIVADM].[NAM_SUBCIR].&[CHORDELEG 1],CHORDELEG 1,6336
[DIVADM].[NAM_SUBCIR].&[CHORDELEG 2],CHORDELEG 2,1346
[DIVADM].[NAM_SUBCIR].&[CHUGCHILLAN 1],CHUGCHILLAN 1,1283
[DIVADM].[NAM_SUBCIR].&[CHUNCHI 1],CHUNCHI 1,8593
[DIVADM].[NAM_SUBCIR].&[CISNE 1],CISNE 1,13457
[DIVADM].[NAM_SUBCIR].&[CISNE 2],CISNE 2,33388
[DIVADM].[NAM_SUBCIR].&[CISNE 3],CISNE 3,17762
[DIVADM].[NAM_SUBCIR].&[CISNE 4],CISNE 4,15800
[DIVADM].[NAM_SUBCIR].&[CISNE 5],CISNE 5,29895
[DIVADM].[NAM_SUBCIR].&[CLODOVEO JARAMILLO 1],CLODOVEO JARAMILLO 1,27063
[DIVADM].[NAM_SUBCIR].&[COCA OCCIDENTE 1],COCA OCCIDENTE 1,33661
[DIVADM].[NAM_SUBCIR].&[COCA OCCIDENTE 2],COCA OCCIDENTE 2,18832
[DIVADM].[NAM_SUBCIR].&[COCA OCCIDENTE 3],COCA OCCIDENTE 3,8666
[DIVADM].[NAM_SUBCIR].&[COCA OCCIDENTE 4],COCA OCCIDENTE 4,30777
[DIVADM].[NAM_SUBCIR].&[COCA OCCIDENTE 5],COCA OCCIDENTE 5,74
[DIVADM].[NAM_SUBCIR].&[COCA ORIENTE 1],COCA ORIENTE 1,6945
[DIVADM].[NAM_SUBCIR].&[COCA ORIENTE 2],COCA ORIENTE 2,39832
[DIVADM].[NAM_SUBCIR].&[COCA ORIENTE 3],COCA ORIENTE 3,4668
[DIVADM].[NAM_SUBCIR].&[COCA ORIENTE 4],COCA ORIENTE 4,118
[DIVADM].[NAM_SUBCIR].&[COCHAPAMBA 1],COCHAPAMBA 1,20451
[DIVADM].[NAM_SUBCIR].&[COCHAPAMBA 2],COCHAPAMBA 2,9983
[DIVADM].[NAM_SUBCIR].&[COCHAPAMBA 3],COCHAPAMBA 3,18099
[DIVADM].[NAM_SUBCIR].&[COCHAPAMBA 4],COCHAPAMBA 4,20189
[DIVADM].[NAM_SUBCIR].&[COCHAPAMBA 5],COCHAPAMBA 5,10333
[DIVADM].[NAM_SUBCIR].&[CODESA 1],CODESA 1,16554
[DIVADM].[NAM_SUBCIR].&[COJIMIES 1],COJIMIES 1,5563
[DIVADM].[NAM_SUBCIR].&[COLAISACA 1],COLAISACA 1,1170
[DIVADM].[NAM_SUBCIR].&[COLECTIVA 1],COLECTIVA 1,16678
[DIVADM].[NAM_SUBCIR].&[COLECTIVA 2],COLECTIVA 2,13711
[DIVADM].[NAM_SUBCIR].&[COLIMES 1],COLIMES 1,508
[DIVADM].[NAM_SUBCIR].&[COLIMES 2],COLIMES 2,8676
[DIVADM].[NAM_SUBCIR].&[COLIMES RURAL 1],COLIMES RURAL 1,814
[DIVADM].[NAM_SUBCIR].&[COLINAS DEL NORTE 1],COLINAS DEL NORTE 1,12070
[DIVADM].[NAM_SUBCIR].&[COLINAS DEL NORTE 2],COLINAS DEL NORTE 2,13666
[DIVADM].[NAM_SUBCIR].&[COLINAS DEL NORTE 3],COLINAS DEL NORTE 3,12656
[DIVADM].[NAM_SUBCIR].&[COLON 1],COLON 1,3780
[DIVADM].[NAM_SUBCIR].&[COLON 2],COLON 2,8068
[DIVADM].[NAM_SUBCIR].&[COLONCHE 1],COLONCHE 1,3642
[DIVADM].[NAM_SUBCIR].&[COLONIA VELASCO IBARRA 1],COLONIA VELASCO IBARRA 1,4389
[DIVADM].[NAM_SUBCIR].&[COLUMBE 1],COLUMBE 1,2201
[DIVADM].[NAM_SUBCIR].&[COMPLEJO DEPORTIVO 1],COMPLEJO DEPORTIVO 1,35972
[DIVADM].[NAM_SUBCIR].&[COMUNEROS 1],COMUNEROS 1,21639
[DIVADM].[NAM_SUBCIR].&[CONCORDIA NORTE 1],CONCORDIA NORTE 1,14001
[DIVADM].[NAM_SUBCIR].&[CONCORDIA NORTE 2],CONCORDIA NORTE 2,15648
[DIVADM].[NAM_SUBCIR].&[CONCORDIA NORTE 3],CONCORDIA NORTE 3,33983
[DIVADM].[NAM_SUBCIR].&[CONE 1],CONE 1,7128
[DIVADM].[NAM_SUBCIR].&[CONOCOTO NORTE 1],CONOCOTO NORTE 1,8280
[DIVADM].[NAM_SUBCIR].&[CONOCOTO NORTE 2],CONOCOTO NORTE 2,33703
[DIVADM].[NAM_SUBCIR].&[CONOCOTO NORTE 3],CONOCOTO NORTE 3,11340
[DIVADM].[NAM_SUBCIR].&[CONOCOTO NORTE 4],CONOCOTO NORTE 4,6664
[DIVADM].[NAM_SUBCIR].&[CONOCOTO NORTE 5],CONOCOTO NORTE 5,7471
[DIVADM].[NAM_SUBCIR].&[CONOCOTO SUR 1],CONOCOTO SUR 1,75183
[DIVADM].[NAM_SUBCIR].&[CONOCOTO SUR 2],CONOCOTO SUR 2,14292
[DIVADM].[NAM_SUBCIR].&[CONSACOLA 1],CONSACOLA 1,28155
[DIVADM].[NAM_SUBCIR].&[CONTROL 1],CONTROL 1,6840
[DIVADM].[NAM_SUBCIR].&[CONTROL 2],CONTROL 2,16363
[DIVADM].[NAM_SUBCIR].&[CONVENTO 1],CONVENTO 1,1597
[DIVADM].[NAM_SUBCIR].&[CORDERO CRESPO 1],CORDERO CRESPO 1,19771
[DIVADM].[NAM_SUBCIR].&[COSTA AZUL 1],COSTA AZUL 1,2853
[DIVADM].[NAM_SUBCIR].&[COTACACHI 1],COTACACHI 1,14463
[DIVADM].[NAM_SUBCIR].&[COTACACHI 2],COTACACHI 2,7629
[DIVADM].[NAM_SUBCIR].&[COTALO 1],COTALO 1,798
[DIVADM].[NAM_SUBCIR].&[COTALO 2],COTALO 2,3503
[DIVADM].[NAM_SUBCIR].&[COTALO 3],COTALO 3,723
[DIVADM].[NAM_SUBCIR].&[COTOCOLLAO 1],COTOCOLLAO 1,26504
[DIVADM].[NAM_SUBCIR].&[COTOCOLLAO 2],COTOCOLLAO 2,9333
[DIVADM].[NAM_SUBCIR].&[COTOCOLLAO 3],COTOCOLLAO 3,32359
[DIVADM].[NAM_SUBCIR].&[COTOCOLLAO 4],COTOCOLLAO 4,12966
[DIVADM].[NAM_SUBCIR].&[CRISTO DEL CONSUELO 1],CRISTO DEL CONSUELO 1,41407
[DIVADM].[NAM_SUBCIR].&[CRISTO DEL CONSUELO 2],CRISTO DEL CONSUELO 2,47539
[DIVADM].[NAM_SUBCIR].&[CRISTO DEL CONSUELO 3],CRISTO DEL CONSUELO 3,23519
[DIVADM].[NAM_SUBCIR].&[CRISTO VIVE 1],CRISTO VIVE 1,35231
[DIVADM].[NAM_SUBCIR].&[CRISTO VIVE 2],CRISTO VIVE 2,5403
[DIVADM].[NAM_SUBCIR].&[CRISTOBAL COLON 1],CRISTOBAL COLON 1,2648
[DIVADM].[NAM_SUBCIR].&[CRISTOBAL COLON 2],CRISTOBAL COLON 2,468
[DIVADM].[NAM_SUBCIR].&[CRUCITA 1],CRUCITA 1,14763
[DIVADM].[NAM_SUBCIR].&[CUBA 1],CUBA 1,8511
[DIVADM].[NAM_SUBCIR].&[CUBA 2],CUBA 2,12893
[DIVADM].[NAM_SUBCIR].&[CUBA 3],CUBA 3,3952
[DIVADM].[NAM_SUBCIR].&[CUBA 4],CUBA 4,5634
[DIVADM].[NAM_SUBCIR].&[CUBE 1],CUBE 1,2317
[DIVADM].[NAM_SUBCIR].&[CUCHAENTZA 1],CUCHAENTZA 1,1579
[DIVADM].[NAM_SUBCIR].&[CUMANDA 1],CUMANDA 1,11951
[DIVADM].[NAM_SUBCIR].&[CUMANDA 2],CUMANDA 2,2411
[DIVADM].[NAM_SUBCIR].&[CUMBAYA SUR 1],CUMBAYA SUR 1,5899
[DIVADM].[NAM_SUBCIR].&[CUMBAYA SUR 2],CUMBAYA SUR 2,5161
[DIVADM].[NAM_SUBCIR].&[CUMBAYA SUR 3],CUMBAYA SUR 3,8317
[DIVADM].[NAM_SUBCIR].&[CUMBE 1],CUMBE 1,10580
[DIVADM].[NAM_SUBCIR].&[CUNCHIBAMBA 1],CUNCHIBAMBA 1,4559
[DIVADM].[NAM_SUBCIR].&[CUNCHIBAMBA 2],CUNCHIBAMBA 2,4751
[DIVADM].[NAM_SUBCIR].&[CUPA 1],CUPA 1,5270
[DIVADM].[NAM_SUBCIR].&[CUSUBAMBA 1],CUSUBAMBA 1,7163
[DIVADM].[NAM_SUBCIR].&[CUSUBAMBA 2],CUSUBAMBA 2,6001
[DIVADM].[NAM_SUBCIR].&[CUTUGLAGUA 1],CUTUGLAGUA 1,14163
[DIVADM].[NAM_SUBCIR].&[CUTUGLAGUA 2],CUTUGLAGUA 2,16403
[DIVADM].[NAM_SUBCIR].&[CUYABENO 1],CUYABENO 1,396
[DIVADM].[NAM_SUBCIR].&[DAMMER 1],DAMMER 1,29797
[DIVADM].[NAM_SUBCIR].&[DAMMER 2],DAMMER 2,34055
[DIVADM].[NAM_SUBCIR].&[DANZARIN 1],DANZARIN 1,1939
[DIVADM].[NAM_SUBCIR].&[DAULE CENTRO 1],DAULE CENTRO 1,1649
[DIVADM].[NAM_SUBCIR].&[DAULE CENTRO 2],DAULE CENTRO 2,23002
[DIVADM].[NAM_SUBCIR].&[DAYUMA 1],DAYUMA 1,2189
[DIVADM].[NAM_SUBCIR].&[DAYUMA 2],DAYUMA 2,16709
[DIVADM].[NAM_SUBCIR].&[DAYUMA 3],DAYUMA 3,3803
[DIVADM].[NAM_SUBCIR].&[DELEG 1],DELEG 1,6777
[DIVADM].[NAM_SUBCIR].&[DIVINO NIÑO 1],DIVINO NIÑO 1,20999
[DIVADM].[NAM_SUBCIR].&[DIVINO NIÑO 2],DIVINO NIÑO 2,46474
[DIVADM].[NAM_SUBCIR].&[DIVINO NIÑO 3],DIVINO NIÑO 3,13006
[DIVADM].[NAM_SUBCIR].&[DIVINO NIÑO 4],DIVINO NIÑO 4,20831
[DIVADM].[NAM_SUBCIR].&[DUG DUG 1],DUG DUG 1,2083
[DIVADM].[NAM_SUBCIR].&[ECHEANDIA 1],ECHEANDIA 1,23464
[DIVADM].[NAM_SUBCIR].&[ECHEANDIA 2],ECHEANDIA 2,2136
[DIVADM].[NAM_SUBCIR].&[ECUATORIANA 1],ECUATORIANA 1,42043
[DIVADM].[NAM_SUBCIR].&[ECUATORIANA 2],ECUATORIANA 2,29170
[DIVADM].[NAM_SUBCIR].&[ECUATORIANA 3],ECUATORIANA 3,22714
[DIVADM].[NAM_SUBCIR].&[ECUATORIANA 4],ECUATORIANA 4,12627
[DIVADM].[NAM_SUBCIR].&[EL ANGEL 1],EL ANGEL 1,12152
[DIVADM].[NAM_SUBCIR].&[EL ANGEL 2],EL ANGEL 2,1665
[DIVADM].[NAM_SUBCIR].&[EL ARENAL 1],EL ARENAL 1,22953
[DIVADM].[NAM_SUBCIR].&[EL ARENAL 2],EL ARENAL 2,6717
[DIVADM].[NAM_SUBCIR].&[EL BATAN 1],EL BATAN 1,68813
[DIVADM].[NAM_SUBCIR].&[EL BOSQUE 1],EL BOSQUE 1,10217
[DIVADM].[NAM_SUBCIR].&[EL BOSQUE 2],EL BOSQUE 2,23792
[DIVADM].[NAM_SUBCIR].&[EL BOSQUE 3],EL BOSQUE 3,19754
[DIVADM].[NAM_SUBCIR].&[EL BOSQUE 4],EL BOSQUE 4,20585
[DIVADM].[NAM_SUBCIR].&[EL BOSQUE 5],EL BOSQUE 5,12071
[DIVADM].[NAM_SUBCIR].&[EL CALZADO 1],EL CALZADO 1,13323
[DIVADM].[NAM_SUBCIR].&[EL CALZADO 2],EL CALZADO 2,24977
[DIVADM].[NAM_SUBCIR].&[EL CALZADO 3],EL CALZADO 3,19124
[DIVADM].[NAM_SUBCIR].&[EL CAMBIO 1],EL CAMBIO 1,24518
[DIVADM].[NAM_SUBCIR].&[EL CARMEN 1],EL CARMEN 1,2766
[DIVADM].[NAM_SUBCIR].&[EL CARMEN 2],EL CARMEN 2,24956
[DIVADM].[NAM_SUBCIR].&[EL CARMEN 3],EL CARMEN 3,5448
[DIVADM].[NAM_SUBCIR].&[EL CHACO 1],EL CHACO 1,4427
[DIVADM].[NAM_SUBCIR].&[EL CHAPARRAL 1],EL CHAPARRAL 1,13321
[DIVADM].[NAM_SUBCIR].&[EL CISNE 1],EL CISNE 1,2439
[DIVADM].[NAM_SUBCIR].&[EL CISNE 2],EL CISNE 2,1211
[DIVADM].[NAM_SUBCIR].&[EL COLORADO 1],EL COLORADO 1,16005
[DIVADM].[NAM_SUBCIR].&[EL COLORADO 2],EL COLORADO 2,5822
[DIVADM].[NAM_SUBCIR].&[EL COLORADO 3],EL COLORADO 3,17610
[DIVADM].[NAM_SUBCIR].&[EL CONDADO 1],EL CONDADO 1,11475
[DIVADM].[NAM_SUBCIR].&[EL CONDADO 2],EL CONDADO 2,30351
[DIVADM].[NAM_SUBCIR].&[EL CONDADO 3],EL CONDADO 3,17099
[DIVADM].[NAM_SUBCIR].&[EL CORAZON 1],EL CORAZON 1,3815
[DIVADM].[NAM_SUBCIR].&[EL DESVIO 1],EL DESVIO 1,439
[DIVADM].[NAM_SUBCIR].&[EL DORADO 1],EL DORADO 1,43910
[DIVADM].[NAM_SUBCIR].&[EL EJIDO 1],EL EJIDO 1,6954
[DIVADM].[NAM_SUBCIR].&[EL ENO 1],EL ENO 1,5701
[DIVADM].[NAM_SUBCIR].&[EL ESFUERZO 1],EL ESFUERZO 1,2647
[DIVADM].[NAM_SUBCIR].&[EL FLORON 1],EL FLORON 1,3784
[DIVADM].[NAM_SUBCIR].&[EL FLORON 2],EL FLORON 2,18275
[DIVADM].[NAM_SUBCIR].&[EL FLORON 3],EL FLORON 3,9842
[DIVADM].[NAM_SUBCIR].&[EL FLORON 4],EL FLORON 4,22899
[DIVADM].[NAM_SUBCIR].&[EL GOALTAL 1],EL GOALTAL 1,238
[DIVADM].[NAM_SUBCIR].&[EL GUABITO 1],EL GUABITO 1,5606
[DIVADM].[NAM_SUBCIR].&[EL INGENIO 1],EL INGENIO 1,1597
[DIVADM].[NAM_SUBCIR].&[EL JORDAN 1],EL JORDAN 1,1829
[DIVADM].[NAM_SUBCIR].&[EL LIMO 1],EL LIMO 1,412
[DIVADM].[NAM_SUBCIR].&[EL MAESTRO 1],EL MAESTRO 1,22666
[DIVADM].[NAM_SUBCIR].&[EL MIRADOR 1],EL MIRADOR 1,10327
[DIVADM].[NAM_SUBCIR].&[EL MIRADOR 2],EL MIRADOR 2,30671
[DIVADM].[NAM_SUBCIR].&[EL MIRADOR 3],EL MIRADOR 3,22646
[DIVADM].[NAM_SUBCIR].&[EL NOGAL 1],EL NOGAL 1,25896
[DIVADM].[NAM_SUBCIR].&[EL NOGAL 2],EL NOGAL 2,5912
[DIVADM].[NAM_SUBCIR].&[EL PAN 1],EL PAN 1,1520
[DIVADM].[NAM_SUBCIR].&[EL PARAISO 1],EL PARAISO 1,2466
[DIVADM].[NAM_SUBCIR].&[EL PARAISO LA CATORCE 1],EL PARAISO LA CATORCE 1,1847
[DIVADM].[NAM_SUBCIR].&[EL PIEDRERO 1],EL PIEDRERO 1,2751
[DIVADM].[NAM_SUBCIR].&[EL PLACER 1],EL PLACER 1,6358
[DIVADM].[NAM_SUBCIR].&[EL PLACER 2],EL PLACER 2,7710
[DIVADM].[NAM_SUBCIR].&[EL PLACER 3],EL PLACER 3,22452
[DIVADM].[NAM_SUBCIR].&[EL PORTAL 1],EL PORTAL 1,21885
[DIVADM].[NAM_SUBCIR].&[EL PORVENIR 1],EL PORVENIR 1,3044
[DIVADM].[NAM_SUBCIR].&[EL PRADO 1],EL PRADO 1,2154
[DIVADM].[NAM_SUBCIR].&[EL PROLETARIADO 1],EL PROLETARIADO 1,19992
[DIVADM].[NAM_SUBCIR].&[EL PROLETARIADO 2],EL PROLETARIADO 2,5551
[DIVADM].[NAM_SUBCIR].&[EL RETIRO 1],EL RETIRO 1,7994
[DIVADM].[NAM_SUBCIR].&[EL ROSARIO 1],EL ROSARIO 1,1946
[DIVADM].[NAM_SUBCIR].&[EL SAGRARIO 1],EL SAGRARIO 1,61572
[DIVADM].[NAM_SUBCIR].&[EL SALADO 1],EL SALADO 1,18328
[DIVADM].[NAM_SUBCIR].&[EL SALTO 1],EL SALTO 1,13392
[DIVADM].[NAM_SUBCIR].&[EL TAMBO 1],EL TAMBO 1,21276
[DIVADM].[NAM_SUBCIR].&[EL TOACHI 1],EL TOACHI 1,19683
[DIVADM].[NAM_SUBCIR].&[EL TOACHI 2],EL TOACHI 2,15704
[DIVADM].[NAM_SUBCIR].&[EL TRIUNFO CENTRO 1],EL TRIUNFO CENTRO 1,20018
[DIVADM].[NAM_SUBCIR].&[EL TRIUNFO ESTE 1],EL TRIUNFO ESTE 1,14756
[DIVADM].[NAM_SUBCIR].&[EL TRIUNFO OESTE 1],EL TRIUNFO OESTE 1,9543
[DIVADM].[NAM_SUBCIR].&[EL TRIUNFO OESTE 2],EL TRIUNFO OESTE 2,10672
[DIVADM].[NAM_SUBCIR].&[EL VALLE 1],EL VALLE 1,53808
[DIVADM].[NAM_SUBCIR].&[EL VECINO 1],EL VECINO 1,15082
[DIVADM].[NAM_SUBCIR].&[EL VECINO 2],EL VECINO 2,16928
[DIVADM].[NAM_SUBCIR].&[EL VERGEL NORTE 1],EL VERGEL NORTE 1,349
[DIVADM].[NAM_SUBCIR].&[EL VERGEL SUR 1],EL VERGEL SUR 1,5157
[DIVADM].[NAM_SUBCIR].&[ELOY ALFARO 1],ELOY ALFARO 1,8832
[DIVADM].[NAM_SUBCIR].&[ELOY ALFARO 2],ELOY ALFARO 2,22063
[DIVADM].[NAM_SUBCIR].&[EMPALME CENTRO 1],EMPALME CENTRO 1,16463
[DIVADM].[NAM_SUBCIR].&[EMPALME SURESTE 1],EMPALME SURESTE 1,19393
[DIVADM].[NAM_SUBCIR].&[EMPALME SUROESTE 1],EMPALME SUROESTE 1,25387
[DIVADM].[NAM_SUBCIR].&[ENGABAO 1],ENGABAO 1,2785
[DIVADM].[NAM_SUBCIR].&[ENRIQUEZ GALLO 1],ENRIQUEZ GALLO 1,18513
[DIVADM].[NAM_SUBCIR].&[ESMERALDAS LIBRE 1],ESMERALDAS LIBRE 1,11595
[DIVADM].[NAM_SUBCIR].&[ESTACADA 1],ESTACADA 1,1107
[DIVADM].[NAM_SUBCIR].&[ESTACADA 2],ESTACADA 2,23186
[DIVADM].[NAM_SUBCIR].&[ESTADIO 1],ESTADIO 1,21236
[DIVADM].[NAM_SUBCIR].&[ESTADIO 2],ESTADIO 2,39901
[DIVADM].[NAM_SUBCIR].&[ESTEBAN GODOY 1],ESTEBAN GODOY 1,17692
[DIVADM].[NAM_SUBCIR].&[ESTEBAN GODOY 2],ESTEBAN GODOY 2,14360
[DIVADM].[NAM_SUBCIR].&[ESTEROS 1],ESTEROS 1,15277
[DIVADM].[NAM_SUBCIR].&[ESTEROS 2],ESTEROS 2,42492
[DIVADM].[NAM_SUBCIR].&[ESTEROS 3],ESTEROS 3,23949
[DIVADM].[NAM_SUBCIR].&[ESTEROS 4],ESTEROS 4,26560
[DIVADM].[NAM_SUBCIR].&[FACUNDO VELA 1],FACUNDO VELA 1,1525
[DIVADM].[NAM_SUBCIR].&[FAJARDO 1],FAJARDO 1,31853
[DIVADM].[NAM_SUBCIR].&[FAJARDO 2],FAJARDO 2,17825
[DIVADM].[NAM_SUBCIR].&[FATIMA 1],FATIMA 1,3034
[DIVADM].[NAM_SUBCIR].&[FERNANDINA 1],FERNANDINA 1,300
[DIVADM].[NAM_SUBCIR].&[FERROVIARIA 1],FERROVIARIA 1,27783
[DIVADM].[NAM_SUBCIR].&[FERROVIARIA 2],FERROVIARIA 2,6882
[DIVADM].[NAM_SUBCIR].&[FERROVIARIA 3],FERROVIARIA 3,27423
[DIVADM].[NAM_SUBCIR].&[FERROVIARIA 4],FERROVIARIA 4,6806
[DIVADM].[NAM_SUBCIR].&[FERROVIARIA 5],FERROVIARIA 5,12814
[DIVADM].[NAM_SUBCIR].&[FERROVIARIA 6],FERROVIARIA 6,14108
[DIVADM].[NAM_SUBCIR].&[FLAVIO ALFARO 1],FLAVIO ALFARO 1,5780
[DIVADM].[NAM_SUBCIR].&[FLOR DE BASTION 1],FLOR DE BASTION 1,6629
[DIVADM].[NAM_SUBCIR].&[FLOR DE BASTION 2],FLOR DE BASTION 2,1413
[DIVADM].[NAM_SUBCIR].&[FLOR DE BASTION 3],FLOR DE BASTION 3,6502
[DIVADM].[NAM_SUBCIR].&[FLOR DE BASTION 4],FLOR DE BASTION 4,860
[DIVADM].[NAM_SUBCIR].&[FLOR DE BASTION 5],FLOR DE BASTION 5,566
[DIVADM].[NAM_SUBCIR].&[FLOR DE BASTION 6],FLOR DE BASTION 6,3018
[DIVADM].[NAM_SUBCIR].&[FLOR DE BASTION 7],FLOR DE BASTION 7,8389
[DIVADM].[NAM_SUBCIR].&[FLOR DE BASTION 8],FLOR DE BASTION 8,13104
[DIVADM].[NAM_SUBCIR].&[FLOR DE BASTION 9],FLOR DE BASTION 9,3911
[DIVADM].[NAM_SUBCIR].&[FLORESTA 1],FLORESTA 1,11935
[DIVADM].[NAM_SUBCIR].&[FLORESTA 2],FLORESTA 2,37257
[DIVADM].[NAM_SUBCIR].&[FLORESTA 3],FLORESTA 3,17739
[DIVADM].[NAM_SUBCIR].&[FLORIDA 1],FLORIDA 1,21436
[DIVADM].[NAM_SUBCIR].&[FLORIDA 2],FLORIDA 2,37199
[DIVADM].[NAM_SUBCIR].&[FLORIDA 3],FLORIDA 3,14608
[DIVADM].[NAM_SUBCIR].&[FORTIN 1],FORTIN 1,15256
[DIVADM].[NAM_SUBCIR].&[FORTIN 2],FORTIN 2,22511
[DIVADM].[NAM_SUBCIR].&[FORTIN 3],FORTIN 3,8723
[DIVADM].[NAM_SUBCIR].&[FORTIN 4],FORTIN 4,11098
[DIVADM].[NAM_SUBCIR].&[FRONTERA 1],FRONTERA 1,621
[DIVADM].[NAM_SUBCIR].&[FRONTERA 2],FRONTERA 2,289
[DIVADM].[NAM_SUBCIR].&[FRONTERA 3],FRONTERA 3,31960
[DIVADM].[NAM_SUBCIR].&[FUMISA 1],FUMISA 1,6907
[DIVADM].[NAM_SUBCIR].&[GALERAS 1],GALERAS 1,1683
[DIVADM].[NAM_SUBCIR].&[GALERAS 2],GALERAS 2,578
[DIVADM].[NAM_SUBCIR].&[GALO PLAZA 1],GALO PLAZA 1,36225
[DIVADM].[NAM_SUBCIR].&[GALO PLAZA 2],GALO PLAZA 2,11448
[DIVADM].[NAM_SUBCIR].&[GALO PLAZA 3],GALO PLAZA 3,26315
[DIVADM].[NAM_SUBCIR].&[GARAY 1],GARAY 1,47150
[DIVADM].[NAM_SUBCIR].&[GARAY 2],GARAY 2,35330
[DIVADM].[NAM_SUBCIR].&[GARAY 3],GARAY 3,38594
[DIVADM].[NAM_SUBCIR].&[GARAY 4],GARAY 4,32094
[DIVADM].[NAM_SUBCIR].&[GARCIA MORENO 1],GARCIA MORENO 1,7012
[DIVADM].[NAM_SUBCIR].&[GARCIA MORENO 2],GARCIA MORENO 2,617
[DIVADM].[NAM_SUBCIR].&[GARZAREAL 1],GARZAREAL 1,665
[DIVADM].[NAM_SUBCIR].&[GENERAL FARFAN 1],GENERAL FARFAN 1,7760
[DIVADM].[NAM_SUBCIR].&[GENERAL PROANO 1],GENERAL PROANO 1,6275
[DIVADM].[NAM_SUBCIR].&[GENERAL VILLAMIL 1],GENERAL VILLAMIL 1,2853
[DIVADM].[NAM_SUBCIR].&[GENERAL VILLAMIL 2],GENERAL VILLAMIL 2,22639
[DIVADM].[NAM_SUBCIR].&[GIL RAMIREZ DAVALOS 1],GIL RAMIREZ DAVALOS 1,36332
[DIVADM].[NAM_SUBCIR].&[GIRON 1],GIRON 1,11364
[DIVADM].[NAM_SUBCIR].&[GIRON 2],GIRON 2,2259
[DIVADM].[NAM_SUBCIR].&[GONZALEZ 1],GONZALEZ 1,6440
[DIVADM].[NAM_SUBCIR].&[GONZANAMA 1],GONZANAMA 1,3256
[DIVADM].[NAM_SUBCIR].&[GRAL SERRANO 1],GRAL SERRANO 1,25511
[DIVADM].[NAM_SUBCIR].&[GUABILLO 1],GUABILLO 1,4743
[DIVADM].[NAM_SUBCIR].&[GUACHANAMA 1],GUACHANAMA 1,661
[DIVADM].[NAM_SUBCIR].&[GUACHAPALA 1],GUACHAPALA 1,1903
[DIVADM].[NAM_SUBCIR].&[GUACHARACA 1],GUACHARACA 1,3313
[DIVADM].[NAM_SUBCIR].&[GUACHARACA 2],GUACHARACA 2,4544
[DIVADM].[NAM_SUBCIR].&[GUADALUPE 1],GUADALUPE 1,1934
[DIVADM].[NAM_SUBCIR].&[GUALACEO 1],GUALACEO 1,25908
[DIVADM].[NAM_SUBCIR].&[GUALACEO 2],GUALACEO 2,8038
[DIVADM].[NAM_SUBCIR].&[GUALACEO SUR 1],GUALACEO SUR 1,1255
[DIVADM].[NAM_SUBCIR].&[GUALAQUIZA 1],GUALAQUIZA 1,8654
[DIVADM].[NAM_SUBCIR].&[GUALAQUIZA 2],GUALAQUIZA 2,9730
[DIVADM].[NAM_SUBCIR].&[GUALE 1],GUALE 1,1227
[DIVADM].[NAM_SUBCIR].&[GUALEA 1],GUALEA 1,1190
[DIVADM].[NAM_SUBCIR].&[GUALLETURO 1],GUALLETURO 1,2220
[DIVADM].[NAM_SUBCIR].&[GUAMANI 1],GUAMANI 1,47527
[DIVADM].[NAM_SUBCIR].&[GUAMANI 2],GUAMANI 2,27824
[DIVADM].[NAM_SUBCIR].&[GUAMANI 3],GUAMANI 3,29932
[DIVADM].[NAM_SUBCIR].&[GUAMANI 4],GUAMANI 4,20310
[DIVADM].[NAM_SUBCIR].&[GUAMANI 5],GUAMANI 5,4576
[DIVADM].[NAM_SUBCIR].&[GUAMOTE 1],GUAMOTE 1,8824
[DIVADM].[NAM_SUBCIR].&[GUANAZAN 1],GUANAZAN 1,476
[DIVADM].[NAM_SUBCIR].&[GUANGAJE 1],GUANGAJE 1,1091
[DIVADM].[NAM_SUBCIR].&[GUANGOPOLO 1],GUANGOPOLO 1,6877
[DIVADM].[NAM_SUBCIR].&[GUANO 1],GUANO 1,24778
[DIVADM].[NAM_SUBCIR].&[GUANO 2],GUANO 2,407
[DIVADM].[NAM_SUBCIR].&[GUANUJO 1],GUANUJO 1,11717
[DIVADM].[NAM_SUBCIR].&[GUAPAN 1],GUAPAN 1,4818
[DIVADM].[NAM_SUBCIR].&[GUARANDA SUR 1],GUARANDA SUR 1,25205
[DIVADM].[NAM_SUBCIR].&[GUARE DE BABA 1],GUARE DE BABA 1,316
[DIVADM].[NAM_SUBCIR].&[GUARE DE BABA 2],GUARE DE BABA 2,2658
[DIVADM].[NAM_SUBCIR].&[GUASAGANDA 1],GUASAGANDA 1,2885
[DIVADM].[NAM_SUBCIR].&[GUASMO 1],GUASMO 1,32726
[DIVADM].[NAM_SUBCIR].&[GUASMO 2],GUASMO 2,32634
[DIVADM].[NAM_SUBCIR].&[GUASMO 3],GUASMO 3,25857
[DIVADM].[NAM_SUBCIR].&[GUASMO 4],GUASMO 4,14426
[DIVADM].[NAM_SUBCIR].&[GUASUNTOS 1],GUASUNTOS 1,881
[DIVADM].[NAM_SUBCIR].&[GUAYABILLAS 1],GUAYABILLAS 1,14291
[DIVADM].[NAM_SUBCIR].&[GUAYABILLAS 2],GUAYABILLAS 2,12163
[DIVADM].[NAM_SUBCIR].&[GUAYACAN 1],GUAYACAN 1,6374
[DIVADM].[NAM_SUBCIR].&[GUAYACANES 1],GUAYACANES 1,4269
[DIVADM].[NAM_SUBCIR].&[GUAYACANES 2],GUAYACANES 2,10976
[DIVADM].[NAM_SUBCIR].&[GUAYACANES 3],GUAYACANES 3,9878
[DIVADM].[NAM_SUBCIR].&[GUAYACANES 4],GUAYACANES 4,7060
[DIVADM].[NAM_SUBCIR].&[GUAYACANES 5],GUAYACANES 5,10857
[DIVADM].[NAM_SUBCIR].&[GUAYACANES 6],GUAYACANES 6,18741
[DIVADM].[NAM_SUBCIR].&[GUAYLLABAMBA 1],GUAYLLABAMBA 1,25725
[DIVADM].[NAM_SUBCIR].&[GUAYLLABAMBA 2],GUAYLLABAMBA 2,763
[DIVADM].[NAM_SUBCIR].&[GUAYQUICHUMA 1],GUAYQUICHUMA 1,710
[DIVADM].[NAM_SUBCIR].&[GUAYTACAMA 1],GUAYTACAMA 1,2943
[DIVADM].[NAM_SUBCIR].&[GUAYTACAMA 2],GUAYTACAMA 2,11624
[DIVADM].[NAM_SUBCIR].&[GUAYZIMI 1],GUAYZIMI 1,3686
[DIVADM].[NAM_SUBCIR].&[GUIZHAGUIÑA 1],GUIZHAGUIÑA 1,1407
[DIVADM].[NAM_SUBCIR].&[HERMANO MIGUEL 1],HERMANO MIGUEL 1,34037
[DIVADM].[NAM_SUBCIR].&[HERMANO MIGUEL 2],HERMANO MIGUEL 2,5934
[DIVADM].[NAM_SUBCIR].&[HONORATO VASQUEZ 1],HONORATO VASQUEZ 1,993
[DIVADM].[NAM_SUBCIR].&[HUACHI EL BELEN 1],HUACHI EL BELEN 1,18429
[DIVADM].[NAM_SUBCIR].&[HUACHI EL BELEN 2],HUACHI EL BELEN 2,24532
[DIVADM].[NAM_SUBCIR].&[HUACHI GRANDE 1],HUACHI GRANDE 1,29484
[DIVADM].[NAM_SUBCIR].&[HUALTACO 1],HUALTACO 1,10743
[DIVADM].[NAM_SUBCIR].&[HUALTACO 2],HUALTACO 2,19983
[DIVADM].[NAM_SUBCIR].&[HUALTACO 3],HUALTACO 3,10290
[DIVADM].[NAM_SUBCIR].&[HUAMBI 1],HUAMBI 1,2793
[DIVADM].[NAM_SUBCIR].&[HUAMBOYA 1],HUAMBOYA 1,15850
[DIVADM].[NAM_SUBCIR].&[HUAYNA CAPAC 1],HUAYNA CAPAC 1,66156
[DIVADM].[NAM_SUBCIR].&[HUIGRA 1],HUIGRA 1,3846
[DIVADM].[NAM_SUBCIR].&[ILINIZAS 1],ILINIZAS 1,22121
[DIVADM].[NAM_SUBCIR].&[ILINIZAS 2],ILINIZAS 2,1794
[DIVADM].[NAM_SUBCIR].&[IMANTAG 1],IMANTAG 1,2597
[DIVADM].[NAM_SUBCIR].&[IMBANA 1],IMBANA 1,184
[DIVADM].[NAM_SUBCIR].&[INDANZA 1],INDANZA 1,901
[DIVADM].[NAM_SUBCIR].&[INES ARANGO 1],INES ARANGO 1,363
[DIVADM].[NAM_SUBCIR].&[INGAPIRCA 1],INGAPIRCA 1,4220
[DIVADM].[NAM_SUBCIR].&[INGAURCO 1],INGAURCO 1,29017
[DIVADM].[NAM_SUBCIR].&[INTAG 1],INTAG 1,705
[DIVADM].[NAM_SUBCIR].&[IÑAQUITO 1],IÑAQUITO 1,24113
[DIVADM].[NAM_SUBCIR].&[IÑAQUITO 2],IÑAQUITO 2,51024
[DIVADM].[NAM_SUBCIR].&[IÑAQUITO 3],IÑAQUITO 3,60611
[DIVADM].[NAM_SUBCIR].&[IÑAQUITO 4],IÑAQUITO 4,36655
[DIVADM].[NAM_SUBCIR].&[IÑAQUITO 5],IÑAQUITO 5,47197
[DIVADM].[NAM_SUBCIR].&[IÑAQUITO 6],IÑAQUITO 6,15173
[DIVADM].[NAM_SUBCIR].&[ISABELA 1],ISABELA 1,7311
[DIVADM].[NAM_SUBCIR].&[ISIDRO AYORA 1],ISIDRO AYORA 1,34834
[DIVADM].[NAM_SUBCIR].&[ISINLIVI 1],ISINLIVI 1,498
[DIVADM].[NAM_SUBCIR].&[ISLA DE BEJUCAL 1],ISLA DE BEJUCAL 1,6228
[DIVADM].[NAM_SUBCIR].&[ITCHIMBIA 1],ITCHIMBIA 1,21446
[DIVADM].[NAM_SUBCIR].&[ITCHIMBIA 2],ITCHIMBIA 2,19148
[DIVADM].[NAM_SUBCIR].&[ITCHIMBIA 3],ITCHIMBIA 3,43060
[DIVADM].[NAM_SUBCIR].&[ITCHIMBIA 4],ITCHIMBIA 4,68262
[DIVADM].[NAM_SUBCIR].&[IV CENTENARIO 1],IV CENTENARIO 1,31913
[DIVADM].[NAM_SUBCIR].&[IZAMBA 1],IZAMBA 1,28007
[DIVADM].[NAM_SUBCIR].&[JADAN 1],JADAN 1,1411
[DIVADM].[NAM_SUBCIR].&[JAIME ROLDOS 1],JAIME ROLDOS 1,8738
[DIVADM].[NAM_SUBCIR].&[JAMA 1],JAMA 1,5581
[DIVADM].[NAM_SUBCIR].&[JAMBELI 1],JAMBELI 1,1518
[DIVADM].[NAM_SUBCIR].&[JAMBELI CENTRO 1],JAMBELI CENTRO 1,9058
[DIVADM].[NAM_SUBCIR].&[JAMBELI CENTRO 2],JAMBELI CENTRO 2,12529
[DIVADM].[NAM_SUBCIR].&[JARAMIJO 1],JARAMIJO 1,13832
[DIVADM].[NAM_SUBCIR].&[JARAMIJO 2],JARAMIJO 2,7401
[DIVADM].[NAM_SUBCIR].&[JARDIN AMBATEÐO 1],JARDIN AMBATEÐO 1,26882
[DIVADM].[NAM_SUBCIR].&[JAUNECHE 1],JAUNECHE 1,1276
[DIVADM].[NAM_SUBCIR].&[JERUSALEN 1],JERUSALEN 1,475
[DIVADM].[NAM_SUBCIR].&[JIMA 1],JIMA 1,1057
[DIVADM].[NAM_SUBCIR].&[JIMBILLA 1],JIMBILLA 1,326
[DIVADM].[NAM_SUBCIR].&[JIMBURA 1],JIMBURA 1,1406
[DIVADM].[NAM_SUBCIR].&[JIPIJAPA 1],JIPIJAPA 1,47628
[DIVADM].[NAM_SUBCIR].&[JIPIJAPA 2],JIPIJAPA 2,38577
[DIVADM].[NAM_SUBCIR].&[JIPIJAPA 3],JIPIJAPA 3,7471
[DIVADM].[NAM_SUBCIR].&[JIPIJAPA 4],JIPIJAPA 4,7030
[DIVADM].[NAM_SUBCIR].&[JOSEGUANGO 1],JOSEGUANGO 1,6237
[DIVADM].[NAM_SUBCIR].&[JOYAGSHI 1],JOYAGSHI 1,1772
[DIVADM].[NAM_SUBCIR].&[JUAN BAUTISTA AGUIRRE 1],JUAN BAUTISTA AGUIRRE 1,19469
[DIVADM].[NAM_SUBCIR].&[JUAN BAUTISTA AGUIRRE 2],JUAN BAUTISTA AGUIRRE 2,72792
[DIVADM].[NAM_SUBCIR].&[JUAN EULOGIO 1],JUAN EULOGIO 1,8565
[DIVADM].[NAM_SUBCIR].&[JUAN EULOGIO 2],JUAN EULOGIO 2,15069
[DIVADM].[NAM_SUBCIR].&[JUAN EULOGIO 3],JUAN EULOGIO 3,29744
[DIVADM].[NAM_SUBCIR].&[JUAN MONTALVO 1],JUAN MONTALVO 1,11960
[DIVADM].[NAM_SUBCIR].&[JUAN MONTALVO 2],JUAN MONTALVO 2,4834
[DIVADM].[NAM_SUBCIR].&[JUAN MONTALVO 3],JUAN MONTALVO 3,6226
[DIVADM].[NAM_SUBCIR].&[JUAN MONTALVO 4],JUAN MONTALVO 4,6300
[DIVADM].[NAM_SUBCIR].&[JUAN MONTALVO 5],JUAN MONTALVO 5,16346
[DIVADM].[NAM_SUBCIR].&[JUAN MONTALVO 6],JUAN MONTALVO 6,15953
[DIVADM].[NAM_SUBCIR].&[JUJAN ESTE 1],JUJAN ESTE 1,5075
[DIVADM].[NAM_SUBCIR].&[JUJAN OESTE 1],JUJAN OESTE 1,7529
[DIVADM].[NAM_SUBCIR].&[JUJAN OESTE 2],JUJAN OESTE 2,14427
[DIVADM].[NAM_SUBCIR].&[JULCUY 1],JULCUY 1,2344
[DIVADM].[NAM_SUBCIR].&[JULIO ANDRADE 1],JULIO ANDRADE 1,14428
[DIVADM].[NAM_SUBCIR].&[JULIO ANDRADE 2],JULIO ANDRADE 2,3227
[DIVADM].[NAM_SUBCIR].&[JULIO MORENO 1],JULIO MORENO 1,8491
[DIVADM].[NAM_SUBCIR].&[JUNCO 1],JUNCO 1,10241
[DIVADM].[NAM_SUBCIR].&[JUNIN NORTE 1],JUNIN NORTE 1,4506
[DIVADM].[NAM_SUBCIR].&[JUNIN SUR 1],JUNIN SUR 1,3992
[DIVADM].[NAM_SUBCIR].&[JUNQUILLAL 1],JUNQUILLAL 1,2838
[DIVADM].[NAM_SUBCIR].&[KENNEDY 1],KENNEDY 1,71620
[DIVADM].[NAM_SUBCIR].&[KENNEDY 2],KENNEDY 2,39664
[DIVADM].[NAM_SUBCIR].&[KENNEDY 3],KENNEDY 3,42663
[DIVADM].[NAM_SUBCIR].&[KENNEDY 4],KENNEDY 4,24622
[DIVADM].[NAM_SUBCIR].&[KENNEDY 5],KENNEDY 5,25508
[DIVADM].[NAM_SUBCIR].&[KM 24 1],KM 24 1,8582
[DIVADM].[NAM_SUBCIR].&[LA AMERICA 1],LA AMERICA 1,651
[DIVADM].[NAM_SUBCIR].&[LA ARGELIA 1],LA ARGELIA 1,19134
[DIVADM].[NAM_SUBCIR].&[LA BALSA 1],LA BALSA 1,323
[DIVADM].[NAM_SUBCIR].&[LA BANDA 1],LA BANDA 1,8669
[DIVADM].[NAM_SUBCIR].&[LA BANDA 2],LA BANDA 2,17083
[DIVADM].[NAM_SUBCIR].&[LA BELLEZA 1],LA BELLEZA 1,1854
[DIVADM].[NAM_SUBCIR].&[LA BONITA 1],LA BONITA 1,881
[DIVADM].[NAM_SUBCIR].&[LA BONITA 2],LA BONITA 2,111
[DIVADM].[NAM_SUBCIR].&[LA BOTA 1],LA BOTA 1,25256
[DIVADM].[NAM_SUBCIR].&[LA BOTA 2],LA BOTA 2,15683
[DIVADM].[NAM_SUBCIR].&[LA BRAMADORA 1],LA BRAMADORA 1,2635
[DIVADM].[NAM_SUBCIR].&[LA CALERA 1],LA CALERA 1,11301
[DIVADM].[NAM_SUBCIR].&[LA CAROLINA 1],LA CAROLINA 1,2953
[DIVADM].[NAM_SUBCIR].&[LA CASCADA 1],LA CASCADA 1,7879
[DIVADM].[NAM_SUBCIR].&[LA CASCADA 2],LA CASCADA 2,2708
[DIVADM].[NAM_SUBCIR].&[LA CHACRA 1],LA CHACRA 1,10206
[DIVADM].[NAM_SUBCIR].&[LA COCHA 1],LA COCHA 1,13413
[DIVADM].[NAM_SUBCIR].&[LA CONCEPCION 1],LA CONCEPCION 1,1991
[DIVADM].[NAM_SUBCIR].&[LA CONCEPCION 2],LA CONCEPCION 2,529
[DIVADM].[NAM_SUBCIR].&[LA CONDAMINE 1],LA CONDAMINE 1,15622
[DIVADM].[NAM_SUBCIR].&[LA CONDAMINE 2],LA CONDAMINE 2,49123
[DIVADM].[NAM_SUBCIR].&[LA CUATRO MIL 1],LA CUATRO MIL 1,17187
[DIVADM].[NAM_SUBCIR].&[LA CUATRO MIL 2],LA CUATRO MIL 2,6705
[DIVADM].[NAM_SUBCIR].&[LA ERCILIA 1],LA ERCILIA 1,5322
[DIVADM].[NAM_SUBCIR].&[LA ESMERALDA 1],LA ESMERALDA 1,6471
[DIVADM].[NAM_SUBCIR].&[LA ESMERALDA 2],LA ESMERALDA 2,2749
[DIVADM].[NAM_SUBCIR].&[LA ESPERANZA 1],LA ESPERANZA 1,12794
[DIVADM].[NAM_SUBCIR].&[LA ESTACION 1],LA ESTACION 1,20350
[DIVADM].[NAM_SUBCIR].&[LA ESTACION 2],LA ESTACION 2,33721
[DIVADM].[NAM_SUBCIR].&[LA FABRIL 1],LA FABRIL 1,3529
[DIVADM].[NAM_SUBCIR].&[LA FABRIL 2],LA FABRIL 2,8231
[DIVADM].[NAM_SUBCIR].&[LA FERROVIARIA 1],LA FERROVIARIA 1,45036
[DIVADM].[NAM_SUBCIR].&[LA FLORIDA 1],LA FLORIDA 1,24333
[DIVADM].[NAM_SUBCIR].&[LA FLORIDA 2],LA FLORIDA 2,39031
[DIVADM].[NAM_SUBCIR].&[LA GUAYAQUIL 1],LA GUAYAQUIL 1,5202
[DIVADM].[NAM_SUBCIR].&[LA HERRADURA 1],LA HERRADURA 1,14236
[DIVADM].[NAM_SUBCIR].&[LA IBERIA 1],LA IBERIA 1,5601
[DIVADM].[NAM_SUBCIR].&[LA INDEPENDENCIA 1],LA INDEPENDENCIA 1,5453
[DIVADM].[NAM_SUBCIR].&[LA LIBERTAD 1],LA LIBERTAD 1,35149
[DIVADM].[NAM_SUBCIR].&[LA LIBERTAD 2],LA LIBERTAD 2,4724
[DIVADM].[NAM_SUBCIR].&[LA LIBERTAD 3],LA LIBERTAD 3,29481
[DIVADM].[NAM_SUBCIR].&[LA LORENA 1],LA LORENA 1,16183
[DIVADM].[NAM_SUBCIR].&[LA MANA NORTE 1],LA MANA NORTE 1,8827
[DIVADM].[NAM_SUBCIR].&[LA MANA NORTE 2],LA MANA NORTE 2,13956
[DIVADM].[NAM_SUBCIR].&[LA MANA SUR 1],LA MANA SUR 1,22970
[DIVADM].[NAM_SUBCIR].&[LA MANA SUR 2],LA MANA SUR 2,5243
[DIVADM].[NAM_SUBCIR].&[LA MARISCAL 1],LA MARISCAL 1,26928
[DIVADM].[NAM_SUBCIR].&[LA MARISCAL 2],LA MARISCAL 2,22685
[DIVADM].[NAM_SUBCIR].&[LA MARISCAL 3],LA MARISCAL 3,22448
[DIVADM].[NAM_SUBCIR].&[LA MARISCAL 4],LA MARISCAL 4,21661
[DIVADM].[NAM_SUBCIR].&[LA MARISCAL 5],LA MARISCAL 5,22262
[DIVADM].[NAM_SUBCIR].&[LA MARISCAL 6],LA MARISCAL 6,11466
[DIVADM].[NAM_SUBCIR].&[LA MARISCAL 7],LA MARISCAL 7,17537
[DIVADM].[NAM_SUBCIR].&[LA MATRIZ  1],LA MATRIZ  1,77615
[DIVADM].[NAM_SUBCIR].&[LA MATRIZ  2],LA MATRIZ  2,54019
[DIVADM].[NAM_SUBCIR].&[LA MERCED 1],LA MERCED 1,26547
[DIVADM].[NAM_SUBCIR].&[LA MERCED 2],LA MERCED 2,3016
[DIVADM].[NAM_SUBCIR].&[LA MONTAÑA 1],LA MONTAÑA 1,4957
[DIVADM].[NAM_SUBCIR].&[LA NUEVA UNION 1],LA NUEVA UNION 1,9280
[DIVADM].[NAM_SUBCIR].&[LA PAMPA 1],LA PAMPA 1,5173
[DIVADM].[NAM_SUBCIR].&[LA PAZ 1],LA PAZ 1,14245
[DIVADM].[NAM_SUBCIR].&[LA PAZ 2],LA PAZ 2,23276
[DIVADM].[NAM_SUBCIR].&[LA PILA 1],LA PILA 1,1669
[DIVADM].[NAM_SUBCIR].&[LA PRADERA 1],LA PRADERA 1,11530
[DIVADM].[NAM_SUBCIR].&[LA PRADERA 2],LA PRADERA 2,7550
[DIVADM].[NAM_SUBCIR].&[LA PRADERA 3],LA PRADERA 3,6765
[DIVADM].[NAM_SUBCIR].&[LA PRIMAVERA 1],LA PRIMAVERA 1,30932
[DIVADM].[NAM_SUBCIR].&[LA PROVIDENCIA 1],LA PROVIDENCIA 1,15544
[DIVADM].[NAM_SUBCIR].&[LA RAMA 1],LA RAMA 1,462
[DIVADM].[NAM_SUBCIR].&[LA RESERVA 1],LA RESERVA 1,2830
[DIVADM].[NAM_SUBCIR].&[LA ROLDOS 1],LA ROLDOS 1,1614
[DIVADM].[NAM_SUBCIR].&[LA ROLDOS 2],LA ROLDOS 2,30218
[DIVADM].[NAM_SUBCIR].&[LA ROLDOS 3],LA ROLDOS 3,15477
[DIVADM].[NAM_SUBCIR].&[LA ROLDOS 4],LA ROLDOS 4,3016
[DIVADM].[NAM_SUBCIR].&[LA SEQUITA 1],LA SEQUITA 1,5244
[DIVADM].[NAM_SUBCIR].&[LA SEXTA 1],LA SEXTA 1,1745
[DIVADM].[NAM_SUBCIR].&[LA T 1],LA T 1,4573
[DIVADM].[NAM_SUBCIR].&[LA TINGUE 1],LA TINGUE 1,220
[DIVADM].[NAM_SUBCIR].&[LA TOLITA 1],LA TOLITA 1,8254
[DIVADM].[NAM_SUBCIR].&[LA TOLITA 2],LA TOLITA 2,7739
[DIVADM].[NAM_SUBCIR].&[LA UNION 1],LA UNION 1,48874
[DIVADM].[NAM_SUBCIR].&[LA UNION 2],LA UNION 2,357
[DIVADM].[NAM_SUBCIR].&[LA UNION DE ATACAMES 1],LA UNION DE ATACAMES 1,1044
[DIVADM].[NAM_SUBCIR].&[LA VALDRAMINA 1],LA VALDRAMINA 1,15440
[DIVADM].[NAM_SUBCIR].&[LA VICTORIA 1],LA VICTORIA 1,21756
[DIVADM].[NAM_SUBCIR].&[LA VICTORIA 2],LA VICTORIA 2,4518
[DIVADM].[NAM_SUBCIR].&[LA YOLITA 1],LA YOLITA 1,39816
[DIVADM].[NAM_SUBCIR].&[LADERAS DE SAN FRANCISCO 1],LADERAS DE SAN FRANCISCO 1,317
[DIVADM].[NAM_SUBCIR].&[LAS CASAS 1],LAS CASAS 1,29278
[DIVADM].[NAM_SUBCIR].&[LAS CASAS 2],LAS CASAS 2,40286
[DIVADM].[NAM_SUBCIR].&[LAS CORONAS 1],LAS CORONAS 1,3071
[DIVADM].[NAM_SUBCIR].&[LAS CUADRAS 1],LAS CUADRAS 1,26832
[DIVADM].[NAM_SUBCIR].&[LAS CUADRAS 2],LAS CUADRAS 2,58828
[DIVADM].[NAM_SUBCIR].&[LAS CUADRAS 3],LAS CUADRAS 3,34904
[DIVADM].[NAM_SUBCIR].&[LAS GOLONDRINAS 1],LAS GOLONDRINAS 1,2533
[DIVADM].[NAM_SUBCIR].&[LAS KATYAS 1],LAS KATYAS 1,10131
[DIVADM].[NAM_SUBCIR].&[LAS KATYAS 2],LAS KATYAS 2,11723
[DIVADM].[NAM_SUBCIR].&[LAS KATYAS 3],LAS KATYAS 3,11122
[DIVADM].[NAM_SUBCIR].&[LAS LOJAS 1],LAS LOJAS 1,11412
[DIVADM].[NAM_SUBCIR].&[LAS LOMAS 1],LAS LOMAS 1,32553
[DIVADM].[NAM_SUBCIR].&[LAS MERCEDES 1],LAS MERCEDES 1,2360
[DIVADM].[NAM_SUBCIR].&[LAS NAVES 1],LAS NAVES 1,12413
[DIVADM].[NAM_SUBCIR].&[LAS NIEVES 1],LAS NIEVES 1,1411
[DIVADM].[NAM_SUBCIR].&[LAS PALMAS 1],LAS PALMAS 1,10127
[DIVADM].[NAM_SUBCIR].&[LAS PALMERAS 1],LAS PALMERAS 1,53028
[DIVADM].[NAM_SUBCIR].&[LAS PALMERAS 2],LAS PALMERAS 2,10178
[DIVADM].[NAM_SUBCIR].&[LAS PAMPAS 1],LAS PAMPAS 1,713
[DIVADM].[NAM_SUBCIR].&[LAS PILAS 1],LAS PILAS 1,4984
[DIVADM].[NAM_SUBCIR].&[LAS PIÑAS 1],LAS PIÑAS 1,11872
[DIVADM].[NAM_SUBCIR].&[LAS PIÑAS 2],LAS PIÑAS 2,18694
[DIVADM].[NAM_SUBCIR].&[LAS PRADERAS 1],LAS PRADERAS 1,35591
[DIVADM].[NAM_SUBCIR].&[LAS RIELES 1],LAS RIELES 1,16683
[DIVADM].[NAM_SUBCIR].&[LAS RIELES 2],LAS RIELES 2,27826
[DIVADM].[NAM_SUBCIR].&[LAS TERMAS 1],LAS TERMAS 1,3246
[DIVADM].[NAM_SUBCIR].&[LAS TERMAS 2],LAS TERMAS 2,11465
[DIVADM].[NAM_SUBCIR].&[LAS TOLAS 1],LAS TOLAS 1,1451
[DIVADM].[NAM_SUBCIR].&[LAS TOTORAS 1],LAS TOTORAS 1,15567
[DIVADM].[NAM_SUBCIR].&[LAS TOTORAS 2],LAS TOTORAS 2,6806
[DIVADM].[NAM_SUBCIR].&[LASCANO 1],LASCANO 1,579
[DIVADM].[NAM_SUBCIR].&[LASSO 1],LASSO 1,11752
[DIVADM].[NAM_SUBCIR].&[LASSO 2],LASSO 2,4299
[DIVADM].[NAM_SUBCIR].&[LAURO GUERRERO 1],LAURO GUERRERO 1,1156
[DIVADM].[NAM_SUBCIR].&[LELIA 1],LELIA 1,5407
[DIVADM].[NAM_SUBCIR].&[LEONIDAS PROAÐO 1],LEONIDAS PROAÐO 1,5582
[DIVADM].[NAM_SUBCIR].&[LETAMENDI 1],LETAMENDI 1,34053
[DIVADM].[NAM_SUBCIR].&[LETAMENDI 2],LETAMENDI 2,28008
[DIVADM].[NAM_SUBCIR].&[LIBERTAD CENTRO 1],LIBERTAD CENTRO 1,9012
[DIVADM].[NAM_SUBCIR].&[LIBERTAD CENTRO 2],LIBERTAD CENTRO 2,14994
[DIVADM].[NAM_SUBCIR].&[LIBERTAD CENTRO 3],LIBERTAD CENTRO 3,11471
[DIVADM].[NAM_SUBCIR].&[LIBERTAD CENTRO 4],LIBERTAD CENTRO 4,8347
[DIVADM].[NAM_SUBCIR].&[LICTO 1],LICTO 1,2817
[DIVADM].[NAM_SUBCIR].&[LICTO 2],LICTO 2,1391
[DIVADM].[NAM_SUBCIR].&[LIGA CANTONAL 1],LIGA CANTONAL 1,23943
[DIVADM].[NAM_SUBCIR].&[LIGA CANTONAL 2],LIGA CANTONAL 2,15107
[DIVADM].[NAM_SUBCIR].&[LIMON 1],LIMON 1,8095
[DIVADM].[NAM_SUBCIR].&[LIMONAL 1],LIMONAL 1,6811
[DIVADM].[NAM_SUBCIR].&[LIMONAL 2],LIMONAL 2,7648
[DIVADM].[NAM_SUBCIR].&[LIMONCOCHA 1],LIMONCOCHA 1,6244
[DIVADM].[NAM_SUBCIR].&[LIMONES 1],LIMONES 1,2385
[DIVADM].[NAM_SUBCIR].&[LIMONES 2],LIMONES 2,2116
[DIVADM].[NAM_SUBCIR].&[LIMONES 3],LIMONES 3,3381
[DIVADM].[NAM_SUBCIR].&[LIMONES 4],LIMONES 4,45
[DIVADM].[NAM_SUBCIR].&[LINARES 1],LINARES 1,332
[DIVADM].[NAM_SUBCIR].&[LIRIO 1],LIRIO 1,828
[DIVADM].[NAM_SUBCIR].&[LITA 1],LITA 1,4252
[DIVADM].[NAM_SUBCIR].&[LLANO CHICO 1],LLANO CHICO 1,22218
[DIVADM].[NAM_SUBCIR].&[LLOA 1],LLOA 1,6010
[DIVADM].[NAM_SUBCIR].&[LODANA 1],LODANA 1,2658
[DIVADM].[NAM_SUBCIR].&[LOGRONO 1],LOGRONO 1,5798
[DIVADM].[NAM_SUBCIR].&[LOMAS DE SARGENTILLO 1],LOMAS DE SARGENTILLO 1,17302
[DIVADM].[NAM_SUBCIR].&[LOMAS DE SARGENTILLO 2],LOMAS DE SARGENTILLO 2,973
[DIVADM].[NAM_SUBCIR].&[LORENZO DE GARAICOA 1],LORENZO DE GARAICOA 1,4804
[DIVADM].[NAM_SUBCIR].&[LORETO 1],LORETO 1,14186
[DIVADM].[NAM_SUBCIR].&[LORETO 2],LORETO 2,880
[DIVADM].[NAM_SUBCIR].&[LOS BAJOS 1],LOS BAJOS 1,8172
[DIVADM].[NAM_SUBCIR].&[LOS BANCOS 1],LOS BANCOS 1,5957
[DIVADM].[NAM_SUBCIR].&[LOS BANCOS 2],LOS BANCOS 2,4923
[DIVADM].[NAM_SUBCIR].&[LOS BANCOS 3],LOS BANCOS 3,3302
[DIVADM].[NAM_SUBCIR].&[LOS BANCOS 4],LOS BANCOS 4,215
[DIVADM].[NAM_SUBCIR].&[LOS CEIBOS 1],LOS CEIBOS 1,55248
[DIVADM].[NAM_SUBCIR].&[LOS CEIBOS 2],LOS CEIBOS 2,13496
[DIVADM].[NAM_SUBCIR].&[LOS CEIBOS 3],LOS CEIBOS 3,10809
[DIVADM].[NAM_SUBCIR].&[LOS CEREZOS 1],LOS CEREZOS 1,27447
[DIVADM].[NAM_SUBCIR].&[LOS CEREZOS 2],LOS CEREZOS 2,22231
[DIVADM].[NAM_SUBCIR].&[LOS CEREZOS 3],LOS CEREZOS 3,8145
[DIVADM].[NAM_SUBCIR].&[LOS ENCUENTROS 1],LOS ENCUENTROS 1,3970
[DIVADM].[NAM_SUBCIR].&[LOS ESTEROS 1],LOS ESTEROS 1,1863
[DIVADM].[NAM_SUBCIR].&[LOS ESTEROS 2],LOS ESTEROS 2,10226
[DIVADM].[NAM_SUBCIR].&[LOS ESTEROS 3],LOS ESTEROS 3,15123
[DIVADM].[NAM_SUBCIR].&[LOS GUABOS 1],LOS GUABOS 1,2457
[DIVADM].[NAM_SUBCIR].&[LOS GUABOS 2],LOS GUABOS 2,11713
[DIVADM].[NAM_SUBCIR].&[LOS LAGOS 1],LOS LAGOS 1,21017
[DIVADM].[NAM_SUBCIR].&[LOS LAGOS 2],LOS LAGOS 2,37450
[DIVADM].[NAM_SUBCIR].&[LOS LLANOS 1],LOS LLANOS 1,22702
[DIVADM].[NAM_SUBCIR].&[LOS LLANOS 2],LOS LLANOS 2,17033
[DIVADM].[NAM_SUBCIR].&[LOS MOLINOS 1],LOS MOLINOS 1,29052
[DIVADM].[NAM_SUBCIR].&[LUCERO 1],LUCERO 1,889
[DIVADM].[NAM_SUBCIR].&[LUDO 1],LUDO 1,1878
[DIVADM].[NAM_SUBCIR].&[LUIS CORDERO 1],LUIS CORDERO 1,2472
[DIVADM].[NAM_SUBCIR].&[LUMBAQUI 1],LUMBAQUI 1,13985
[DIVADM].[NAM_SUBCIR].&[LUMBAQUI 2],LUMBAQUI 2,1098
[DIVADM].[NAM_SUBCIR].&[LUZ DE AMERICA 1],LUZ DE AMERICA 1,12715
[DIVADM].[NAM_SUBCIR].&[LUZ DE AMERICA 2],LUZ DE AMERICA 2,1280
[DIVADM].[NAM_SUBCIR].&[MACARA 1],MACARA 1,4315
[DIVADM].[NAM_SUBCIR].&[MACARA 2],MACARA 2,13127
[DIVADM].[NAM_SUBCIR].&[MACAS 1],MACAS 1,82432
[DIVADM].[NAM_SUBCIR].&[MACAS 2],MACAS 2,24903
[DIVADM].[NAM_SUBCIR].&[MACHACHI NORTE 1],MACHACHI NORTE 1,14418
[DIVADM].[NAM_SUBCIR].&[MACHACHI NORTE 2],MACHACHI NORTE 2,3509
[DIVADM].[NAM_SUBCIR].&[MACHACHI SUR 1],MACHACHI SUR 1,57596
[DIVADM].[NAM_SUBCIR].&[MACHALA OCCIDENTAL 1],MACHALA OCCIDENTAL 1,16742
[DIVADM].[NAM_SUBCIR].&[MACHANGARA 1],MACHANGARA 1,22170
[DIVADM].[NAM_SUBCIR].&[MACUMA 1],MACUMA 1,1237
[DIVADM].[NAM_SUBCIR].&[MAGDALENA 1],MAGDALENA 1,44153
[DIVADM].[NAM_SUBCIR].&[MAGDALENA 2],MAGDALENA 2,24391
[DIVADM].[NAM_SUBCIR].&[MAGDALENA 3],MAGDALENA 3,32951
[DIVADM].[NAM_SUBCIR].&[MAGDALENA 4],MAGDALENA 4,29683
[DIVADM].[NAM_SUBCIR].&[MALACATOS 1],MALACATOS 1,11057
[DIVADM].[NAM_SUBCIR].&[MALCHINGUI 1],MALCHINGUI 1,4485
[DIVADM].[NAM_SUBCIR].&[MALCHINGUI 2],MALCHINGUI 2,4831
[DIVADM].[NAM_SUBCIR].&[MALDONADO 1],MALDONADO 1,5620
[DIVADM].[NAM_SUBCIR].&[MALDONADO 2],MALDONADO 2,469
[DIVADM].[NAM_SUBCIR].&[MALDONADO 3],MALDONADO 3,3697
[DIVADM].[NAM_SUBCIR].&[MALIMPIA 1],MALIMPIA 1,1991
[DIVADM].[NAM_SUBCIR].&[MALIMPIA 2],MALIMPIA 2,352
[DIVADM].[NAM_SUBCIR].&[MALVINAS NORTE 1],MALVINAS NORTE 1,21997
[DIVADM].[NAM_SUBCIR].&[MALVINAS NORTE 2],MALVINAS NORTE 2,8380
[DIVADM].[NAM_SUBCIR].&[MALVINAS NORTE 3],MALVINAS NORTE 3,16261
[DIVADM].[NAM_SUBCIR].&[MALVINAS SUR 1],MALVINAS SUR 1,31399
[DIVADM].[NAM_SUBCIR].&[MALVINAS SUR 2],MALVINAS SUR 2,14379
[DIVADM].[NAM_SUBCIR].&[MALVINAS SUR 3],MALVINAS SUR 3,12932
[DIVADM].[NAM_SUBCIR].&[MANANTIAL DE GUANGALA 1],MANANTIAL DE GUANGALA 1,4344
[DIVADM].[NAM_SUBCIR].&[MANGA DEL CURA NORTE 1],MANGA DEL CURA NORTE 1,1725
[DIVADM].[NAM_SUBCIR].&[MANGA DEL CURA SUR 1],MANGA DEL CURA SUR 1,644
[DIVADM].[NAM_SUBCIR].&[MANTUANO 1],MANTUANO 1,2451
[DIVADM].[NAM_SUBCIR].&[MANU 1],MANU 1,1154
[DIVADM].[NAM_SUBCIR].&[MAPASINGUE 1],MAPASINGUE 1,7642
[DIVADM].[NAM_SUBCIR].&[MAPASINGUE 2],MAPASINGUE 2,11714
[DIVADM].[NAM_SUBCIR].&[MAPASINGUE 3],MAPASINGUE 3,4345
[DIVADM].[NAM_SUBCIR].&[MAPASINGUE 4],MAPASINGUE 4,9917
[DIVADM].[NAM_SUBCIR].&[MAPASINGUE 5],MAPASINGUE 5,6454
[DIVADM].[NAM_SUBCIR].&[MAR NEGRO 1],MAR NEGRO 1,6485
[DIVADM].[NAM_SUBCIR].&[MARCABELI 1],MARCABELI 1,6562
[DIVADM].[NAM_SUBCIR].&[MARCELINO MARIDUEÑA 1],MARCELINO MARIDUEÑA 1,2010
[DIVADM].[NAM_SUBCIR].&[MARCELINO MARIDUEÑA 2],MARCELINO MARIDUEÑA 2,9259
[DIVADM].[NAM_SUBCIR].&[MARIA AUXILIADORA 1],MARIA AUXILIADORA 1,5897
[DIVADM].[NAM_SUBCIR].&[MARIA AUXILIADORA 2],MARIA AUXILIADORA 2,7093
[DIVADM].[NAM_SUBCIR].&[MARIA AUXILIADORA 3],MARIA AUXILIADORA 3,14848
[DIVADM].[NAM_SUBCIR].&[MARISCAL SUCRE 1],MARISCAL SUCRE 1,5862
[DIVADM].[NAM_SUBCIR].&[MARTHA DE ROLDOS 1],MARTHA DE ROLDOS 1,16428
[DIVADM].[NAM_SUBCIR].&[MARTHA DE ROLDOS 2],MARTHA DE ROLDOS 2,31875
[DIVADM].[NAM_SUBCIR].&[MARTHA DE ROLDOS 3],MARTHA DE ROLDOS 3,17415
[DIVADM].[NAM_SUBCIR].&[MARTHA DE ROLDOS 4],MARTHA DE ROLDOS 4,9352
[DIVADM].[NAM_SUBCIR].&[MARTHA DE ROLDOS 5],MARTHA DE ROLDOS 5,16204
[DIVADM].[NAM_SUBCIR].&[MARTHA DE ROLDOS 6],MARTHA DE ROLDOS 6,18243
[DIVADM].[NAM_SUBCIR].&[MARTHA DE ROLDOS 7],MARTHA DE ROLDOS 7,2606
[DIVADM].[NAM_SUBCIR].&[MARTHA DE ROLDOS 8],MARTHA DE ROLDOS 8,18084
[DIVADM].[NAM_SUBCIR].&[MATA DE CACAO 1],MATA DE CACAO 1,489
[DIVADM].[NAM_SUBCIR].&[MATA DE CACAO 2],MATA DE CACAO 2,2062
[DIVADM].[NAM_SUBCIR].&[MATA DE CACAO 3],MATA DE CACAO 3,4979
[DIVADM].[NAM_SUBCIR].&[MATA DE CACAO 4],MATA DE CACAO 4,7820
[DIVADM].[NAM_SUBCIR].&[MEJIA 1],MEJIA 1,3532
[DIVADM].[NAM_SUBCIR].&[MEMBRILLAL 1],MEMBRILLAL 1,839
[DIVADM].[NAM_SUBCIR].&[MEMBRILLO 1],MEMBRILLO 1,337
[DIVADM].[NAM_SUBCIR].&[MENA 1],MENA 1,32343
[DIVADM].[NAM_SUBCIR].&[MENA 2],MENA 2,16106
[DIVADM].[NAM_SUBCIR].&[MENA 3],MENA 3,16612
[DIVADM].[NAM_SUBCIR].&[MENA 4],MENA 4,12830
[DIVADM].[NAM_SUBCIR].&[MENA 5],MENA 5,14715
[DIVADM].[NAM_SUBCIR].&[MENA DEL HIERRO 1],MENA DEL HIERRO 1,19958
[DIVADM].[NAM_SUBCIR].&[MILTON REYES 1],MILTON REYES 1,301
[DIVADM].[NAM_SUBCIR].&[MINARICA 1],MINARICA 1,8288
[DIVADM].[NAM_SUBCIR].&[MINARICA 2],MINARICA 2,16308
[DIVADM].[NAM_SUBCIR].&[MIRA 1],MIRA 1,8124
[DIVADM].[NAM_SUBCIR].&[MIRAFLORES 1],MIRAFLORES 1,30232
[DIVADM].[NAM_SUBCIR].&[MIRAFLORES 2],MIRAFLORES 2,14070
[DIVADM].[NAM_SUBCIR].&[MISAHUALLI 1],MISAHUALLI 1,2408
[DIVADM].[NAM_SUBCIR].&[MISAHUALLI 2],MISAHUALLI 2,2895
[DIVADM].[NAM_SUBCIR].&[MOCACHE 1],MOCACHE 1,5083
[DIVADM].[NAM_SUBCIR].&[MOCACHE 2],MOCACHE 2,22082
[DIVADM].[NAM_SUBCIR].&[MOCHA 1],MOCHA 1,8137
[DIVADM].[NAM_SUBCIR].&[MOJANDA 1],MOJANDA 1,2497
[DIVADM].[NAM_SUBCIR].&[MOLINUCO 1],MOLINUCO 1,8303
[DIVADM].[NAM_SUBCIR].&[MOLINUCO 2],MOLINUCO 2,20980
[DIVADM].[NAM_SUBCIR].&[MOLLETURO 1],MOLLETURO 1,6146
[DIVADM].[NAM_SUBCIR].&[MOMPICHE 1],MOMPICHE 1,491
[DIVADM].[NAM_SUBCIR].&[MOMPICHE 2],MOMPICHE 2,641
[DIVADM].[NAM_SUBCIR].&[MONAY 1],MONAY 1,43091
[DIVADM].[NAM_SUBCIR].&[MONJAS COLLACOTO 1],MONJAS COLLACOTO 1,8997
[DIVADM].[NAM_SUBCIR].&[MONJAS COLLACOTO 2],MONJAS COLLACOTO 2,23259
[DIVADM].[NAM_SUBCIR].&[MONJAS COLLACOTO 3],MONJAS COLLACOTO 3,24581
[DIVADM].[NAM_SUBCIR].&[MONJAS COLLACOTO 4],MONJAS COLLACOTO 4,7899
[DIVADM].[NAM_SUBCIR].&[MONTALVO 1],MONTALVO 1,31355
[DIVADM].[NAM_SUBCIR].&[MONTALVO 2],MONTALVO 2,1818
[DIVADM].[NAM_SUBCIR].&[MONTALVO 3],MONTALVO 3,2636
[DIVADM].[NAM_SUBCIR].&[MONTAÑITA 1],MONTAÑITA 1,20065
[DIVADM].[NAM_SUBCIR].&[MONTE BELLO 1],MONTE BELLO 1,6719
[DIVADM].[NAM_SUBCIR].&[MONTE BELLO 2],MONTE BELLO 2,9401
[DIVADM].[NAM_SUBCIR].&[MONTE BELLO 3],MONTE BELLO 3,12736
[DIVADM].[NAM_SUBCIR].&[MONTE BELLO 4],MONTE BELLO 4,14106
[DIVADM].[NAM_SUBCIR].&[MONTE SINAI 1],MONTE SINAI 1,6805
[DIVADM].[NAM_SUBCIR].&[MONTE SINAI 2],MONTE SINAI 2,8303
[DIVADM].[NAM_SUBCIR].&[MONTE SINAI 3],MONTE SINAI 3,11327
[DIVADM].[NAM_SUBCIR].&[MONTE SINAI 4],MONTE SINAI 4,4589
[DIVADM].[NAM_SUBCIR].&[MONTE SINAI 5],MONTE SINAI 5,6230
[DIVADM].[NAM_SUBCIR].&[MONTE SINAI 6],MONTE SINAI 6,28381
[DIVADM].[NAM_SUBCIR].&[MONTE SINAI 7],MONTE SINAI 7,5852
[DIVADM].[NAM_SUBCIR].&[MONTE SINAI 8],MONTE SINAI 8,7048
[DIVADM].[NAM_SUBCIR].&[MONTECRISTI 1],MONTECRISTI 1,10461
[DIVADM].[NAM_SUBCIR].&[MONTECRISTI 2],MONTECRISTI 2,17753
[DIVADM].[NAM_SUBCIR].&[MONTERREY 1],MONTERREY 1,5264
[DIVADM].[NAM_SUBCIR].&[MONTERREY 2],MONTERREY 2,2687
[DIVADM].[NAM_SUBCIR].&[MONUMENTOS 1],MONUMENTOS 1,6590
[DIVADM].[NAM_SUBCIR].&[MORALES 1],MORALES 1,441
[DIVADM].[NAM_SUBCIR].&[MORASPUNGO 1],MORASPUNGO 1,6246
[DIVADM].[NAM_SUBCIR].&[MOROMORO 1],MOROMORO 1,1067
[DIVADM].[NAM_SUBCIR].&[MORRO 1],MORRO 1,5153
[DIVADM].[NAM_SUBCIR].&[MUCHO LOTE 1],MUCHO LOTE 1,27651
[DIVADM].[NAM_SUBCIR].&[MUCHO LOTE 2],MUCHO LOTE 2,33992
[DIVADM].[NAM_SUBCIR].&[MUISNE 1],MUISNE 1,10611
[DIVADM].[NAM_SUBCIR].&[MUISNE 2],MUISNE 2,1642
[DIVADM].[NAM_SUBCIR].&[MUISNE 3],MUISNE 3,3461
[DIVADM].[NAM_SUBCIR].&[MULALILLO 1],MULALILLO 1,3749
[DIVADM].[NAM_SUBCIR].&[MULALILLO 2],MULALILLO 2,9640
[DIVADM].[NAM_SUBCIR].&[MULALO 1],MULALO 1,9513
[DIVADM].[NAM_SUBCIR].&[MURCIELAGO 1],MURCIELAGO 1,18181
[DIVADM].[NAM_SUBCIR].&[MURCIELAGO 2],MURCIELAGO 2,11881
[DIVADM].[NAM_SUBCIR].&[NABON 1],NABON 1,7977
[DIVADM].[NAM_SUBCIR].&[NAMBACOLA 1],NAMBACOLA 1,1981
[DIVADM].[NAM_SUBCIR].&[NAMBACOLA 2],NAMBACOLA 2,606
[DIVADM].[NAM_SUBCIR].&[NAMBIJA 1],NAMBIJA 1,4856
[DIVADM].[NAM_SUBCIR].&[NAMBIJA 2],NAMBIJA 2,2754
[DIVADM].[NAM_SUBCIR].&[NANEGAL 1],NANEGAL 1,1374
[DIVADM].[NAM_SUBCIR].&[NANEGALITO 1],NANEGALITO 1,8135
[DIVADM].[NAM_SUBCIR].&[NARANCAY 1],NARANCAY 1,40797
[DIVADM].[NAM_SUBCIR].&[NARANJAL CENTRO 1],NARANJAL CENTRO 1,21228
[DIVADM].[NAM_SUBCIR].&[NARANJAL SUR 1],NARANJAL SUR 1,35035
[DIVADM].[NAM_SUBCIR].&[NARANJAL SUR 2],NARANJAL SUR 2,998
[DIVADM].[NAM_SUBCIR].&[NARANJITO CENTRO 1],NARANJITO CENTRO 1,9159
[DIVADM].[NAM_SUBCIR].&[NARANJITO ESTE 1],NARANJITO ESTE 1,3468
[DIVADM].[NAM_SUBCIR].&[NARANJITO ESTE 2],NARANJITO ESTE 2,15092
[DIVADM].[NAM_SUBCIR].&[NARANJITO SUR 1],NARANJITO SUR 1,19030
[DIVADM].[NAM_SUBCIR].&[NAYON 1],NAYON 1,14234
[DIVADM].[NAM_SUBCIR].&[NAYON 2],NAYON 2,7354
[DIVADM].[NAM_SUBCIR].&[NAZON 1],NAZON 1,1025
[DIVADM].[NAM_SUBCIR].&[NOBOA 1],NOBOA 1,727
[DIVADM].[NAM_SUBCIR].&[NOBOL 1],NOBOL 1,11591
[DIVADM].[NAM_SUBCIR].&[NOBOL 2],NOBOL 2,18188
[DIVADM].[NAM_SUBCIR].&[NONO 1],NONO 1,3825
[DIVADM].[NAM_SUBCIR].&[NUEVA AMBATO 1],NUEVA AMBATO 1,25161
[DIVADM].[NAM_SUBCIR].&[NUEVA AMBATO 2],NUEVA AMBATO 2,33447
[DIVADM].[NAM_SUBCIR].&[NUEVA PROSPERINA 1],NUEVA PROSPERINA 1,18918
[DIVADM].[NAM_SUBCIR].&[NUEVA PROSPERINA 2],NUEVA PROSPERINA 2,29182
[DIVADM].[NAM_SUBCIR].&[NUEVA PROSPERINA 3],NUEVA PROSPERINA 3,27294
[DIVADM].[NAM_SUBCIR].&[NUEVA VIDA 1],NUEVA VIDA 1,35499
[DIVADM].[NAM_SUBCIR].&[NUEVO GUAYAQUIL 1],NUEVO GUAYAQUIL 1,6228
[DIVADM].[NAM_SUBCIR].&[NUEVO GUAYAQUIL 2],NUEVO GUAYAQUIL 2,5467
[DIVADM].[NAM_SUBCIR].&[NUEVO GUAYAQUIL 3],NUEVO GUAYAQUIL 3,5322
[DIVADM].[NAM_SUBCIR].&[NUEVO GUAYAQUIL 4],NUEVO GUAYAQUIL 4,2331
[DIVADM].[NAM_SUBCIR].&[NUEVO ISRAEL 1],NUEVO ISRAEL 1,10923
[DIVADM].[NAM_SUBCIR].&[NUEVO PARAISO 1],NUEVO PARAISO 1,1152
[DIVADM].[NAM_SUBCIR].&[NUEVO PARAISO 2],NUEVO PARAISO 2,2058
[DIVADM].[NAM_SUBCIR].&[NUEVO PASAISO 1],NUEVO PASAISO 1,196
[DIVADM].[NAM_SUBCIR].&[NUEVO PILO 1],NUEVO PILO 1,23733
[DIVADM].[NAM_SUBCIR].&[NUEVO PORTOVIEJO 1],NUEVO PORTOVIEJO 1,14707
[DIVADM].[NAM_SUBCIR].&[NUEVO PORTOVIEJO 2],NUEVO PORTOVIEJO 2,8823
[DIVADM].[NAM_SUBCIR].&[NUEVO QUITO 1],NUEVO QUITO 1,178
[DIVADM].[NAM_SUBCIR].&[NUEVO ROCAFUERTE 1],NUEVO ROCAFUERTE 1,500
[DIVADM].[NAM_SUBCIR].&[NUEVO SUCUMBIOS 1],NUEVO SUCUMBIOS 1,48575
[DIVADM].[NAM_SUBCIR].&[NUEVO SUCUMBIOS 2],NUEVO SUCUMBIOS 2,2204
[DIVADM].[NAM_SUBCIR].&[OCHOA LEON 1],OCHOA LEON 1,29578
[DIVADM].[NAM_SUBCIR].&[OCHOA LEON 2],OCHOA LEON 2,8248
[DIVADM].[NAM_SUBCIR].&[OCTAVIO CORDERO 1],OCTAVIO CORDERO 1,3796
[DIVADM].[NAM_SUBCIR].&[OLIMPICO 1],OLIMPICO 1,29439
[DIVADM].[NAM_SUBCIR].&[OLMEDO 1],OLMEDO 1,5618
[DIVADM].[NAM_SUBCIR].&[OLON 1],OLON 1,7990
[DIVADM].[NAM_SUBCIR].&[ONA 1],ONA 1,3269
[DIVADM].[NAM_SUBCIR].&[ORIANGA 1],ORIANGA 1,354
[DIVADM].[NAM_SUBCIR].&[ORQUIDEAS 1],ORQUIDEAS 1,15382
[DIVADM].[NAM_SUBCIR].&[ORQUIDEAS 2],ORQUIDEAS 2,20501
[DIVADM].[NAM_SUBCIR].&[ORQUIDEAS 3],ORQUIDEAS 3,14326
[DIVADM].[NAM_SUBCIR].&[ORQUIDEAS 4],ORQUIDEAS 4,5869
[DIVADM].[NAM_SUBCIR].&[ORQUIDEAS 5],ORQUIDEAS 5,18589
[DIVADM].[NAM_SUBCIR].&[ORQUIDEAS 6],ORQUIDEAS 6,8722
[DIVADM].[NAM_SUBCIR].&[ORQUIDEAS 7],ORQUIDEAS 7,12937
[DIVADM].[NAM_SUBCIR].&[OYACACHI 1],OYACACHI 1,62
[DIVADM].[NAM_SUBCIR].&[OYACOTO 1],OYACOTO 1,10933
[DIVADM].[NAM_SUBCIR].&[PABLO SEXTO 1],PABLO SEXTO 1,4527
[DIVADM].[NAM_SUBCIR].&[PACAYACU 1],PACAYACU 1,2555
[DIVADM].[NAM_SUBCIR].&[PACAYACU 2],PACAYACU 2,5228
[DIVADM].[NAM_SUBCIR].&[PACCHA Y NULTI 1],PACCHA Y NULTI 1,15845
[DIVADM].[NAM_SUBCIR].&[PACHA 1],PACHA 1,3611
[DIVADM].[NAM_SUBCIR].&[PACHA 2],PACHA 2,1278
[DIVADM].[NAM_SUBCIR].&[PACTO 1],PACTO 1,2143
[DIVADM].[NAM_SUBCIR].&[PACTO 2],PACTO 2,38
[DIVADM].[NAM_SUBCIR].&[PAEZ 1],PAEZ 1,38505
[DIVADM].[NAM_SUBCIR].&[PALALACHE 1],PALALACHE 1,1603
[DIVADM].[NAM_SUBCIR].&[PALANDA 1],PALANDA 1,6088
[DIVADM].[NAM_SUBCIR].&[PALANDACOCHA 1],PALANDACOCHA 1,21942
[DIVADM].[NAM_SUBCIR].&[PALANDACOCHA 2],PALANDACOCHA 2,15221
[DIVADM].[NAM_SUBCIR].&[PALANQUITA 1],PALANQUITA 1,834
[DIVADM].[NAM_SUBCIR].&[PALENQUE 1],PALENQUE 1,7731
[DIVADM].[NAM_SUBCIR].&[PALESTINA 1],PALESTINA 1,8874
[DIVADM].[NAM_SUBCIR].&[PALESTINA 2],PALESTINA 2,12035
[DIVADM].[NAM_SUBCIR].&[PALESTINA 3],PALESTINA 3,175
[DIVADM].[NAM_SUBCIR].&[PALESTINA RURAL 1],PALESTINA RURAL 1,233
[DIVADM].[NAM_SUBCIR].&[PALETILLAS 1],PALETILLAS 1,596
[DIVADM].[NAM_SUBCIR].&[PALLATANGA 1],PALLATANGA 1,11062
[DIVADM].[NAM_SUBCIR].&[PALMA LOMA 1],PALMA LOMA 1,1198
[DIVADM].[NAM_SUBCIR].&[PALMA ROJA 1],PALMA ROJA 1,4792
[DIVADM].[NAM_SUBCIR].&[PALMALES 1],PALMALES 1,1937
[DIVADM].[NAM_SUBCIR].&[PALMAR 1],PALMAR 1,4956
[DIVADM].[NAM_SUBCIR].&[PALMIRA 1],PALMIRA 1,2920
[DIVADM].[NAM_SUBCIR].&[PALORA 1],PALORA 1,12751
[DIVADM].[NAM_SUBCIR].&[PANANZA 1],PANANZA 1,360
[DIVADM].[NAM_SUBCIR].&[PANECILLO 1],PANECILLO 1,35327
[DIVADM].[NAM_SUBCIR].&[PANECILLO 2],PANECILLO 2,16533
[DIVADM].[NAM_SUBCIR].&[PANECILLO 3],PANECILLO 3,20742
[DIVADM].[NAM_SUBCIR].&[PANECILLO 4],PANECILLO 4,6422
[DIVADM].[NAM_SUBCIR].&[PANECILLO 5],PANECILLO 5,13376
[DIVADM].[NAM_SUBCIR].&[PANGOR 1],PANGOR 1,950
[DIVADM].[NAM_SUBCIR].&[PANGUI 1],PANGUI 1,13659
[DIVADM].[NAM_SUBCIR].&[PANGUI 2],PANGUI 2,1200
[DIVADM].[NAM_SUBCIR].&[PANORAMA 1],PANORAMA 1,30569
[DIVADM].[NAM_SUBCIR].&[PANORAMA 2],PANORAMA 2,23162
[DIVADM].[NAM_SUBCIR].&[PAÑACOCHA 1],PAÑACOCHA 1,76
[DIVADM].[NAM_SUBCIR].&[PAPALLACTA 1],PAPALLACTA 1,3548
[DIVADM].[NAM_SUBCIR].&[PAQUISHA 1],PAQUISHA 1,5326
[DIVADM].[NAM_SUBCIR].&[PARAISO LA FLOR 1],PARAISO LA FLOR 1,12596
[DIVADM].[NAM_SUBCIR].&[PARAISO LA FLOR 2],PARAISO LA FLOR 2,6049
[DIVADM].[NAM_SUBCIR].&[PARAISO LA FLOR 3],PARAISO LA FLOR 3,11413
[DIVADM].[NAM_SUBCIR].&[PARAISO LA FLOR 4],PARAISO LA FLOR 4,7542
[DIVADM].[NAM_SUBCIR].&[PARQUE CENTRAL 1],PARQUE CENTRAL 1,9031
[DIVADM].[NAM_SUBCIR].&[PARQUE DEL 8 1],PARQUE DEL 8 1,16411
[DIVADM].[NAM_SUBCIR].&[PARQUE ECOLOGICO 1],PARQUE ECOLOGICO 1,41927
[DIVADM].[NAM_SUBCIR].&[PARQUE ECOLOGICO 2],PARQUE ECOLOGICO 2,16168
[DIVADM].[NAM_SUBCIR].&[PARQUE LINEAL 1],PARQUE LINEAL 1,13387
[DIVADM].[NAM_SUBCIR].&[PASA 1],PASA 1,4555
[DIVADM].[NAM_SUBCIR].&[PASCUALES 1],PASCUALES 1,10124
[DIVADM].[NAM_SUBCIR].&[PASCUALES 2],PASCUALES 2,16944
[DIVADM].[NAM_SUBCIR].&[PASCUALES 3],PASCUALES 3,12933
[DIVADM].[NAM_SUBCIR].&[PASCUALES 4],PASCUALES 4,15003
[DIVADM].[NAM_SUBCIR].&[PASOCHOA 1],PASOCHOA 1,23277
[DIVADM].[NAM_SUBCIR].&[PASOCHOA 2],PASOCHOA 2,8100
[DIVADM].[NAM_SUBCIR].&[PASTO CALLE 1],PASTO CALLE 1,10425
[DIVADM].[NAM_SUBCIR].&[PATAQUI 1],PATAQUI 1,78
[DIVADM].[NAM_SUBCIR].&[PATATE 1],PATATE 1,10515
[DIVADM].[NAM_SUBCIR].&[PATATE 2],PATATE 2,368
[DIVADM].[NAM_SUBCIR].&[PATATE 3],PATATE 3,1459
[DIVADM].[NAM_SUBCIR].&[PATRICIA PILAR 1],PATRICIA PILAR 1,12283
[DIVADM].[NAM_SUBCIR].&[PATRICIA PILAR 2],PATRICIA PILAR 2,3503
[DIVADM].[NAM_SUBCIR].&[PATUCA 1],PATUCA 1,2755
[DIVADM].[NAM_SUBCIR].&[PAUTE 1],PAUTE 1,15953
[DIVADM].[NAM_SUBCIR].&[PAUTE 2],PAUTE 2,7919
[DIVADM].[NAM_SUBCIR].&[PAYAMINO 1],PAYAMINO 1,403
[DIVADM].[NAM_SUBCIR].&[PEDERNALES NORTE 1],PEDERNALES NORTE 1,14234
[DIVADM].[NAM_SUBCIR].&[PEDERNALES SUR 1],PEDERNALES SUR 1,22843
[DIVADM].[NAM_SUBCIR].&[PEDRO CARBO 1],PEDRO CARBO 1,12545
[DIVADM].[NAM_SUBCIR].&[PEDRO CARBO 2],PEDRO CARBO 2,4646
[DIVADM].[NAM_SUBCIR].&[PEDRO PABLO GOMEZ 1],PEDRO PABLO GOMEZ 1,738
[DIVADM].[NAM_SUBCIR].&[PELILEO GRANDE 1],PELILEO GRANDE 1,11472
[DIVADM].[NAM_SUBCIR].&[PELILEO SUR 1],PELILEO SUR 1,18135
[DIVADM].[NAM_SUBCIR].&[PENIPE 1],PENIPE 1,6142
[DIVADM].[NAM_SUBCIR].&[PERUCHO 1],PERUCHO 1,307
[DIVADM].[NAM_SUBCIR].&[PERUCHO 2],PERUCHO 2,218
[DIVADM].[NAM_SUBCIR].&[PERUCHO 3],PERUCHO 3,1048
[DIVADM].[NAM_SUBCIR].&[PICAIHUA 1],PICAIHUA 1,13345
[DIVADM].[NAM_SUBCIR].&[PICAIHUA 2],PICAIHUA 2,11599
[DIVADM].[NAM_SUBCIR].&[PICHINCHA 1],PICHINCHA 1,4357
[DIVADM].[NAM_SUBCIR].&[PICHINCHA 2],PICHINCHA 2,457
[DIVADM].[NAM_SUBCIR].&[PICOAZA 1],PICOAZA 1,370
[DIVADM].[NAM_SUBCIR].&[PICOAZA 2],PICOAZA 2,15350
[DIVADM].[NAM_SUBCIR].&[PIFO 1],PIFO 1,878
[DIVADM].[NAM_SUBCIR].&[PIFO 2],PIFO 2,33854
[DIVADM].[NAM_SUBCIR].&[PIJULLO 1],PIJULLO 1,2633
[DIVADM].[NAM_SUBCIR].&[PILAHUIN 1],PILAHUIN 1,4715
[DIVADM].[NAM_SUBCIR].&[PILAHUIN 2],PILAHUIN 2,4165
[DIVADM].[NAM_SUBCIR].&[PILALO 1],PILALO 1,947
[DIVADM].[NAM_SUBCIR].&[PILLARO 1],PILLARO 1,6742
[DIVADM].[NAM_SUBCIR].&[PILLARO 2],PILLARO 2,20047
[DIVADM].[NAM_SUBCIR].&[PILLONPATA 1],PILLONPATA 1,87
[DIVADM].[NAM_SUBCIR].&[PIMAMPIRO 1],PIMAMPIRO 1,16934
[DIVADM].[NAM_SUBCIR].&[PIMOCHA 1],PIMOCHA 1,7841
[DIVADM].[NAM_SUBCIR].&[PIMOCHA 2],PIMOCHA 2,5913
[DIVADM].[NAM_SUBCIR].&[PINDAL 1],PINDAL 1,4489
[DIVADM].[NAM_SUBCIR].&[PINTAG 1],PINTAG 1,2003
[DIVADM].[NAM_SUBCIR].&[PINTAG 2],PINTAG 2,15123
[DIVADM].[NAM_SUBCIR].&[PINZON 1],PINZON 1,3104
[DIVADM].[NAM_SUBCIR].&[PISHIDATA 1],PISHIDATA 1,8793
[DIVADM].[NAM_SUBCIR].&[PLAN DE VIVIENDA 1],PLAN DE VIVIENDA 1,12946
[DIVADM].[NAM_SUBCIR].&[PLAN DE VIVIENDA 2],PLAN DE VIVIENDA 2,23413
[DIVADM].[NAM_SUBCIR].&[PLAN DE VIVIENDA 3],PLAN DE VIVIENDA 3,133
[DIVADM].[NAM_SUBCIR].&[PLAN PILOTO 1],PLAN PILOTO 1,3227
[DIVADM].[NAM_SUBCIR].&[PLAYAS 1],PLAYAS 1,33153
[DIVADM].[NAM_SUBCIR].&[PLAYAS 2],PLAYAS 2,9403
[DIVADM].[NAM_SUBCIR].&[POALO 1],POALO 1,7010
[DIVADM].[NAM_SUBCIR].&[POLITECNICA 1],POLITECNICA 1,47124
[DIVADM].[NAM_SUBCIR].&[POLITECNICA 2],POLITECNICA 2,37386
[DIVADM].[NAM_SUBCIR].&[POLITECNICA 3],POLITECNICA 3,30806
[DIVADM].[NAM_SUBCIR].&[POMASQUI 1],POMASQUI 1,33211
[DIVADM].[NAM_SUBCIR].&[POMASQUI 2],POMASQUI 2,3983
[DIVADM].[NAM_SUBCIR].&[POMASQUI 3],POMASQUI 3,9619
[DIVADM].[NAM_SUBCIR].&[POMPEYA 1],POMPEYA 1,902
[DIVADM].[NAM_SUBCIR].&[PONCIANO 1],PONCIANO 1,38560
[DIVADM].[NAM_SUBCIR].&[PONCIANO 2],PONCIANO 2,11804
[DIVADM].[NAM_SUBCIR].&[PONCIANO 3],PONCIANO 3,15980
[DIVADM].[NAM_SUBCIR].&[PORTETE 1],PORTETE 1,21760
[DIVADM].[NAM_SUBCIR].&[PORTETE 2],PORTETE 2,32587
[DIVADM].[NAM_SUBCIR].&[PORTETE 3],PORTETE 3,33121
[DIVADM].[NAM_SUBCIR].&[PORTETE 4],PORTETE 4,59195
[DIVADM].[NAM_SUBCIR].&[PORTOVELO 1],PORTOVELO 1,18245
[DIVADM].[NAM_SUBCIR].&[PORTOVIEJO 1],PORTOVIEJO 1,20650
[DIVADM].[NAM_SUBCIR].&[PORTOVIEJO 2],PORTOVIEJO 2,30694
[DIVADM].[NAM_SUBCIR].&[PORTOVIEJO 3],PORTOVIEJO 3,53396
[DIVADM].[NAM_SUBCIR].&[PORVENIR 1],PORVENIR 1,1861
[DIVADM].[NAM_SUBCIR].&[PORVENIR DEL CARMEN 1],PORVENIR DEL CARMEN 1,253
[DIVADM].[NAM_SUBCIR].&[POSA DE MATE 1],POSA DE MATE 1,5301
[DIVADM].[NAM_SUBCIR].&[POSORJA 1],POSORJA 1,22215
[DIVADM].[NAM_SUBCIR].&[PRIVILEGIO 1],PRIVILEGIO 1,15774
[DIVADM].[NAM_SUBCIR].&[PROGRESO 1],PROGRESO 1,64809
[DIVADM].[NAM_SUBCIR].&[PROPICIA 1],PROPICIA 1,17935
[DIVADM].[NAM_SUBCIR].&[PUCARA 1],PUCARA 1,25592
[DIVADM].[NAM_SUBCIR].&[PUCARA 2],PUCARA 2,17663
[DIVADM].[NAM_SUBCIR].&[PUEBLO NUEVO 1],PUEBLO NUEVO 1,6345
[DIVADM].[NAM_SUBCIR].&[PUEBLO NUEVO 2],PUEBLO NUEVO 2,1150
[DIVADM].[NAM_SUBCIR].&[PUEBLO VIEJO 1],PUEBLO VIEJO 1,25046
[DIVADM].[NAM_SUBCIR].&[PUELLARO 1],PUELLARO 1,1771
[DIVADM].[NAM_SUBCIR].&[PUEMBO 1],PUEMBO 1,24450
[DIVADM].[NAM_SUBCIR].&[PUENGASI 1],PUENGASI 1,13967
[DIVADM].[NAM_SUBCIR].&[PUENGASI 2],PUENGASI 2,3926
[DIVADM].[NAM_SUBCIR].&[PUENGASI 3],PUENGASI 3,8967
[DIVADM].[NAM_SUBCIR].&[PUENGASI 4],PUENGASI 4,10732
[DIVADM].[NAM_SUBCIR].&[PUENTE LUCIA 1],PUENTE LUCIA 1,4211
[DIVADM].[NAM_SUBCIR].&[PUENTE LUCIA 2],PUENTE LUCIA 2,5491
[DIVADM].[NAM_SUBCIR].&[PUERTA NEGRA 1],PUERTA NEGRA 1,4333
[DIVADM].[NAM_SUBCIR].&[PUERTO AGUAJE 1],PUERTO AGUAJE 1,19198
[DIVADM].[NAM_SUBCIR].&[PUERTO AGUAJE 2],PUERTO AGUAJE 2,4333
[DIVADM].[NAM_SUBCIR].&[PUERTO AYORA 1],PUERTO AYORA 1,26586
[DIVADM].[NAM_SUBCIR].&[PUERTO BOLIVAR 1],PUERTO BOLIVAR 1,14357
[DIVADM].[NAM_SUBCIR].&[PUERTO BOLIVAR 2],PUERTO BOLIVAR 2,6621
[DIVADM].[NAM_SUBCIR].&[PUERTO CAYO 1],PUERTO CAYO 1,2990
[DIVADM].[NAM_SUBCIR].&[PUERTO DEL CARMEN 1],PUERTO DEL CARMEN 1,8151
[DIVADM].[NAM_SUBCIR].&[PUERTO DEL CARMEN 2],PUERTO DEL CARMEN 2,16
[DIVADM].[NAM_SUBCIR].&[PUERTO DEL MONO 1],PUERTO DEL MONO 1,2654
[DIVADM].[NAM_SUBCIR].&[PUERTO HONDO 1],PUERTO HONDO 1,7145
[DIVADM].[NAM_SUBCIR].&[PUERTO HONDO 2],PUERTO HONDO 2,10371
[DIVADM].[NAM_SUBCIR].&[PUERTO HONDO 3],PUERTO HONDO 3,6318
[DIVADM].[NAM_SUBCIR].&[PUERTO INCA 1],PUERTO INCA 1,7579
[DIVADM].[NAM_SUBCIR].&[PUERTO LAGO 1],PUERTO LAGO 1,4084
[DIVADM].[NAM_SUBCIR].&[PUERTO LIMON 1],PUERTO LIMON 1,7704
[DIVADM].[NAM_SUBCIR].&[PUERTO LOPEZ 1],PUERTO LOPEZ 1,11728
[DIVADM].[NAM_SUBCIR].&[PUERTO PECHICHE 1],PUERTO PECHICHE 1,2045
[DIVADM].[NAM_SUBCIR].&[PUERTO QUITO NORTE 1],PUERTO QUITO NORTE 1,7666
[DIVADM].[NAM_SUBCIR].&[PUERTO QUITO NORTE 2],PUERTO QUITO NORTE 2,671
[DIVADM].[NAM_SUBCIR].&[PUERTO QUITO SUR 1],PUERTO QUITO SUR 1,1883
[DIVADM].[NAM_SUBCIR].&[PUERTO QUITO SUR 2],PUERTO QUITO SUR 2,1991
[DIVADM].[NAM_SUBCIR].&[PUERTO RODRIGUEZ 1],PUERTO RODRIGUEZ 1,24
[DIVADM].[NAM_SUBCIR].&[PUJILI 1],PUJILI 1,31280
[DIVADM].[NAM_SUBCIR].&[PUMPULA 1],PUMPULA 1,1832
[DIVADM].[NAM_SUBCIR].&[PUNA 1],PUNA 1,3513
[DIVADM].[NAM_SUBCIR].&[PUNA 2],PUNA 2,145
[DIVADM].[NAM_SUBCIR].&[PUNA 3],PUNA 3,626
[DIVADM].[NAM_SUBCIR].&[PUNA 4],PUNA 4,126
[DIVADM].[NAM_SUBCIR].&[PUNIN 1],PUNIN 1,2393
[DIVADM].[NAM_SUBCIR].&[PUYO NORTE 1],PUYO NORTE 1,24918
[DIVADM].[NAM_SUBCIR].&[PUYO NORTE 2],PUYO NORTE 2,26509
[DIVADM].[NAM_SUBCIR].&[PUYO SUR 1],PUYO SUR 1,10784
[DIVADM].[NAM_SUBCIR].&[PUYO SUR 2],PUYO SUR 2,42404
[DIVADM].[NAM_SUBCIR].&[PUYO SUR 3],PUYO SUR 3,12119
[DIVADM].[NAM_SUBCIR].&[QUERO 1],QUERO 1,10821
[DIVADM].[NAM_SUBCIR].&[QUICHINCHE 1],QUICHINCHE 1,4589
[DIVADM].[NAM_SUBCIR].&[QUIMIAG 1],QUIMIAG 1,3884
[DIVADM].[NAM_SUBCIR].&[QUINCHE 1],QUINCHE 1,1009
[DIVADM].[NAM_SUBCIR].&[QUINCHE 2],QUINCHE 2,25660
[DIVADM].[NAM_SUBCIR].&[QUINDIGUA BAJO 1],QUINDIGUA BAJO 1,1808
[DIVADM].[NAM_SUBCIR].&[QUINGEO 1],QUINGEO 1,3958
[DIVADM].[NAM_SUBCIR].&[QUININDE 1],QUININDE 1,1355
[DIVADM].[NAM_SUBCIR].&[QUININDE 2],QUININDE 2,1817
[DIVADM].[NAM_SUBCIR].&[QUINSALOMA 1],QUINSALOMA 1,14313
[DIVADM].[NAM_SUBCIR].&[QUINTA CHICA 1],QUINTA CHICA 1,20497
[DIVADM].[NAM_SUBCIR].&[QUIROGA 1],QUIROGA 1,6509
[DIVADM].[NAM_SUBCIR].&[QUISAPINCHA 1],QUISAPINCHA 1,3581
[DIVADM].[NAM_SUBCIR].&[QUITUMBE 1],QUITUMBE 1,18645
[DIVADM].[NAM_SUBCIR].&[QUITUMBE 2],QUITUMBE 2,7135
[DIVADM].[NAM_SUBCIR].&[QUITUMBE 3],QUITUMBE 3,17232
[DIVADM].[NAM_SUBCIR].&[QUITUMBE 4],QUITUMBE 4,16666
[DIVADM].[NAM_SUBCIR].&[RAMON CAMPAÐA 1],RAMON CAMPAÐA 1,290
[DIVADM].[NAM_SUBCIR].&[RANCHO VIEJO 1],RANCHO VIEJO 1,7931
[DIVADM].[NAM_SUBCIR].&[RAYITO DE LUZ 1],RAYITO DE LUZ 1,12308
[DIVADM].[NAM_SUBCIR].&[RAYITO DE LUZ 2],RAYITO DE LUZ 2,12346
[DIVADM].[NAM_SUBCIR].&[RECREO 1],RECREO 1,11299
[DIVADM].[NAM_SUBCIR].&[RECREO 2],RECREO 2,14332
[DIVADM].[NAM_SUBCIR].&[RECREO 3],RECREO 3,11758
[DIVADM].[NAM_SUBCIR].&[RECREO 4],RECREO 4,11962
[DIVADM].[NAM_SUBCIR].&[RECREO 5],RECREO 5,17031
[DIVADM].[NAM_SUBCIR].&[RECREO 6],RECREO 6,12486
[DIVADM].[NAM_SUBCIR].&[RECREO 7],RECREO 7,3982
[DIVADM].[NAM_SUBCIR].&[RECREO 8],RECREO 8,13726
[DIVADM].[NAM_SUBCIR].&[REMIGIO CRESPO 1],REMIGIO CRESPO 1,4892
[DIVADM].[NAM_SUBCIR].&[RICAURTE 1],RICAURTE 1,24024
[DIVADM].[NAM_SUBCIR].&[RICAURTE 2],RICAURTE 2,29427
[DIVADM].[NAM_SUBCIR].&[RIO BLANCO 1],RIO BLANCO 1,4539
[DIVADM].[NAM_SUBCIR].&[RIO BONITO 1],RIO BONITO 1,8801
[DIVADM].[NAM_SUBCIR].&[RIO CORRIENTES 1],RIO CORRIENTES 1,15
[DIVADM].[NAM_SUBCIR].&[RIO DE CAÑA 1],RIO DE CAÑA 1,2402
[DIVADM].[NAM_SUBCIR].&[RIO NAPO 1],RIO NAPO 1,38
[DIVADM].[NAM_SUBCIR].&[RIO NEGRO 1],RIO NEGRO 1,3774
[DIVADM].[NAM_SUBCIR].&[RIO TIGRE 1],RIO TIGRE 1,75
[DIVADM].[NAM_SUBCIR].&[RIO VENDIDO 1],RIO VENDIDO 1,46
[DIVADM].[NAM_SUBCIR].&[ROBERTO ASTUDILLO 1],ROBERTO ASTUDILLO 1,6355
[DIVADM].[NAM_SUBCIR].&[ROCAFUERTE 1],ROCAFUERTE 1,54091
[DIVADM].[NAM_SUBCIR].&[ROCAFUERTE 2],ROCAFUERTE 2,17396
[DIVADM].[NAM_SUBCIR].&[ROSA PAREDES 1],ROSA PAREDES 1,10094
[DIVADM].[NAM_SUBCIR].&[ROSA ZARATE 1],ROSA ZARATE 1,44129
[DIVADM].[NAM_SUBCIR].&[ROSA ZARATE 2],ROSA ZARATE 2,1544
[DIVADM].[NAM_SUBCIR].&[RUMIÑAHUI 1],RUMIÑAHUI 1,20242
[DIVADM].[NAM_SUBCIR].&[RUMIÑAHUI 2],RUMIÑAHUI 2,9285
[DIVADM].[NAM_SUBCIR].&[RUMIPAMBA 1],RUMIPAMBA 1,2286
[DIVADM].[NAM_SUBCIR].&[RURAL 1],RURAL 1,381
[DIVADM].[NAM_SUBCIR].&[RURAL 2],RURAL 2,8528
[DIVADM].[NAM_SUBCIR].&[SABANA 1],SABANA 1,16547
[DIVADM].[NAM_SUBCIR].&[SABANA 2],SABANA 2,14308
[DIVADM].[NAM_SUBCIR].&[SABANILLA 1],SABANILLA 1,7304
[DIVADM].[NAM_SUBCIR].&[SABANILLA 2],SABANILLA 2,1069
[DIVADM].[NAM_SUBCIR].&[SACHAS 1],SACHAS 1,11639
[DIVADM].[NAM_SUBCIR].&[SACHAS 2],SACHAS 2,10650
[DIVADM].[NAM_SUBCIR].&[SAGRARIO 1],SAGRARIO 1,47694
[DIVADM].[NAM_SUBCIR].&[SALASACA 1],SALASACA 1,4940
[DIVADM].[NAM_SUBCIR].&[SALASACA 2],SALASACA 2,2441
[DIVADM].[NAM_SUBCIR].&[SALATI 1],SALATI 1,409
[DIVADM].[NAM_SUBCIR].&[SALCEDO 1],SALCEDO 1,17872
[DIVADM].[NAM_SUBCIR].&[SALCEDO 2],SALCEDO 2,27787
[DIVADM].[NAM_SUBCIR].&[SALCEDO 3],SALCEDO 3,986
[DIVADM].[NAM_SUBCIR].&[SALINAS 1],SALINAS 1,31819
[DIVADM].[NAM_SUBCIR].&[SALINAS 2],SALINAS 2,27367
[DIVADM].[NAM_SUBCIR].&[SALINAS 3],SALINAS 3,29022
[DIVADM].[NAM_SUBCIR].&[SALINAS 4],SALINAS 4,40136
[DIVADM].[NAM_SUBCIR].&[SALINAS CENTRO 1],SALINAS CENTRO 1,9593
[DIVADM].[NAM_SUBCIR].&[SALINAS CENTRO 2],SALINAS CENTRO 2,23169
[DIVADM].[NAM_SUBCIR].&[SALINAS CENTRO 3],SALINAS CENTRO 3,12264
[DIVADM].[NAM_SUBCIR].&[SALITRE NORTE 1],SALITRE NORTE 1,7384
[DIVADM].[NAM_SUBCIR].&[SALITRE SAUCES 1],SALITRE SAUCES 1,7934
[DIVADM].[NAM_SUBCIR].&[SALITRE SAUCES 2],SALITRE SAUCES 2,3431
[DIVADM].[NAM_SUBCIR].&[SAMANES 1],SAMANES 1,11605
[DIVADM].[NAM_SUBCIR].&[SAMANES 2],SAMANES 2,14090
[DIVADM].[NAM_SUBCIR].&[SAMANES 3],SAMANES 3,12977
[DIVADM].[NAM_SUBCIR].&[SAMBORONDON 1],SAMBORONDON 1,39046
[DIVADM].[NAM_SUBCIR].&[SAMBORONDON 2],SAMBORONDON 2,14932
[DIVADM].[NAM_SUBCIR].&[SAMBORONDON 3],SAMBORONDON 3,17405
[DIVADM].[NAM_SUBCIR].&[SAMBORONDON 4],SAMBORONDON 4,8293
[DIVADM].[NAM_SUBCIR].&[SAMBORONDON 5],SAMBORONDON 5,17352
[DIVADM].[NAM_SUBCIR].&[SAN ALFONSO 1],SAN ALFONSO 1,18332
[DIVADM].[NAM_SUBCIR].&[SAN ALFONSO 2],SAN ALFONSO 2,17402
[DIVADM].[NAM_SUBCIR].&[SAN ANDRES 1],SAN ANDRES 1,21972
[DIVADM].[NAM_SUBCIR].&[SAN ANDRES 2],SAN ANDRES 2,7805
[DIVADM].[NAM_SUBCIR].&[SAN ANTONIO 1],SAN ANTONIO 1,30999
[DIVADM].[NAM_SUBCIR].&[SAN ANTONIO 2],SAN ANTONIO 2,13679
[DIVADM].[NAM_SUBCIR].&[SAN ANTONIO ALTO 1],SAN ANTONIO ALTO 1,11402
[DIVADM].[NAM_SUBCIR].&[SAN ANTONIO BAJO 1],SAN ANTONIO BAJO 1,53159
[DIVADM].[NAM_SUBCIR].&[SAN ANTONIO DE LAS ARADAS 1],SAN ANTONIO DE LAS ARADAS 1,4761
[DIVADM].[NAM_SUBCIR].&[SAN BARTOLOME DE PINLLO 1],SAN BARTOLOME DE PINLLO 1,2305
[DIVADM].[NAM_SUBCIR].&[SAN BARTOLOME DE PINLLO 2],SAN BARTOLOME DE PINLLO 2,12021
[DIVADM].[NAM_SUBCIR].&[SAN BLAS 1],SAN BLAS 1,35340
[DIVADM].[NAM_SUBCIR].&[SAN CARLOS 1],SAN CARLOS 1,43269
[DIVADM].[NAM_SUBCIR].&[SAN CRISTOBAL 1],SAN CRISTOBAL 1,29444
[DIVADM].[NAM_SUBCIR].&[SAN FERNANDO 1],SAN FERNANDO 1,1417
[DIVADM].[NAM_SUBCIR].&[SAN FRANCISCO 1],SAN FRANCISCO 1,8033
[DIVADM].[NAM_SUBCIR].&[SAN FRANCISCO 2],SAN FRANCISCO 2,31545
[DIVADM].[NAM_SUBCIR].&[SAN FRANCISCO 3],SAN FRANCISCO 3,4694
[DIVADM].[NAM_SUBCIR].&[SAN FRANCISCO 4],SAN FRANCISCO 4,5355
[DIVADM].[NAM_SUBCIR].&[SAN FRANCISCO 5],SAN FRANCISCO 5,12543
[DIVADM].[NAM_SUBCIR].&[SAN FRANCISCO DE BORJA 1],SAN FRANCISCO DE BORJA 1,798
[DIVADM].[NAM_SUBCIR].&[SAN FRANCISCO DE BORJA 2],SAN FRANCISCO DE BORJA 2,5992
[DIVADM].[NAM_SUBCIR].&[SAN FRANCISCO DE NOVILLO 1],SAN FRANCISCO DE NOVILLO 1,127
[DIVADM].[NAM_SUBCIR].&[SAN FRANCISCO DEL VERGEL 1],SAN FRANCISCO DEL VERGEL 1,390
[DIVADM].[NAM_SUBCIR].&[SAN GABRIEL NORTE 1],SAN GABRIEL NORTE 1,13443
[DIVADM].[NAM_SUBCIR].&[SAN GABRIEL SUR 1],SAN GABRIEL SUR 1,14419
[DIVADM].[NAM_SUBCIR].&[SAN ISIDRO 1],SAN ISIDRO 1,3829
[DIVADM].[NAM_SUBCIR].&[SAN ISIDRO DEL INCA 1],SAN ISIDRO DEL INCA 1,12591
[DIVADM].[NAM_SUBCIR].&[SAN ISIDRO DEL INCA 2],SAN ISIDRO DEL INCA 2,18545
[DIVADM].[NAM_SUBCIR].&[SAN ISIDRO DEL INCA 3],SAN ISIDRO DEL INCA 3,5949
[DIVADM].[NAM_SUBCIR].&[SAN ISIDRO DEL INCA 4],SAN ISIDRO DEL INCA 4,22790
[DIVADM].[NAM_SUBCIR].&[SAN JACINTO 1],SAN JACINTO 1,796
[DIVADM].[NAM_SUBCIR].&[SAN JACINTO DEL BUA 1],SAN JACINTO DEL BUA 1,6241
[DIVADM].[NAM_SUBCIR].&[SAN JOAQUIN 1],SAN JOAQUIN 1,10893
[DIVADM].[NAM_SUBCIR].&[SAN JOSE 1],SAN JOSE 1,2116
[DIVADM].[NAM_SUBCIR].&[SAN JOSE DE JUJAN 1],SAN JOSE DE JUJAN 1,6149
[DIVADM].[NAM_SUBCIR].&[SAN JOSE DE MINAS OCCIDENTE 1],SAN JOSE DE MINAS OCCIDENTE 1,49
[DIVADM].[NAM_SUBCIR].&[SAN JOSE DE MINAS ORIENTE 1],SAN JOSE DE MINAS ORIENTE 1,2000
[DIVADM].[NAM_SUBCIR].&[SAN JOSE DEL TAMBO 1],SAN JOSE DEL TAMBO 1,5277
[DIVADM].[NAM_SUBCIR].&[SAN JUAN 1],SAN JUAN 1,95324
[DIVADM].[NAM_SUBCIR].&[SAN JUAN 2],SAN JUAN 2,28504
[DIVADM].[NAM_SUBCIR].&[SAN JUAN 3],SAN JUAN 3,9976
[DIVADM].[NAM_SUBCIR].&[SAN JUAN 4],SAN JUAN 4,28512
[DIVADM].[NAM_SUBCIR].&[SAN JUAN BOSCO 1],SAN JUAN BOSCO 1,1851
[DIVADM].[NAM_SUBCIR].&[SAN JUAN DE CALDERON 1],SAN JUAN DE CALDERON 1,23455
[DIVADM].[NAM_SUBCIR].&[SAN JUAN DE CALDERON 2],SAN JUAN DE CALDERON 2,78908
[DIVADM].[NAM_SUBCIR].&[SAN LORENZO 1],SAN LORENZO 1,8192
[DIVADM].[NAM_SUBCIR].&[SAN LORENZO 2],SAN LORENZO 2,6991
[DIVADM].[NAM_SUBCIR].&[SAN LUCAS 1],SAN LUCAS 1,2869
[DIVADM].[NAM_SUBCIR].&[SAN LUIS 1],SAN LUIS 1,42842
[DIVADM].[NAM_SUBCIR].&[SAN LUIS 2],SAN LUIS 2,15543
[DIVADM].[NAM_SUBCIR].&[SAN LUIS DE ARMENIA 1],SAN LUIS DE ARMENIA 1,1747
[DIVADM].[NAM_SUBCIR].&[SAN MARTIN 1],SAN MARTIN 1,19746
[DIVADM].[NAM_SUBCIR].&[SAN MATEO 1],SAN MATEO 1,18266
[DIVADM].[NAM_SUBCIR].&[SAN MATEO 2],SAN MATEO 2,1165
[DIVADM].[NAM_SUBCIR].&[SAN MIGUEL 1],SAN MIGUEL 1,26711
[DIVADM].[NAM_SUBCIR].&[SAN MIGUEL 2],SAN MIGUEL 2,5906
[DIVADM].[NAM_SUBCIR].&[SAN MIGUEL DE CUYES 1],SAN MIGUEL DE CUYES 1,132
[DIVADM].[NAM_SUBCIR].&[SAN MIGUELITO 1],SAN MIGUELITO 1,587
[DIVADM].[NAM_SUBCIR].&[SAN MIGUELITO 2],SAN MIGUELITO 2,4159
[DIVADM].[NAM_SUBCIR].&[SAN PABLO 1],SAN PABLO 1,39142
[DIVADM].[NAM_SUBCIR].&[SAN PABLO 2],SAN PABLO 2,26622
[DIVADM].[NAM_SUBCIR].&[SAN PABLO DE PUEBLO NUEVO 1],SAN PABLO DE PUEBLO NUEVO 1,185
[DIVADM].[NAM_SUBCIR].&[SAN PABLO DE TENTA 1],SAN PABLO DE TENTA 1,1084
[DIVADM].[NAM_SUBCIR].&[SAN PEDRO 1],SAN PEDRO 1,21479
[DIVADM].[NAM_SUBCIR].&[SAN PEDRO 2],SAN PEDRO 2,8430
[DIVADM].[NAM_SUBCIR].&[SAN PEDRO 3],SAN PEDRO 3,1037
[DIVADM].[NAM_SUBCIR].&[SAN PEDRO 4],SAN PEDRO 4,283
[DIVADM].[NAM_SUBCIR].&[SAN PEDRO DE HUACA 1],SAN PEDRO DE HUACA 1,9087
[DIVADM].[NAM_SUBCIR].&[SAN PEDRO DE HUACA 2],SAN PEDRO DE HUACA 2,1162
[DIVADM].[NAM_SUBCIR].&[SAN PEDRO DE LA BENDITA 1],SAN PEDRO DE LA BENDITA 1,3069
[DIVADM].[NAM_SUBCIR].&[SAN PEDRO DE SUMA 1],SAN PEDRO DE SUMA 1,387
[DIVADM].[NAM_SUBCIR].&[SAN PEDRO DE SUMA 2],SAN PEDRO DE SUMA 2,951
[DIVADM].[NAM_SUBCIR].&[SAN PLACIDO 1],SAN PLACIDO 1,2970
[DIVADM].[NAM_SUBCIR].&[SAN RAFAEL 1],SAN RAFAEL 1,31893
[DIVADM].[NAM_SUBCIR].&[SAN RAFAEL 2],SAN RAFAEL 2,18628
[DIVADM].[NAM_SUBCIR].&[SAN RAFAEL SHARUG 1],SAN RAFAEL SHARUG 1,393
[DIVADM].[NAM_SUBCIR].&[SAN ROQUE 1],SAN ROQUE 1,19895
[DIVADM].[NAM_SUBCIR].&[SAN ROQUE 2],SAN ROQUE 2,11168
[DIVADM].[NAM_SUBCIR].&[SAN SEBASTIAN 1],SAN SEBASTIAN 1,26121
[DIVADM].[NAM_SUBCIR].&[SAN SEBASTIAN 2],SAN SEBASTIAN 2,827
[DIVADM].[NAM_SUBCIR].&[SAN VICENTE 1],SAN VICENTE 1,19414
[DIVADM].[NAM_SUBCIR].&[SAN VICENTE 2],SAN VICENTE 2,4132
[DIVADM].[NAM_SUBCIR].&[SAN VICENTE DE BUA 1],SAN VICENTE DE BUA 1,1047
[DIVADM].[NAM_SUBCIR].&[SANCAN 1],SANCAN 1,3566
[DIVADM].[NAM_SUBCIR].&[SANGAY CENTRO 1],SANGAY CENTRO 1,2737
[DIVADM].[NAM_SUBCIR].&[SANGOLQUI 1],SANGOLQUI 1,9964
[DIVADM].[NAM_SUBCIR].&[SANGOLQUI 2],SANGOLQUI 2,66906
[DIVADM].[NAM_SUBCIR].&[SANGOLQUI 3],SANGOLQUI 3,14972
[DIVADM].[NAM_SUBCIR].&[SANGUILLIN 1],SANGUILLIN 1,374
[DIVADM].[NAM_SUBCIR].&[SANTA ANA 1],SANTA ANA 1,13643
[DIVADM].[NAM_SUBCIR].&[SANTA ANA DE VUELTA LARGA 1],SANTA ANA DE VUELTA LARGA 1,168
[DIVADM].[NAM_SUBCIR].&[SANTA ANITA 1],SANTA ANITA 1,11919
[DIVADM].[NAM_SUBCIR].&[SANTA ANITA 2],SANTA ANITA 2,37294
[DIVADM].[NAM_SUBCIR].&[SANTA ANITA 3],SANTA ANITA 3,24035
[DIVADM].[NAM_SUBCIR].&[SANTA CECILIA 1],SANTA CECILIA 1,2205
[DIVADM].[NAM_SUBCIR].&[SANTA CECILIA 2],SANTA CECILIA 2,7246
[DIVADM].[NAM_SUBCIR].&[SANTA CLARA 1],SANTA CLARA 1,3636
[DIVADM].[NAM_SUBCIR].&[SANTA CRUZ 1],SANTA CRUZ 1,3676
[DIVADM].[NAM_SUBCIR].&[SANTA ELENA CENTRO 1],SANTA ELENA CENTRO 1,7066
[DIVADM].[NAM_SUBCIR].&[SANTA ELENA CENTRO 2],SANTA ELENA CENTRO 2,12392
[DIVADM].[NAM_SUBCIR].&[SANTA ELENA CENTRO 3],SANTA ELENA CENTRO 3,26299
[DIVADM].[NAM_SUBCIR].&[SANTA ELENA CENTRO 4],SANTA ELENA CENTRO 4,10761
[DIVADM].[NAM_SUBCIR].&[SANTA FE DE GALAN 1],SANTA FE DE GALAN 1,1261
[DIVADM].[NAM_SUBCIR].&[SANTA ISABEL 1],SANTA ISABEL 1,12330
[DIVADM].[NAM_SUBCIR].&[SANTA LUCIA 1],SANTA LUCIA 1,12209
[DIVADM].[NAM_SUBCIR].&[SANTA MARIA 1],SANTA MARIA 1,2383
[DIVADM].[NAM_SUBCIR].&[SANTA MARTHA 1],SANTA MARTHA 1,17480
[DIVADM].[NAM_SUBCIR].&[SANTA MARTHA DE CUBA 1],SANTA MARTHA DE CUBA 1,2474
[DIVADM].[NAM_SUBCIR].&[SANTA MARTHA NORTE 1],SANTA MARTHA NORTE 1,10071
[DIVADM].[NAM_SUBCIR].&[SANTA MARTHA NORTE 2],SANTA MARTHA NORTE 2,24032
[DIVADM].[NAM_SUBCIR].&[SANTA MARTHA SUR 1],SANTA MARTHA SUR 1,4454
[DIVADM].[NAM_SUBCIR].&[SANTA MARTHA SUR 2],SANTA MARTHA SUR 2,14012
[DIVADM].[NAM_SUBCIR].&[SANTA MARTHA SUR 3],SANTA MARTHA SUR 3,6374
[DIVADM].[NAM_SUBCIR].&[SANTA RITA 1],SANTA RITA 1,9473
[DIVADM].[NAM_SUBCIR].&[SANTA ROSA 1],SANTA ROSA 1,41352
[DIVADM].[NAM_SUBCIR].&[SANTA ROSA 2],SANTA ROSA 2,6992
[DIVADM].[NAM_SUBCIR].&[SANTA ROSA 3],SANTA ROSA 3,9362
[DIVADM].[NAM_SUBCIR].&[SANTA ROSA ESTE 1],SANTA ROSA ESTE 1,19468
[DIVADM].[NAM_SUBCIR].&[SANTA ROSA ESTE 2],SANTA ROSA ESTE 2,21948
[DIVADM].[NAM_SUBCIR].&[SANTA ROSA OESTE 1],SANTA ROSA OESTE 1,27801
[DIVADM].[NAM_SUBCIR].&[SANTA VAINAS 1],SANTA VAINAS 1,11395
[DIVADM].[NAM_SUBCIR].&[SANTIAGO 1],SANTIAGO 1,3006
[DIVADM].[NAM_SUBCIR].&[SANTIAGO DE MENDEZ 1],SANTIAGO DE MENDEZ 1,9011
[DIVADM].[NAM_SUBCIR].&[SANTIAGO DE QUITO 1],SANTIAGO DE QUITO 1,1424
[DIVADM].[NAM_SUBCIR].&[SAQUISILI 1],SAQUISILI 1,6494
[DIVADM].[NAM_SUBCIR].&[SAQUISILI 2],SAQUISILI 2,14724
[DIVADM].[NAM_SUBCIR].&[SARACAY 1],SARACAY 1,2759
[DIVADM].[NAM_SUBCIR].&[SARACAY 2],SARACAY 2,599
[DIVADM].[NAM_SUBCIR].&[SARAGURO 1],SARAGURO 1,9601
[DIVADM].[NAM_SUBCIR].&[SARAYACU 1],SARAYACU 1,302
[DIVADM].[NAM_SUBCIR].&[SAUCES 1],SAUCES 1,17607
[DIVADM].[NAM_SUBCIR].&[SAUCES 2],SAUCES 2,9499
[DIVADM].[NAM_SUBCIR].&[SAUCES 3],SAUCES 3,7618
[DIVADM].[NAM_SUBCIR].&[SAUCES 4],SAUCES 4,15416
[DIVADM].[NAM_SUBCIR].&[SAUCES 5],SAUCES 5,9797
[DIVADM].[NAM_SUBCIR].&[SAUCES 6],SAUCES 6,24438
[DIVADM].[NAM_SUBCIR].&[SAUCES 7],SAUCES 7,13226
[DIVADM].[NAM_SUBCIR].&[SAUCES 8],SAUCES 8,15561
[DIVADM].[NAM_SUBCIR].&[SAUCES NORTE 1],SAUCES NORTE 1,14565
[DIVADM].[NAM_SUBCIR].&[SAUCES NORTE 2],SAUCES NORTE 2,15219
[DIVADM].[NAM_SUBCIR].&[SAYAUSI 1],SAYAUSI 1,13315
[DIVADM].[NAM_SUBCIR].&[SELVA ALEGRE 1],SELVA ALEGRE 1,3593
[DIVADM].[NAM_SUBCIR].&[SELVA ALEGRE 2],SELVA ALEGRE 2,969
[DIVADM].[NAM_SUBCIR].&[SEVILLA DE ORO 1],SEVILLA DE ORO 1,752
[DIVADM].[NAM_SUBCIR].&[SEVILLA DON BOSCO 1],SEVILLA DON BOSCO 1,21657
[DIVADM].[NAM_SUBCIR].&[SEVILLA DON BOSCO 2],SEVILLA DON BOSCO 2,720
[DIVADM].[NAM_SUBCIR].&[SHELL MERA 1],SHELL MERA 1,18290
[DIVADM].[NAM_SUBCIR].&[SHELL MERA 2],SHELL MERA 2,4309
[DIVADM].[NAM_SUBCIR].&[SHOPPING 1],SHOPPING 1,15563
[DIVADM].[NAM_SUBCIR].&[SHUMIRAL 1],SHUMIRAL 1,3240
[DIVADM].[NAM_SUBCIR].&[SHUSHUFINDI CENTRO 1],SHUSHUFINDI CENTRO 1,12106
[DIVADM].[NAM_SUBCIR].&[SHUSHUFINDI CENTRO 2],SHUSHUFINDI CENTRO 2,14833
[DIVADM].[NAM_SUBCIR].&[SIGCHOS 1],SIGCHOS 1,6694
[DIVADM].[NAM_SUBCIR].&[SIGSIG 1],SIGSIG 1,1763
[DIVADM].[NAM_SUBCIR].&[SIGSIG 2],SIGSIG 2,11502
[DIVADM].[NAM_SUBCIR].&[SIMIATUG 1],SIMIATUG 1,2325
[DIVADM].[NAM_SUBCIR].&[SIMON BOLIVAR 1],SIMON BOLIVAR 1,55309
[DIVADM].[NAM_SUBCIR].&[SIMON BOLIVAR 2],SIMON BOLIVAR 2,11791
[DIVADM].[NAM_SUBCIR].&[SINAI 1],SINAI 1,1595
[DIVADM].[NAM_SUBCIR].&[SININCAY 1],SININCAY 1,15417
[DIVADM].[NAM_SUBCIR].&[SIXTO DURAN BALLEN 1],SIXTO DURAN BALLEN 1,440
[DIVADM].[NAM_SUBCIR].&[SOLANDA 1],SOLANDA 1,18905
[DIVADM].[NAM_SUBCIR].&[SOLANDA 2],SOLANDA 2,20357
[DIVADM].[NAM_SUBCIR].&[SOLANDA 3],SOLANDA 3,29129
[DIVADM].[NAM_SUBCIR].&[SOLANDA 4],SOLANDA 4,31897
[DIVADM].[NAM_SUBCIR].&[SOZORANGA 1],SOZORANGA 1,1538
[DIVADM].[NAM_SUBCIR].&[SUBURBIO 1],SUBURBIO 1,5750
[DIVADM].[NAM_SUBCIR].&[SUBURBIO 2],SUBURBIO 2,31468
[DIVADM].[NAM_SUBCIR].&[SUBURBIO 3],SUBURBIO 3,25570
[DIVADM].[NAM_SUBCIR].&[SUBURBIO 4],SUBURBIO 4,17510
[DIVADM].[NAM_SUBCIR].&[SUBURBIO 5],SUBURBIO 5,23913
[DIVADM].[NAM_SUBCIR].&[SUCRE 1],SUCRE 1,84635
[DIVADM].[NAM_SUBCIR].&[SUCUA 1],SUCUA 1,32332
[DIVADM].[NAM_SUBCIR].&[SUMAYPAMBA 1],SUMAYPAMBA 1,266
[DIVADM].[NAM_SUBCIR].&[SUSCAL 1],SUSCAL 1,3212
[DIVADM].[NAM_SUBCIR].&[TABABELA 1],TABABELA 1,13723
[DIVADM].[NAM_SUBCIR].&[TABACUNDO 1],TABACUNDO 1,21188
[DIVADM].[NAM_SUBCIR].&[TABACUNDO 2],TABACUNDO 2,5351
[DIVADM].[NAM_SUBCIR].&[TABIAZO 1],TABIAZO 1,933
[DIVADM].[NAM_SUBCIR].&[TABIAZO 2],TABIAZO 2,176
[DIVADM].[NAM_SUBCIR].&[TABLADO DEL TIGRE 1],TABLADO DEL TIGRE 1,423
[DIVADM].[NAM_SUBCIR].&[TABLON 1],TABLON 1,728
[DIVADM].[NAM_SUBCIR].&[TACAMOROS 1],TACAMOROS 1,266
[DIVADM].[NAM_SUBCIR].&[TAISHA CENTRO 1],TAISHA CENTRO 1,5967
[DIVADM].[NAM_SUBCIR].&[TALAG 1],TALAG 1,1996
[DIVADM].[NAM_SUBCIR].&[TAMBILLO 1],TAMBILLO 1,127
[DIVADM].[NAM_SUBCIR].&[TANDAPI 1],TANDAPI 1,13505
[DIVADM].[NAM_SUBCIR].&[TAQUIL 1],TAQUIL 1,2523
[DIVADM].[NAM_SUBCIR].&[TAQUIL 2],TAQUIL 2,2036
[DIVADM].[NAM_SUBCIR].&[TARAPOA 1],TARAPOA 1,7246
[DIVADM].[NAM_SUBCIR].&[TARIFA 1],TARIFA 1,19785
[DIVADM].[NAM_SUBCIR].&[TARQUI 1],TARQUI 1,41874
[DIVADM].[NAM_SUBCIR].&[TARQUI 2],TARQUI 2,7726
[DIVADM].[NAM_SUBCIR].&[TARQUI 3],TARQUI 3,11562
[DIVADM].[NAM_SUBCIR].&[TAURA 1],TAURA 1,2455
[DIVADM].[NAM_SUBCIR].&[TAURA 2],TAURA 2,6549
[DIVADM].[NAM_SUBCIR].&[TEBAIDA 1],TEBAIDA 1,20880
[DIVADM].[NAM_SUBCIR].&[TECHO PROPIO 1],TECHO PROPIO 1,52588
[DIVADM].[NAM_SUBCIR].&[TELIMBELA 1],TELIMBELA 1,425
[DIVADM].[NAM_SUBCIR].&[TENGUEL 1],TENGUEL 1,8029
[DIVADM].[NAM_SUBCIR].&[TERMINAL TERRESTRE 1],TERMINAL TERRESTRE 1,124350
[DIVADM].[NAM_SUBCIR].&[TERMINAL TERRESTRE 2],TERMINAL TERRESTRE 2,29554
[DIVADM].[NAM_SUBCIR].&[TEXTILERO 1],TEXTILERO 1,22270
[DIVADM].[NAM_SUBCIR].&[TIERRAS AMARILLAS 1],TIERRAS AMARILLAS 1,446
[DIVADM].[NAM_SUBCIR].&[TIO CAJAS 1],TIO CAJAS 1,1167
[DIVADM].[NAM_SUBCIR].&[TISALEO 1],TISALEO 1,12660
[DIVADM].[NAM_SUBCIR].&[TIXAN 1],TIXAN 1,3016
[DIVADM].[NAM_SUBCIR].&[TOACAZO 1],TOACAZO 1,4293
[DIVADM].[NAM_SUBCIR].&[TONCHIGUE 1],TONCHIGUE 1,9687
[DIVADM].[NAM_SUBCIR].&[TONCHIGUE 2],TONCHIGUE 2,4251
[DIVADM].[NAM_SUBCIR].&[TONSUPA 1],TONSUPA 1,20849
[DIVADM].[NAM_SUBCIR].&[TORATA 1],TORATA 1,1503
[DIVADM].[NAM_SUBCIR].&[TORATA 2],TORATA 2,9044
[DIVADM].[NAM_SUBCIR].&[TOTORACOCHA 1],TOTORACOCHA 1,20464
[DIVADM].[NAM_SUBCIR].&[TRES PUERTOS 1],TRES PUERTOS 1,304
[DIVADM].[NAM_SUBCIR].&[TRINITARIA NORTE 1],TRINITARIA NORTE 1,17359
[DIVADM].[NAM_SUBCIR].&[TRINITARIA NORTE 2],TRINITARIA NORTE 2,18661
[DIVADM].[NAM_SUBCIR].&[TRINITARIA NORTE 3],TRINITARIA NORTE 3,11369
[DIVADM].[NAM_SUBCIR].&[TRINITARIA NORTE 4],TRINITARIA NORTE 4,12488
[DIVADM].[NAM_SUBCIR].&[TRINITARIA SUR 1],TRINITARIA SUR 1,9580
[DIVADM].[NAM_SUBCIR].&[TRINITARIA SUR 2],TRINITARIA SUR 2,16226
[DIVADM].[NAM_SUBCIR].&[TRINITARIA SUR 3],TRINITARIA SUR 3,26633
[DIVADM].[NAM_SUBCIR].&[TRINITARIA SUR 4],TRINITARIA SUR 4,9387
[DIVADM].[NAM_SUBCIR].&[TRINITARIA SUR 5],TRINITARIA SUR 5,8529
[DIVADM].[NAM_SUBCIR].&[TRONCAL CENTRO 1],TRONCAL CENTRO 1,28447
[DIVADM].[NAM_SUBCIR].&[TRONCAL CENTRO 2],TRONCAL CENTRO 2,9983
[DIVADM].[NAM_SUBCIR].&[TRONCAL NORTE 1],TRONCAL NORTE 1,30792
[DIVADM].[NAM_SUBCIR].&[TRONCAL OESTE 1],TRONCAL OESTE 1,2764
[DIVADM].[NAM_SUBCIR].&[TRONCAL OESTE 2],TRONCAL OESTE 2,3700
[DIVADM].[NAM_SUBCIR].&[TRONCAL OESTE 3],TRONCAL OESTE 3,2048
[DIVADM].[NAM_SUBCIR].&[TUFIÑO 1],TUFIÑO 1,5177
[DIVADM].[NAM_SUBCIR].&[TUMBACO 1],TUMBACO 1,57487
[DIVADM].[NAM_SUBCIR].&[TUMBACO 2],TUMBACO 2,11467
[DIVADM].[NAM_SUBCIR].&[TUMBACO SUR 1],TUMBACO SUR 1,15808
[DIVADM].[NAM_SUBCIR].&[TUMBACO SUR 2],TUMBACO SUR 2,20591
[DIVADM].[NAM_SUBCIR].&[TUNDAYME 1],TUNDAYME 1,922
[DIVADM].[NAM_SUBCIR].&[TURI 1],TURI 1,17766
[DIVADM].[NAM_SUBCIR].&[TURUBAMBA 1],TURUBAMBA 1,12104
[DIVADM].[NAM_SUBCIR].&[TURUBAMBA 2],TURUBAMBA 2,23537
[DIVADM].[NAM_SUBCIR].&[TURUBAMBA 3],TURUBAMBA 3,40997
[DIVADM].[NAM_SUBCIR].&[TURUBAMBA 4],TURUBAMBA 4,19643
[DIVADM].[NAM_SUBCIR].&[TURUBAMBA 5],TURUBAMBA 5,3132
[DIVADM].[NAM_SUBCIR].&[TURUBAMBA 6],TURUBAMBA 6,10163
[DIVADM].[NAM_SUBCIR].&[TUTUPALI 1],TUTUPALI 1,73
[DIVADM].[NAM_SUBCIR].&[TWINTZA 1],TWINTZA 1,4315
[DIVADM].[NAM_SUBCIR].&[UCHUPUCUM 1],UCHUPUCUM 1,640
[DIVADM].[NAM_SUBCIR].&[UNIFICADOS 1],UNIFICADOS 1,19004
[DIVADM].[NAM_SUBCIR].&[UNIFICADOS 2],UNIFICADOS 2,11324
[DIVADM].[NAM_SUBCIR].&[UNION DE BANANEROS 1],UNION DE BANANEROS 1,27407
[DIVADM].[NAM_SUBCIR].&[UNION DE BANANEROS 2],UNION DE BANANEROS 2,5440
[DIVADM].[NAM_SUBCIR].&[UNION DE BANANEROS 3],UNION DE BANANEROS 3,25648
[DIVADM].[NAM_SUBCIR].&[UNION LOJANA 1],UNION LOJANA 1,17508
[DIVADM].[NAM_SUBCIR].&[UNION LOJANA 2],UNION LOJANA 2,22915
[DIVADM].[NAM_SUBCIR].&[UNIVERSIDAD 1],UNIVERSIDAD 1,28678
[DIVADM].[NAM_SUBCIR].&[UNIVERSIDAD 2],UNIVERSIDAD 2,45411
[DIVADM].[NAM_SUBCIR].&[UNIVERSIDAD 3],UNIVERSIDAD 3,7256
[DIVADM].[NAM_SUBCIR].&[UNIVERSITARIO 1],UNIVERSITARIO 1,37271
[DIVADM].[NAM_SUBCIR].&[UNIVERSITARIO 2],UNIVERSITARIO 2,39419
[DIVADM].[NAM_SUBCIR].&[UNIVERSITARIO 3],UNIVERSITARIO 3,22801
[DIVADM].[NAM_SUBCIR].&[URBINA 1],URBINA 1,5336
[DIVADM].[NAM_SUBCIR].&[URBINA 2],URBINA 2,540
[DIVADM].[NAM_SUBCIR].&[URDANETA 1],URDANETA 1,2200
[DIVADM].[NAM_SUBCIR].&[URDESA 1],URDESA 1,21257
[DIVADM].[NAM_SUBCIR].&[URDESA 2],URDESA 2,5828
[DIVADM].[NAM_SUBCIR].&[URDESA 3],URDESA 3,4850
[DIVADM].[NAM_SUBCIR].&[URDESA 4],URDESA 4,7152
[DIVADM].[NAM_SUBCIR].&[URDESA 5],URDESA 5,7538
[DIVADM].[NAM_SUBCIR].&[URDESA 6],URDESA 6,14681
[DIVADM].[NAM_SUBCIR].&[URDESA 7],URDESA 7,9437
[DIVADM].[NAM_SUBCIR].&[UZCURRUMI 1],UZCURRUMI 1,448
[DIVADM].[NAM_SUBCIR].&[VALDEZ 1],VALDEZ 1,32900
[DIVADM].[NAM_SUBCIR].&[VALENCIA 1],VALENCIA 1,21304
[DIVADM].[NAM_SUBCIR].&[VALLE DE LA VIRGEN 1],VALLE DE LA VIRGEN 1,2189
[DIVADM].[NAM_SUBCIR].&[VALLE HERMOSO 1],VALLE HERMOSO 1,11106
[DIVADM].[NAM_SUBCIR].&[VALLE HERMOSO 2],VALLE HERMOSO 2,26368
[DIVADM].[NAM_SUBCIR].&[VALLE HERMOSO 3],VALLE HERMOSO 3,15946
[DIVADM].[NAM_SUBCIR].&[VEGA RIVERA 1],VEGA RIVERA 1,2673
[DIVADM].[NAM_SUBCIR].&[VELASCO IBARRA 1],VELASCO IBARRA 1,13662
[DIVADM].[NAM_SUBCIR].&[VELASCO IBARRA 2],VELASCO IBARRA 2,9697
[DIVADM].[NAM_SUBCIR].&[VENEZUELA 1],VENEZUELA 1,23344
[DIVADM].[NAM_SUBCIR].&[VENEZUELA 2],VENEZUELA 2,37260
[DIVADM].[NAM_SUBCIR].&[VENEZUELA 3],VENEZUELA 3,31438
[DIVADM].[NAM_SUBCIR].&[VENTANAS CENTRO 1],VENTANAS CENTRO 1,34747
[DIVADM].[NAM_SUBCIR].&[VENTANAS NORTE 1],VENTANAS NORTE 1,22764
[DIVADM].[NAM_SUBCIR].&[VENTANAS SUR 1],VENTANAS SUR 1,21594
[DIVADM].[NAM_SUBCIR].&[VERDE LOMA 1],VERDE LOMA 1,23946
[DIVADM].[NAM_SUBCIR].&[VERNAZA 1],VERNAZA 1,2684
[DIVADM].[NAM_SUBCIR].&[VIA LACTEA 1],VIA LACTEA 1,49894
[DIVADM].[NAM_SUBCIR].&[VICHE 1],VICHE 1,5901
[DIVADM].[NAM_SUBCIR].&[VICTORIA 1],VICTORIA 1,17306
[DIVADM].[NAM_SUBCIR].&[VICTORIA 2],VICTORIA 2,8498
[DIVADM].[NAM_SUBCIR].&[VICTORIA 3],VICTORIA 3,12415
[DIVADM].[NAM_SUBCIR].&[VICTORIA 4],VICTORIA 4,22324
[DIVADM].[NAM_SUBCIR].&[VICTORIA 5],VICTORIA 5,24517
[DIVADM].[NAM_SUBCIR].&[VILCABAMBA 1],VILCABAMBA 1,9866
[DIVADM].[NAM_SUBCIR].&[VILLA NUEVA 1],VILLA NUEVA 1,14010
[DIVADM].[NAM_SUBCIR].&[VINCES CENTRO 1],VINCES CENTRO 1,11736
[DIVADM].[NAM_SUBCIR].&[VINCES NORTE 1],VINCES NORTE 1,1120
[DIVADM].[NAM_SUBCIR].&[VINCES SUR 1],VINCES SUR 1,14101
[DIVADM].[NAM_SUBCIR].&[VIRGEN DE FATIMA 1],VIRGEN DE FATIMA 1,30306
[DIVADM].[NAM_SUBCIR].&[VIRGEN DEL CARMEN 1],VIRGEN DEL CARMEN 1,6811
[DIVADM].[NAM_SUBCIR].&[VIRGEN DEL CARMEN 2],VIRGEN DEL CARMEN 2,15465
[DIVADM].[NAM_SUBCIR].&[VISALTUR 1],VISALTUR 1,6686
[DIVADM].[NAM_SUBCIR].&[VISALTUR 2],VISALTUR 2,4677
[DIVADM].[NAM_SUBCIR].&[VUELTA LARGA NORTE 1],VUELTA LARGA NORTE 1,137
[DIVADM].[NAM_SUBCIR].&[VUELTA LARGA SUR 1],VUELTA LARGA SUR 1,1397
[DIVADM].[NAM_SUBCIR].&[WILFRIDO LOOR MOREIRA 1],WILFRIDO LOOR MOREIRA 1,1363
[DIVADM].[NAM_SUBCIR].&[WILSON FRANCO 1],WILSON FRANCO 1,10178
[DIVADM].[NAM_SUBCIR].&[YACUAMBI 1],YACUAMBI 1,2569
[DIVADM].[NAM_SUBCIR].&[YAGUACHI NORTE 1],YAGUACHI NORTE 1,16602
[DIVADM].[NAM_SUBCIR].&[YAGUACHI SUR 1],YAGUACHI SUR 1,17448
[DIVADM].[NAM_SUBCIR].&[YAMANA 1],YAMANA 1,1186
[DIVADM].[NAM_SUBCIR].&[YANGANA 1],YANGANA 1,1276
[DIVADM].[NAM_SUBCIR].&[YANTZAZA 1],YANTZAZA 1,19728
[DIVADM].[NAM_SUBCIR].&[YANTZAZA 2],YANTZAZA 2,1183
[DIVADM].[NAM_SUBCIR].&[YANUNCAY 1],YANUNCAY 1,48587
[DIVADM].[NAM_SUBCIR].&[YARUQUI 1],YARUQUI 1,25091
[DIVADM].[NAM_SUBCIR].&[YARUQUI 2],YARUQUI 2,12913
[DIVADM].[NAM_SUBCIR].&[YARUQUIES 1],YARUQUIES 1,3140
[DIVADM].[NAM_SUBCIR].&[YAUPI 1],YAUPI 1,236
[DIVADM].[NAM_SUBCIR].&[YUNGANZA 1],YUNGANZA 1,1436
[DIVADM].[NAM_SUBCIR].&[YURALPA 1],YURALPA 1,1262
[DIVADM].[NAM_SUBCIR].&[ZAMBIZA 1],ZAMBIZA 1,6677
[DIVADM].[NAM_SUBCIR].&[ZAMORA HUAYCO 1],ZAMORA HUAYCO 1,21760
[DIVADM].[NAM_SUBCIR].&[ZAPALLO 1],ZAPALLO 1,977
[DIVADM].[NAM_SUBCIR].&[ZAPOTAL 1],ZAPOTAL 1,11748
[DIVADM].[NAM_SUBCIR].&[ZAPOTAL NUEVO 1],ZAPOTAL NUEVO 1,3301
[DIVADM].[NAM_SUBCIR].&[ZAPOTILLO 1],ZAPOTILLO 1,6744
[DIVADM].[NAM_SUBCIR].&[ZARUMA 1],ZARUMA 1,13915
[DIVADM].[NAM_SUBCIR].&[ZHIMAD 1],ZHIMAD 1,897
[DIVADM].[NAM_SUBCIR].&[ZHUD 1],ZHUD 1,2177
[DIVADM].[NAM_SUBCIR].&[ZUMBA 1],ZUMBA 1,7229
[DIVADM].[NAM_SUBCIR].&[ZUMBAGUA 1],ZUMBAGUA 1,3489
[DIVADM].[NAM_SUBCIR].&[ZUMBI 1],ZUMBI 1,7252
[DIVADM].[NAM_SUBCIR].&[ZURMI 1],ZURMI 1,544
[DIVADM].[NAM_SUBCIR].&,,4347
