[DIVPOL].[DPA_PARROQ].[DPA_PARROQ].[MEMBER_UNIQUE_NAME],[DIVPOL].[DPA_PARROQ].[DPA_PARROQ].[MEMBER_CAPTION],[Measures].[SumaIncidentes]
[DIVPOL].[DPA_PARROQ].&[010150],010150,882926
[DIVPOL].[DPA_PARROQ].&[010151],010151,19993
[DIVPOL].[DPA_PARROQ].&[010152],010152,5850
[DIVPOL].[DPA_PARROQ].&[010153],010153,239
[DIVPOL].[DPA_PARROQ].&[010154],010154,2636
[DIVPOL].[DPA_PARROQ].&[010155],010155,4633
[DIVPOL].[DPA_PARROQ].&[010156],010156,5992
[DIVPOL].[DPA_PARROQ].&[010157],010157,6146
[DIVPOL].[DPA_PARROQ].&[010158],010158,7839
[DIVPOL].[DPA_PARROQ].&[010159],010159,1323
[DIVPOL].[DPA_PARROQ].&[010160],010160,8006
[DIVPOL].[DPA_PARROQ].&[010161],010161,3958
[DIVPOL].[DPA_PARROQ].&[010162],010162,29427
[DIVPOL].[DPA_PARROQ].&[010163],010163,10893
[DIVPOL].[DPA_PARROQ].&[010164],010164,4210
[DIVPOL].[DPA_PARROQ].&[010165],010165,13315
[DIVPOL].[DPA_PARROQ].&[010166],010166,2473
[DIVPOL].[DPA_PARROQ].&[010167],010167,15417
[DIVPOL].[DPA_PARROQ].&[010168],010168,8838
[DIVPOL].[DPA_PARROQ].&[010169],010169,17766
[DIVPOL].[DPA_PARROQ].&[010170],010170,25000
[DIVPOL].[DPA_PARROQ].&[010171],010171,4730
[DIVPOL].[DPA_PARROQ].&[010250],010250,10998
[DIVPOL].[DPA_PARROQ].&[010251],010251,2259
[DIVPOL].[DPA_PARROQ].&[010252],010252,366
[DIVPOL].[DPA_PARROQ].&[010350],010350,35201
[DIVPOL].[DPA_PARROQ].&[010352],010352,868
[DIVPOL].[DPA_PARROQ].&[010353],010353,1411
[DIVPOL].[DPA_PARROQ].&[010354],010354,1549
[DIVPOL].[DPA_PARROQ].&[010356],010356,1151
[DIVPOL].[DPA_PARROQ].&[010357],010357,2183
[DIVPOL].[DPA_PARROQ].&[010358],010358,897
[DIVPOL].[DPA_PARROQ].&[010359],010359,1324
[DIVPOL].[DPA_PARROQ].&[010360],010360,635
[DIVPOL].[DPA_PARROQ].&[010450],010450,7098
[DIVPOL].[DPA_PARROQ].&[010451],010451,879
[DIVPOL].[DPA_PARROQ].&[010452],010452,598
[DIVPOL].[DPA_PARROQ].&[010453],010453,813
[DIVPOL].[DPA_PARROQ].&[010550],010550,15584
[DIVPOL].[DPA_PARROQ].&[010552],010552,665
[DIVPOL].[DPA_PARROQ].&[010553],010553,1726
[DIVPOL].[DPA_PARROQ].&[010554],010554,3377
[DIVPOL].[DPA_PARROQ].&[010556],010556,210
[DIVPOL].[DPA_PARROQ].&[010559],010559,3185
[DIVPOL].[DPA_PARROQ].&[010561],010561,511
[DIVPOL].[DPA_PARROQ].&[010562],010562,697
[DIVPOL].[DPA_PARROQ].&[010650],010650,4326
[DIVPOL].[DPA_PARROQ].&[010652],010652,393
[DIVPOL].[DPA_PARROQ].&[010750],010750,1207
[DIVPOL].[DPA_PARROQ].&[010751],010751,210
[DIVPOL].[DPA_PARROQ].&[010850],010850,14398
[DIVPOL].[DPA_PARROQ].&[010851],010851,4539
[DIVPOL].[DPA_PARROQ].&[010853],010853,249
[DIVPOL].[DPA_PARROQ].&[010854],010854,839
[DIVPOL].[DPA_PARROQ].&[010950],010950,9970
[DIVPOL].[DPA_PARROQ].&[010951],010951,1095
[DIVPOL].[DPA_PARROQ].&[010952],010952,1057
[DIVPOL].[DPA_PARROQ].&[010953],010953,437
[DIVPOL].[DPA_PARROQ].&[010954],010954,1171
[DIVPOL].[DPA_PARROQ].&[010955],010955,1763
[DIVPOL].[DPA_PARROQ].&[010956],010956,707
[DIVPOL].[DPA_PARROQ].&[011050],011050,2270
[DIVPOL].[DPA_PARROQ].&[011051],011051,999
[DIVPOL].[DPA_PARROQ].&[011150],011150,5380
[DIVPOL].[DPA_PARROQ].&[011151],011151,389
[DIVPOL].[DPA_PARROQ].&[011152],011152,956
[DIVPOL].[DPA_PARROQ].&[011153],011153,443
[DIVPOL].[DPA_PARROQ].&[011154],011154,514
[DIVPOL].[DPA_PARROQ].&[011250],011250,900
[DIVPOL].[DPA_PARROQ].&[011253],011253,620
[DIVPOL].[DPA_PARROQ].&[011350],011350,752
[DIVPOL].[DPA_PARROQ].&[011351],011351,242
[DIVPOL].[DPA_PARROQ].&[011352],011352,640
[DIVPOL].[DPA_PARROQ].&[011450],011450,1903
[DIVPOL].[DPA_PARROQ].&[011550],011550,22066
[DIVPOL].[DPA_PARROQ].&[011551],011551,460
[DIVPOL].[DPA_PARROQ].&[020150],020150,98330
[DIVPOL].[DPA_PARROQ].&[020151],020151,1525
[DIVPOL].[DPA_PARROQ].&[020153],020153,2116
[DIVPOL].[DPA_PARROQ].&[020155],020155,6024
[DIVPOL].[DPA_PARROQ].&[020156],020156,2372
[DIVPOL].[DPA_PARROQ].&[020157],020157,4614
[DIVPOL].[DPA_PARROQ].&[020158],020158,3065
[DIVPOL].[DPA_PARROQ].&[020159],020159,2325
[DIVPOL].[DPA_PARROQ].&[020160],020160,12172
[DIVPOL].[DPA_PARROQ].&[020250],020250,9025
[DIVPOL].[DPA_PARROQ].&[020251],020251,5277
[DIVPOL].[DPA_PARROQ].&[020350],020350,10294
[DIVPOL].[DPA_PARROQ].&[020351],020351,1508
[DIVPOL].[DPA_PARROQ].&[020353],020353,1662
[DIVPOL].[DPA_PARROQ].&[020354],020354,1277
[DIVPOL].[DPA_PARROQ].&[020355],020355,425
[DIVPOL].[DPA_PARROQ].&[020450],020450,25600
[DIVPOL].[DPA_PARROQ].&[020550],020550,15421
[DIVPOL].[DPA_PARROQ].&[020551],020551,6404
[DIVPOL].[DPA_PARROQ].&[020552],020552,1756
[DIVPOL].[DPA_PARROQ].&[020553],020553,322
[DIVPOL].[DPA_PARROQ].&[020554],020554,4008
[DIVPOL].[DPA_PARROQ].&[020555],020555,1790
[DIVPOL].[DPA_PARROQ].&[020556],020556,1216
[DIVPOL].[DPA_PARROQ].&[020650],020650,25736
[DIVPOL].[DPA_PARROQ].&[020750],020750,12413
[DIVPOL].[DPA_PARROQ].&[030150],030150,78448
[DIVPOL].[DPA_PARROQ].&[030151],030151,2843
[DIVPOL].[DPA_PARROQ].&[030153],030153,4818
[DIVPOL].[DPA_PARROQ].&[030154],030154,10018
[DIVPOL].[DPA_PARROQ].&[030155],030155,2472
[DIVPOL].[DPA_PARROQ].&[030156],030156,563
[DIVPOL].[DPA_PARROQ].&[030157],030157,293
[DIVPOL].[DPA_PARROQ].&[030158],030158,2197
[DIVPOL].[DPA_PARROQ].&[030160],030160,273
[DIVPOL].[DPA_PARROQ].&[030250],030250,13911
[DIVPOL].[DPA_PARROQ].&[030251],030251,1718
[DIVPOL].[DPA_PARROQ].&[030252],030252,1317
[DIVPOL].[DPA_PARROQ].&[030253],030253,536
[DIVPOL].[DPA_PARROQ].&[030254],030254,475
[DIVPOL].[DPA_PARROQ].&[030350],030350,18362
[DIVPOL].[DPA_PARROQ].&[030351],030351,827
[DIVPOL].[DPA_PARROQ].&[030352],030352,645
[DIVPOL].[DPA_PARROQ].&[030353],030353,543
[DIVPOL].[DPA_PARROQ].&[030354],030354,959
[DIVPOL].[DPA_PARROQ].&[030355],030355,2253
[DIVPOL].[DPA_PARROQ].&[030356],030356,1975
[DIVPOL].[DPA_PARROQ].&[030357],030357,699
[DIVPOL].[DPA_PARROQ].&[030358],030358,374
[DIVPOL].[DPA_PARROQ].&[030361],030361,1478
[DIVPOL].[DPA_PARROQ].&[030362],030362,427
[DIVPOL].[DPA_PARROQ].&[030363],030363,2265
[DIVPOL].[DPA_PARROQ].&[030450],030450,69222
[DIVPOL].[DPA_PARROQ].&[030451],030451,2758
[DIVPOL].[DPA_PARROQ].&[030452],030452,5748
[DIVPOL].[DPA_PARROQ].&[030550],030550,7397
[DIVPOL].[DPA_PARROQ].&[030650],030650,5132
[DIVPOL].[DPA_PARROQ].&[030651],030651,1645
[DIVPOL].[DPA_PARROQ].&[030750],030750,3212
[DIVPOL].[DPA_PARROQ].&[040150],040150,160009
[DIVPOL].[DPA_PARROQ].&[040151],040151,3224
[DIVPOL].[DPA_PARROQ].&[040153],040153,14431
[DIVPOL].[DPA_PARROQ].&[040154],040154,2520
[DIVPOL].[DPA_PARROQ].&[040155],040155,451
[DIVPOL].[DPA_PARROQ].&[040156],040156,22
[DIVPOL].[DPA_PARROQ].&[040157],040157,5177
[DIVPOL].[DPA_PARROQ].&[040158],040158,3612
[DIVPOL].[DPA_PARROQ].&[040159],040159,1194
[DIVPOL].[DPA_PARROQ].&[040161],040161,2023
[DIVPOL].[DPA_PARROQ].&[040250],040250,5802
[DIVPOL].[DPA_PARROQ].&[040251],040251,630
[DIVPOL].[DPA_PARROQ].&[040252],040252,4177
[DIVPOL].[DPA_PARROQ].&[040253],040253,564
[DIVPOL].[DPA_PARROQ].&[040254],040254,1214
[DIVPOL].[DPA_PARROQ].&[040255],040255,473
[DIVPOL].[DPA_PARROQ].&[040350],040350,9166
[DIVPOL].[DPA_PARROQ].&[040351],040351,238
[DIVPOL].[DPA_PARROQ].&[040352],040352,1665
[DIVPOL].[DPA_PARROQ].&[040353],040353,2986
[DIVPOL].[DPA_PARROQ].&[040450],040450,7807
[DIVPOL].[DPA_PARROQ].&[040451],040451,1991
[DIVPOL].[DPA_PARROQ].&[040452],040452,529
[DIVPOL].[DPA_PARROQ].&[040453],040453,317
[DIVPOL].[DPA_PARROQ].&[040550],040550,27858
[DIVPOL].[DPA_PARROQ].&[040551],040551,2229
[DIVPOL].[DPA_PARROQ].&[040552],040552,422
[DIVPOL].[DPA_PARROQ].&[040553],040553,397
[DIVPOL].[DPA_PARROQ].&[040554],040554,4812
[DIVPOL].[DPA_PARROQ].&[040555],040555,72
[DIVPOL].[DPA_PARROQ].&[040650],040650,9085
[DIVPOL].[DPA_PARROQ].&[040651],040651,1164
[DIVPOL].[DPA_PARROQ].&[050150],050150,208729
[DIVPOL].[DPA_PARROQ].&[050151],050151,4357
[DIVPOL].[DPA_PARROQ].&[050152],050152,5071
[DIVPOL].[DPA_PARROQ].&[050153],050153,14567
[DIVPOL].[DPA_PARROQ].&[050154],050154,1880
[DIVPOL].[DPA_PARROQ].&[050156],050156,9513
[DIVPOL].[DPA_PARROQ].&[050157],050157,3079
[DIVPOL].[DPA_PARROQ].&[050158],050158,3931
[DIVPOL].[DPA_PARROQ].&[050159],050159,10425
[DIVPOL].[DPA_PARROQ].&[050161],050161,16051
[DIVPOL].[DPA_PARROQ].&[050162],050162,4293
[DIVPOL].[DPA_PARROQ].&[050250],050250,50996
[DIVPOL].[DPA_PARROQ].&[050251],050251,2294
[DIVPOL].[DPA_PARROQ].&[050252],050252,591
[DIVPOL].[DPA_PARROQ].&[050350],050350,3815
[DIVPOL].[DPA_PARROQ].&[050351],050351,6246
[DIVPOL].[DPA_PARROQ].&[050352],050352,87
[DIVPOL].[DPA_PARROQ].&[050353],050353,290
[DIVPOL].[DPA_PARROQ].&[050450],050450,37182
[DIVPOL].[DPA_PARROQ].&[050451],050451,456
[DIVPOL].[DPA_PARROQ].&[050453],050453,1091
[DIVPOL].[DPA_PARROQ].&[050455],050455,2149
[DIVPOL].[DPA_PARROQ].&[050456],050456,947
[DIVPOL].[DPA_PARROQ].&[050457],050457,1416
[DIVPOL].[DPA_PARROQ].&[050458],050458,3489
[DIVPOL].[DPA_PARROQ].&[050550],050550,46645
[DIVPOL].[DPA_PARROQ].&[050551],050551,1618
[DIVPOL].[DPA_PARROQ].&[050552],050552,1836
[DIVPOL].[DPA_PARROQ].&[050553],050553,3770
[DIVPOL].[DPA_PARROQ].&[050554],050554,2264
[DIVPOL].[DPA_PARROQ].&[050555],050555,8001
[DIVPOL].[DPA_PARROQ].&[050650],050650,20131
[DIVPOL].[DPA_PARROQ].&[050651],050651,576
[DIVPOL].[DPA_PARROQ].&[050652],050652,1087
[DIVPOL].[DPA_PARROQ].&[050653],050653,411
[DIVPOL].[DPA_PARROQ].&[050750],050750,6694
[DIVPOL].[DPA_PARROQ].&[050751],050751,1283
[DIVPOL].[DPA_PARROQ].&[050752],050752,498
[DIVPOL].[DPA_PARROQ].&[050753],050753,593
[DIVPOL].[DPA_PARROQ].&[050754],050754,120
[DIVPOL].[DPA_PARROQ].&[060150],060150,453392
[DIVPOL].[DPA_PARROQ].&[060151],060151,589
[DIVPOL].[DPA_PARROQ].&[060152],060152,5864
[DIVPOL].[DPA_PARROQ].&[060153],060153,1983
[DIVPOL].[DPA_PARROQ].&[060154],060154,579
[DIVPOL].[DPA_PARROQ].&[060155],060155,12257
[DIVPOL].[DPA_PARROQ].&[060156],060156,2819
[DIVPOL].[DPA_PARROQ].&[060157],060157,1389
[DIVPOL].[DPA_PARROQ].&[060158],060158,1814
[DIVPOL].[DPA_PARROQ].&[060159],060159,1901
[DIVPOL].[DPA_PARROQ].&[060160],060160,3996
[DIVPOL].[DPA_PARROQ].&[060161],060161,15543
[DIVPOL].[DPA_PARROQ].&[060250],060250,12142
[DIVPOL].[DPA_PARROQ].&[060251],060251,1730
[DIVPOL].[DPA_PARROQ].&[060253],060253,666
[DIVPOL].[DPA_PARROQ].&[060254],060254,1315
[DIVPOL].[DPA_PARROQ].&[060255],060255,889
[DIVPOL].[DPA_PARROQ].&[060256],060256,181
[DIVPOL].[DPA_PARROQ].&[060257],060257,103
[DIVPOL].[DPA_PARROQ].&[060258],060258,112
[DIVPOL].[DPA_PARROQ].&[060259],060259,1461
[DIVPOL].[DPA_PARROQ].&[060260],060260,3016
[DIVPOL].[DPA_PARROQ].&[060350],060350,10426
[DIVPOL].[DPA_PARROQ].&[060351],060351,130
[DIVPOL].[DPA_PARROQ].&[060352],060352,2201
[DIVPOL].[DPA_PARROQ].&[060353],060353,820
[DIVPOL].[DPA_PARROQ].&[060354],060354,1424
[DIVPOL].[DPA_PARROQ].&[060450],060450,9743
[DIVPOL].[DPA_PARROQ].&[060550],060550,7849
[DIVPOL].[DPA_PARROQ].&[060551],060551,567
[DIVPOL].[DPA_PARROQ].&[060552],060552,251
[DIVPOL].[DPA_PARROQ].&[060553],060553,744
[DIVPOL].[DPA_PARROQ].&[060554],060554,954
[DIVPOL].[DPA_PARROQ].&[060650],060650,10698
[DIVPOL].[DPA_PARROQ].&[060651],060651,2864
[DIVPOL].[DPA_PARROQ].&[060652],060652,2920
[DIVPOL].[DPA_PARROQ].&[060750],060750,22850
[DIVPOL].[DPA_PARROQ].&[060751],060751,168
[DIVPOL].[DPA_PARROQ].&[060752],060752,512
[DIVPOL].[DPA_PARROQ].&[060753],060753,238
[DIVPOL].[DPA_PARROQ].&[060754],060754,11090
[DIVPOL].[DPA_PARROQ].&[060755],060755,1929
[DIVPOL].[DPA_PARROQ].&[060756],060756,2229
[DIVPOL].[DPA_PARROQ].&[060757],060757,345
[DIVPOL].[DPA_PARROQ].&[060758],060758,311
[DIVPOL].[DPA_PARROQ].&[060759],060759,93
[DIVPOL].[DPA_PARROQ].&[060850],060850,11062
[DIVPOL].[DPA_PARROQ].&[060950],060950,3105
[DIVPOL].[DPA_PARROQ].&[060951],060951,582
[DIVPOL].[DPA_PARROQ].&[060952],060952,732
[DIVPOL].[DPA_PARROQ].&[060953],060953,375
[DIVPOL].[DPA_PARROQ].&[060954],060954,1002
[DIVPOL].[DPA_PARROQ].&[060955],060955,125
[DIVPOL].[DPA_PARROQ].&[060956],060956,221
[DIVPOL].[DPA_PARROQ].&[061050],061050,14362
[DIVPOL].[DPA_PARROQ].&[070150],070150,504339
[DIVPOL].[DPA_PARROQ].&[070152],070152,7949
[DIVPOL].[DPA_PARROQ].&[070250],070250,29427
[DIVPOL].[DPA_PARROQ].&[070251],070251,4171
[DIVPOL].[DPA_PARROQ].&[070254],070254,1937
[DIVPOL].[DPA_PARROQ].&[070255],070255,1051
[DIVPOL].[DPA_PARROQ].&[070350],070350,2957
[DIVPOL].[DPA_PARROQ].&[070351],070351,778
[DIVPOL].[DPA_PARROQ].&[070352],070352,654
[DIVPOL].[DPA_PARROQ].&[070353],070353,133
[DIVPOL].[DPA_PARROQ].&[070354],070354,367
[DIVPOL].[DPA_PARROQ].&[070355],070355,107
[DIVPOL].[DPA_PARROQ].&[070450],070450,7393
[DIVPOL].[DPA_PARROQ].&[070451],070451,1562
[DIVPOL].[DPA_PARROQ].&[070550],070550,1515
[DIVPOL].[DPA_PARROQ].&[070650],070650,41798
[DIVPOL].[DPA_PARROQ].&[070651],070651,7672
[DIVPOL].[DPA_PARROQ].&[070652],070652,5614
[DIVPOL].[DPA_PARROQ].&[070653],070653,4307
[DIVPOL].[DPA_PARROQ].&[070654],070654,8801
[DIVPOL].[DPA_PARROQ].&[070750],070750,80960
[DIVPOL].[DPA_PARROQ].&[070850],070850,6424
[DIVPOL].[DPA_PARROQ].&[070851],070851,138
[DIVPOL].[DPA_PARROQ].&[070950],070950,98121
[DIVPOL].[DPA_PARROQ].&[070951],070951,9699
[DIVPOL].[DPA_PARROQ].&[070952],070952,3726
[DIVPOL].[DPA_PARROQ].&[070953],070953,5697
[DIVPOL].[DPA_PARROQ].&[070954],070954,3611
[DIVPOL].[DPA_PARROQ].&[070955],070955,448
[DIVPOL].[DPA_PARROQ].&[070956],070956,1888
[DIVPOL].[DPA_PARROQ].&[071050],071050,20661
[DIVPOL].[DPA_PARROQ].&[071051],071051,772
[DIVPOL].[DPA_PARROQ].&[071052],071052,331
[DIVPOL].[DPA_PARROQ].&[071053],071053,1067
[DIVPOL].[DPA_PARROQ].&[071054],071054,268
[DIVPOL].[DPA_PARROQ].&[071055],071055,306
[DIVPOL].[DPA_PARROQ].&[071056],071056,2759
[DIVPOL].[DPA_PARROQ].&[071150],071150,18245
[DIVPOL].[DPA_PARROQ].&[071151],071151,220
[DIVPOL].[DPA_PARROQ].&[071152],071152,221
[DIVPOL].[DPA_PARROQ].&[071153],071153,409
[DIVPOL].[DPA_PARROQ].&[071250],071250,100263
[DIVPOL].[DPA_PARROQ].&[071251],071251,4203
[DIVPOL].[DPA_PARROQ].&[071252],071252,1525
[DIVPOL].[DPA_PARROQ].&[071253],071253,3248
[DIVPOL].[DPA_PARROQ].&[071254],071254,1593
[DIVPOL].[DPA_PARROQ].&[071255],071255,1503
[DIVPOL].[DPA_PARROQ].&[071256],071256,2673
[DIVPOL].[DPA_PARROQ].&[071257],071257,1667
[DIVPOL].[DPA_PARROQ].&[071350],071350,13915
[DIVPOL].[DPA_PARROQ].&[071351],071351,184
[DIVPOL].[DPA_PARROQ].&[071352],071352,430
[DIVPOL].[DPA_PARROQ].&[071353],071353,292
[DIVPOL].[DPA_PARROQ].&[071354],071354,650
[DIVPOL].[DPA_PARROQ].&[071355],071355,1404
[DIVPOL].[DPA_PARROQ].&[071356],071356,1569
[DIVPOL].[DPA_PARROQ].&[071357],071357,545
[DIVPOL].[DPA_PARROQ].&[071358],071358,485
[DIVPOL].[DPA_PARROQ].&[071359],071359,272
[DIVPOL].[DPA_PARROQ].&[071450],071450,1728
[DIVPOL].[DPA_PARROQ].&[071451],071451,143
[DIVPOL].[DPA_PARROQ].&[071452],071452,252
[DIVPOL].[DPA_PARROQ].&[071453],071453,49
[DIVPOL].[DPA_PARROQ].&[080150],080150,289115
[DIVPOL].[DPA_PARROQ].&[080152],080152,2374
[DIVPOL].[DPA_PARROQ].&[080153],080153,176
[DIVPOL].[DPA_PARROQ].&[080154],080154,3842
[DIVPOL].[DPA_PARROQ].&[080159],080159,1165
[DIVPOL].[DPA_PARROQ].&[080163],080163,9767
[DIVPOL].[DPA_PARROQ].&[080165],080165,933
[DIVPOL].[DPA_PARROQ].&[080166],080166,9311
[DIVPOL].[DPA_PARROQ].&[080168],080168,3366
[DIVPOL].[DPA_PARROQ].&[080250],080250,3384
[DIVPOL].[DPA_PARROQ].&[080251],080251,261
[DIVPOL].[DPA_PARROQ].&[080252],080252,29
[DIVPOL].[DPA_PARROQ].&[080253],080253,9971
[DIVPOL].[DPA_PARROQ].&[080254],080254,2278
[DIVPOL].[DPA_PARROQ].&[080255],080255,23
[DIVPOL].[DPA_PARROQ].&[080256],080256,1512
[DIVPOL].[DPA_PARROQ].&[080257],080257,42
[DIVPOL].[DPA_PARROQ].&[080258],080258,28
[DIVPOL].[DPA_PARROQ].&[080259],080259,16
[DIVPOL].[DPA_PARROQ].&[080260],080260,294
[DIVPOL].[DPA_PARROQ].&[080261],080261,244
[DIVPOL].[DPA_PARROQ].&[080262],080262,850
[DIVPOL].[DPA_PARROQ].&[080263],080263,33
[DIVPOL].[DPA_PARROQ].&[080264],080264,744
[DIVPOL].[DPA_PARROQ].&[080265],080265,2087
[DIVPOL].[DPA_PARROQ].&[080350],080350,14072
[DIVPOL].[DPA_PARROQ].&[080351],080351,491
[DIVPOL].[DPA_PARROQ].&[080352],080352,641
[DIVPOL].[DPA_PARROQ].&[080353],080353,377
[DIVPOL].[DPA_PARROQ].&[080354],080354,49
[DIVPOL].[DPA_PARROQ].&[080355],080355,349
[DIVPOL].[DPA_PARROQ].&[080356],080356,1835
[DIVPOL].[DPA_PARROQ].&[080357],080357,1642
[DIVPOL].[DPA_PARROQ].&[080358],080358,2920
[DIVPOL].[DPA_PARROQ].&[080450],080450,56079
[DIVPOL].[DPA_PARROQ].&[080451],080451,2317
[DIVPOL].[DPA_PARROQ].&[080452],080452,1290
[DIVPOL].[DPA_PARROQ].&[080453],080453,2343
[DIVPOL].[DPA_PARROQ].&[080454],080454,4611
[DIVPOL].[DPA_PARROQ].&[080455],080455,21896
[DIVPOL].[DPA_PARROQ].&[080550],080550,31984
[DIVPOL].[DPA_PARROQ].&[080551],080551,540
[DIVPOL].[DPA_PARROQ].&[080552],080552,36
[DIVPOL].[DPA_PARROQ].&[080553],080553,826
[DIVPOL].[DPA_PARROQ].&[080554],080554,586
[DIVPOL].[DPA_PARROQ].&[080555],080555,23
[DIVPOL].[DPA_PARROQ].&[080556],080556,787
[DIVPOL].[DPA_PARROQ].&[080557],080557,289
[DIVPOL].[DPA_PARROQ].&[080558],080558,130
[DIVPOL].[DPA_PARROQ].&[080559],080559,412
[DIVPOL].[DPA_PARROQ].&[080560],080560,127
[DIVPOL].[DPA_PARROQ].&[080561],080561,605
[DIVPOL].[DPA_PARROQ].&[080562],080562,784
[DIVPOL].[DPA_PARROQ].&[080650],080650,34922
[DIVPOL].[DPA_PARROQ].&[080651],080651,1044
[DIVPOL].[DPA_PARROQ].&[080652],080652,4251
[DIVPOL].[DPA_PARROQ].&[080653],080653,9687
[DIVPOL].[DPA_PARROQ].&[080654],080654,20849
[DIVPOL].[DPA_PARROQ].&[080750],080750,8518
[DIVPOL].[DPA_PARROQ].&[080751],080751,887
[DIVPOL].[DPA_PARROQ].&[080752],080752,175
[DIVPOL].[DPA_PARROQ].&[080753],080753,2636
[DIVPOL].[DPA_PARROQ].&[080754],080754,1818
[DIVPOL].[DPA_PARROQ].&[080755],080755,3128
[DIVPOL].[DPA_PARROQ].&[090150],090150,3952576
[DIVPOL].[DPA_PARROQ].&[090152],090152,17813
[DIVPOL].[DPA_PARROQ].&[090153],090153,5153
[DIVPOL].[DPA_PARROQ].&[090156],090156,22215
[DIVPOL].[DPA_PARROQ].&[090157],090157,3498
[DIVPOL].[DPA_PARROQ].&[090158],090158,8029
[DIVPOL].[DPA_PARROQ].&[090250],090250,27014
[DIVPOL].[DPA_PARROQ].&[090350],090350,18079
[DIVPOL].[DPA_PARROQ].&[090450],090450,58942
[DIVPOL].[DPA_PARROQ].&[090550],090550,9998
[DIVPOL].[DPA_PARROQ].&[090551],090551,796
[DIVPOL].[DPA_PARROQ].&[090650],090650,156729
[DIVPOL].[DPA_PARROQ].&[090652],090652,4573
[DIVPOL].[DPA_PARROQ].&[090653],090653,6811
[DIVPOL].[DPA_PARROQ].&[090654],090654,7647
[DIVPOL].[DPA_PARROQ].&[090656],090656,11412
[DIVPOL].[DPA_PARROQ].&[090750],090750,377282
[DIVPOL].[DPA_PARROQ].&[090850],090850,61243
[DIVPOL].[DPA_PARROQ].&[090851],090851,8119
[DIVPOL].[DPA_PARROQ].&[090852],090852,1488
[DIVPOL].[DPA_PARROQ].&[090950],090950,54995
[DIVPOL].[DPA_PARROQ].&[091050],091050,217135
[DIVPOL].[DPA_PARROQ].&[091051],091051,7682
[DIVPOL].[DPA_PARROQ].&[091053],091053,5862
[DIVPOL].[DPA_PARROQ].&[091054],091054,6354
[DIVPOL].[DPA_PARROQ].&[091150],091150,65999
[DIVPOL].[DPA_PARROQ].&[091151],091151,6528
[DIVPOL].[DPA_PARROQ].&[091152],091152,7579
[DIVPOL].[DPA_PARROQ].&[091153],091153,7482
[DIVPOL].[DPA_PARROQ].&[091154],091154,9004
[DIVPOL].[DPA_PARROQ].&[091250],091250,46750
[DIVPOL].[DPA_PARROQ].&[091350],091350,11737
[DIVPOL].[DPA_PARROQ].&[091450],091450,41455
[DIVPOL].[DPA_PARROQ].&[091451],091451,2189
[DIVPOL].[DPA_PARROQ].&[091452],091452,4932
[DIVPOL].[DPA_PARROQ].&[091650],091650,96994
[DIVPOL].[DPA_PARROQ].&[091651],091651,19785
[DIVPOL].[DPA_PARROQ].&[091850],091850,21309
[DIVPOL].[DPA_PARROQ].&[091950],091950,18749
[DIVPOL].[DPA_PARROQ].&[091951],091951,2684
[DIVPOL].[DPA_PARROQ].&[091952],091952,1284
[DIVPOL].[DPA_PARROQ].&[091953],091953,2838
[DIVPOL].[DPA_PARROQ].&[092050],092050,34067
[DIVPOL].[DPA_PARROQ].&[092053],092053,6339
[DIVPOL].[DPA_PARROQ].&[092055],092055,7128
[DIVPOL].[DPA_PARROQ].&[092056],092056,30306
[DIVPOL].[DPA_PARROQ].&[092150],092150,70833
[DIVPOL].[DPA_PARROQ].&[092250],092250,13089
[DIVPOL].[DPA_PARROQ].&[092251],092251,4804
[DIVPOL].[DPA_PARROQ].&[092350],092350,11269
[DIVPOL].[DPA_PARROQ].&[092450],092450,18275
[DIVPOL].[DPA_PARROQ].&[092550],092550,29779
[DIVPOL].[DPA_PARROQ].&[092750],092750,12667
[DIVPOL].[DPA_PARROQ].&[092850],092850,10928
[DIVPOL].[DPA_PARROQ].&[100150],100150,475461
[DIVPOL].[DPA_PARROQ].&[100151],100151,12436
[DIVPOL].[DPA_PARROQ].&[100152],100152,1490
[DIVPOL].[DPA_PARROQ].&[100153],100153,2953
[DIVPOL].[DPA_PARROQ].&[100154],100154,8751
[DIVPOL].[DPA_PARROQ].&[100155],100155,4252
[DIVPOL].[DPA_PARROQ].&[100156],100156,4800
[DIVPOL].[DPA_PARROQ].&[100157],100157,31808
[DIVPOL].[DPA_PARROQ].&[100250],100250,41257
[DIVPOL].[DPA_PARROQ].&[100251],100251,2104
[DIVPOL].[DPA_PARROQ].&[100252],100252,8556
[DIVPOL].[DPA_PARROQ].&[100253],100253,3510
[DIVPOL].[DPA_PARROQ].&[100254],100254,8830
[DIVPOL].[DPA_PARROQ].&[100350],100350,22092
[DIVPOL].[DPA_PARROQ].&[100351],100351,993
[DIVPOL].[DPA_PARROQ].&[100352],100352,1074
[DIVPOL].[DPA_PARROQ].&[100353],100353,2597
[DIVPOL].[DPA_PARROQ].&[100354],100354,643
[DIVPOL].[DPA_PARROQ].&[100355],100355,158
[DIVPOL].[DPA_PARROQ].&[100356],100356,5203
[DIVPOL].[DPA_PARROQ].&[100357],100357,300
[DIVPOL].[DPA_PARROQ].&[100358],100358,62
[DIVPOL].[DPA_PARROQ].&[100450],100450,97864
[DIVPOL].[DPA_PARROQ].&[100451],100451,2712
[DIVPOL].[DPA_PARROQ].&[100452],100452,4084
[DIVPOL].[DPA_PARROQ].&[100453],100453,4774
[DIVPOL].[DPA_PARROQ].&[100454],100454,78
[DIVPOL].[DPA_PARROQ].&[100455],100455,4589
[DIVPOL].[DPA_PARROQ].&[100456],100456,7875
[DIVPOL].[DPA_PARROQ].&[100457],100457,10031
[DIVPOL].[DPA_PARROQ].&[100458],100458,1633
[DIVPOL].[DPA_PARROQ].&[100459],100459,238
[DIVPOL].[DPA_PARROQ].&[100550],100550,16352
[DIVPOL].[DPA_PARROQ].&[100551],100551,319
[DIVPOL].[DPA_PARROQ].&[100552],100552,172
[DIVPOL].[DPA_PARROQ].&[100553],100553,91
[DIVPOL].[DPA_PARROQ].&[100650],100650,9422
[DIVPOL].[DPA_PARROQ].&[100651],100651,924
[DIVPOL].[DPA_PARROQ].&[100652],100652,478
[DIVPOL].[DPA_PARROQ].&[100653],100653,1051
[DIVPOL].[DPA_PARROQ].&[100654],100654,2307
[DIVPOL].[DPA_PARROQ].&[100655],100655,2982
[DIVPOL].[DPA_PARROQ].&[110150],110150,418303
[DIVPOL].[DPA_PARROQ].&[110151],110151,648
[DIVPOL].[DPA_PARROQ].&[110152],110152,1875
[DIVPOL].[DPA_PARROQ].&[110153],110153,2439
[DIVPOL].[DPA_PARROQ].&[110154],110154,1211
[DIVPOL].[DPA_PARROQ].&[110155],110155,326
[DIVPOL].[DPA_PARROQ].&[110156],110156,11057
[DIVPOL].[DPA_PARROQ].&[110157],110157,1850
[DIVPOL].[DPA_PARROQ].&[110158],110158,2587
[DIVPOL].[DPA_PARROQ].&[110159],110159,1019
[DIVPOL].[DPA_PARROQ].&[110160],110160,2036
[DIVPOL].[DPA_PARROQ].&[110161],110161,7279
[DIVPOL].[DPA_PARROQ].&[110162],110162,671
[DIVPOL].[DPA_PARROQ].&[110163],110163,605
[DIVPOL].[DPA_PARROQ].&[110250],110250,20181
[DIVPOL].[DPA_PARROQ].&[110251],110251,765
[DIVPOL].[DPA_PARROQ].&[110252],110252,889
[DIVPOL].[DPA_PARROQ].&[110253],110253,405
[DIVPOL].[DPA_PARROQ].&[110254],110254,374
[DIVPOL].[DPA_PARROQ].&[110350],110350,45855
[DIVPOL].[DPA_PARROQ].&[110351],110351,3599
[DIVPOL].[DPA_PARROQ].&[110352],110352,580
[DIVPOL].[DPA_PARROQ].&[110353],110353,3069
[DIVPOL].[DPA_PARROQ].&[110354],110354,130
[DIVPOL].[DPA_PARROQ].&[110450],110450,9647
[DIVPOL].[DPA_PARROQ].&[110451],110451,382
[DIVPOL].[DPA_PARROQ].&[110455],110455,1139
[DIVPOL].[DPA_PARROQ].&[110456],110456,1052
[DIVPOL].[DPA_PARROQ].&[110457],110457,169
[DIVPOL].[DPA_PARROQ].&[110550],110550,2543
[DIVPOL].[DPA_PARROQ].&[110551],110551,340
[DIVPOL].[DPA_PARROQ].&[110552],110552,401
[DIVPOL].[DPA_PARROQ].&[110553],110553,420
[DIVPOL].[DPA_PARROQ].&[110554],110554,196
[DIVPOL].[DPA_PARROQ].&[110650],110650,4068
[DIVPOL].[DPA_PARROQ].&[110651],110651,663
[DIVPOL].[DPA_PARROQ].&[110652],110652,743
[DIVPOL].[DPA_PARROQ].&[110653],110653,770
[DIVPOL].[DPA_PARROQ].&[110654],110654,788
[DIVPOL].[DPA_PARROQ].&[110655],110655,572
[DIVPOL].[DPA_PARROQ].&[110656],110656,237
[DIVPOL].[DPA_PARROQ].&[110750],110750,3256
[DIVPOL].[DPA_PARROQ].&[110751],110751,1233
[DIVPOL].[DPA_PARROQ].&[110753],110753,1969
[DIVPOL].[DPA_PARROQ].&[110754],110754,618
[DIVPOL].[DPA_PARROQ].&[110756],110756,651
[DIVPOL].[DPA_PARROQ].&[110850],110850,17442
[DIVPOL].[DPA_PARROQ].&[110851],110851,462
[DIVPOL].[DPA_PARROQ].&[110852],110852,201
[DIVPOL].[DPA_PARROQ].&[110853],110853,933
[DIVPOL].[DPA_PARROQ].&[110950],110950,9223
[DIVPOL].[DPA_PARROQ].&[110951],110951,296
[DIVPOL].[DPA_PARROQ].&[110952],110952,661
[DIVPOL].[DPA_PARROQ].&[110954],110954,465
[DIVPOL].[DPA_PARROQ].&[110956],110956,354
[DIVPOL].[DPA_PARROQ].&[110957],110957,255
[DIVPOL].[DPA_PARROQ].&[110958],110958,691
[DIVPOL].[DPA_PARROQ].&[110959],110959,635
[DIVPOL].[DPA_PARROQ].&[111050],111050,9489
[DIVPOL].[DPA_PARROQ].&[111051],111051,360
[DIVPOL].[DPA_PARROQ].&[111052],111052,250
[DIVPOL].[DPA_PARROQ].&[111053],111053,412
[DIVPOL].[DPA_PARROQ].&[111054],111054,579
[DIVPOL].[DPA_PARROQ].&[111055],111055,367
[DIVPOL].[DPA_PARROQ].&[111150],111150,9601
[DIVPOL].[DPA_PARROQ].&[111151],111151,478
[DIVPOL].[DPA_PARROQ].&[111152],111152,244
[DIVPOL].[DPA_PARROQ].&[111153],111153,332
[DIVPOL].[DPA_PARROQ].&[111154],111154,750
[DIVPOL].[DPA_PARROQ].&[111155],111155,389
[DIVPOL].[DPA_PARROQ].&[111156],111156,606
[DIVPOL].[DPA_PARROQ].&[111157],111157,404
[DIVPOL].[DPA_PARROQ].&[111158],111158,569
[DIVPOL].[DPA_PARROQ].&[111159],111159,1567
[DIVPOL].[DPA_PARROQ].&[111160],111160,266
[DIVPOL].[DPA_PARROQ].&[111250],111250,1418
[DIVPOL].[DPA_PARROQ].&[111251],111251,120
[DIVPOL].[DPA_PARROQ].&[111252],111252,266
[DIVPOL].[DPA_PARROQ].&[111350],111350,6744
[DIVPOL].[DPA_PARROQ].&[111351],111351,107
[DIVPOL].[DPA_PARROQ].&[111352],111352,665
[DIVPOL].[DPA_PARROQ].&[111353],111353,136
[DIVPOL].[DPA_PARROQ].&[111354],111354,596
[DIVPOL].[DPA_PARROQ].&[111355],111355,99
[DIVPOL].[DPA_PARROQ].&[111356],111356,48
[DIVPOL].[DPA_PARROQ].&[111450],111450,4079
[DIVPOL].[DPA_PARROQ].&[111451],111451,276
[DIVPOL].[DPA_PARROQ].&[111452],111452,533
[DIVPOL].[DPA_PARROQ].&[111453],111453,410
[DIVPOL].[DPA_PARROQ].&[111550],111550,3261
[DIVPOL].[DPA_PARROQ].&[111551],111551,222
[DIVPOL].[DPA_PARROQ].&[111552],111552,1278
[DIVPOL].[DPA_PARROQ].&[111650],111650,2092
[DIVPOL].[DPA_PARROQ].&[111651],111651,220
[DIVPOL].[DPA_PARROQ].&[120150],120150,240839
[DIVPOL].[DPA_PARROQ].&[120152],120152,5820
[DIVPOL].[DPA_PARROQ].&[120153],120153,15350
[DIVPOL].[DPA_PARROQ].&[120154],120154,19055
[DIVPOL].[DPA_PARROQ].&[120155],120155,12489
[DIVPOL].[DPA_PARROQ].&[120250],120250,15328
[DIVPOL].[DPA_PARROQ].&[120251],120251,2974
[DIVPOL].[DPA_PARROQ].&[120252],120252,6228
[DIVPOL].[DPA_PARROQ].&[120350],120350,33115
[DIVPOL].[DPA_PARROQ].&[120351],120351,3118
[DIVPOL].[DPA_PARROQ].&[120450],120450,25046
[DIVPOL].[DPA_PARROQ].&[120451],120451,2045
[DIVPOL].[DPA_PARROQ].&[120452],120452,20265
[DIVPOL].[DPA_PARROQ].&[120550],120550,276422
[DIVPOL].[DPA_PARROQ].&[120553],120553,17438
[DIVPOL].[DPA_PARROQ].&[120555],120555,11378
[DIVPOL].[DPA_PARROQ].&[120650],120650,9345
[DIVPOL].[DPA_PARROQ].&[120651],120651,18679
[DIVPOL].[DPA_PARROQ].&[120750],120750,79105
[DIVPOL].[DPA_PARROQ].&[120752],120752,16192
[DIVPOL].[DPA_PARROQ].&[120753],120753,2523
[DIVPOL].[DPA_PARROQ].&[120754],120754,1656
[DIVPOL].[DPA_PARROQ].&[120850],120850,58183
[DIVPOL].[DPA_PARROQ].&[120851],120851,4452
[DIVPOL].[DPA_PARROQ].&[120950],120950,9007
[DIVPOL].[DPA_PARROQ].&[121050],121050,81690
[DIVPOL].[DPA_PARROQ].&[121051],121051,15786
[DIVPOL].[DPA_PARROQ].&[121150],121150,38943
[DIVPOL].[DPA_PARROQ].&[121250],121250,30454
[DIVPOL].[DPA_PARROQ].&[121350],121350,14313
[DIVPOL].[DPA_PARROQ].&[130150],130150,310597
[DIVPOL].[DPA_PARROQ].&[130151],130151,7608
[DIVPOL].[DPA_PARROQ].&[130152],130152,2049
[DIVPOL].[DPA_PARROQ].&[130153],130153,14763
[DIVPOL].[DPA_PARROQ].&[130154],130154,1150
[DIVPOL].[DPA_PARROQ].&[130155],130155,6126
[DIVPOL].[DPA_PARROQ].&[130156],130156,2970
[DIVPOL].[DPA_PARROQ].&[130157],130157,482
[DIVPOL].[DPA_PARROQ].&[130250],130250,22240
[DIVPOL].[DPA_PARROQ].&[130251],130251,337
[DIVPOL].[DPA_PARROQ].&[130252],130252,1306
[DIVPOL].[DPA_PARROQ].&[130350],130350,68382
[DIVPOL].[DPA_PARROQ].&[130351],130351,583
[DIVPOL].[DPA_PARROQ].&[130352],130352,4034
[DIVPOL].[DPA_PARROQ].&[130353],130353,1597
[DIVPOL].[DPA_PARROQ].&[130354],130354,954
[DIVPOL].[DPA_PARROQ].&[130355],130355,1054
[DIVPOL].[DPA_PARROQ].&[130356],130356,2028
[DIVPOL].[DPA_PARROQ].&[130357],130357,2952
[DIVPOL].[DPA_PARROQ].&[130450],130450,54017
[DIVPOL].[DPA_PARROQ].&[130451],130451,1363
[DIVPOL].[DPA_PARROQ].&[130452],130452,1338
[DIVPOL].[DPA_PARROQ].&[130453],130453,2369
[DIVPOL].[DPA_PARROQ].&[130550],130550,8217
[DIVPOL].[DPA_PARROQ].&[130551],130551,127
[DIVPOL].[DPA_PARROQ].&[130552],130552,977
[DIVPOL].[DPA_PARROQ].&[130650],130650,38867
[DIVPOL].[DPA_PARROQ].&[130651],130651,402
[DIVPOL].[DPA_PARROQ].&[130652],130652,1890
[DIVPOL].[DPA_PARROQ].&[130653],130653,454
[DIVPOL].[DPA_PARROQ].&[130654],130654,249
[DIVPOL].[DPA_PARROQ].&[130656],130656,839
[DIVPOL].[DPA_PARROQ].&[130657],130657,738
[DIVPOL].[DPA_PARROQ].&[130658],130658,2990
[DIVPOL].[DPA_PARROQ].&[130750],130750,8498
[DIVPOL].[DPA_PARROQ].&[130850],130850,296912
[DIVPOL].[DPA_PARROQ].&[130851],130851,1368
[DIVPOL].[DPA_PARROQ].&[130852],130852,1648
[DIVPOL].[DPA_PARROQ].&[130950],130950,58981
[DIVPOL].[DPA_PARROQ].&[130952],130952,1669
[DIVPOL].[DPA_PARROQ].&[131050],131050,6590
[DIVPOL].[DPA_PARROQ].&[131051],131051,1218
[DIVPOL].[DPA_PARROQ].&[131052],131052,3747
[DIVPOL].[DPA_PARROQ].&[131053],131053,1227
[DIVPOL].[DPA_PARROQ].&[131054],131054,579
[DIVPOL].[DPA_PARROQ].&[131150],131150,5571
[DIVPOL].[DPA_PARROQ].&[131151],131151,456
[DIVPOL].[DPA_PARROQ].&[131152],131152,1085
[DIVPOL].[DPA_PARROQ].&[131250],131250,23846
[DIVPOL].[DPA_PARROQ].&[131350],131350,10494
[DIVPOL].[DPA_PARROQ].&[131351],131351,1991
[DIVPOL].[DPA_PARROQ].&[131352],131352,993
[DIVPOL].[DPA_PARROQ].&[131353],131353,860
[DIVPOL].[DPA_PARROQ].&[131355],131355,185
[DIVPOL].[DPA_PARROQ].&[131450],131450,23230
[DIVPOL].[DPA_PARROQ].&[131453],131453,13586
[DIVPOL].[DPA_PARROQ].&[131457],131457,3829
[DIVPOL].[DPA_PARROQ].&[131550],131550,19763
[DIVPOL].[DPA_PARROQ].&[131551],131551,1624
[DIVPOL].[DPA_PARROQ].&[131552],131552,1860
[DIVPOL].[DPA_PARROQ].&[131650],131650,4483
[DIVPOL].[DPA_PARROQ].&[131651],131651,827
[DIVPOL].[DPA_PARROQ].&[131652],131652,727
[DIVPOL].[DPA_PARROQ].&[131653],131653,440
[DIVPOL].[DPA_PARROQ].&[131750],131750,37653
[DIVPOL].[DPA_PARROQ].&[131751],131751,6603
[DIVPOL].[DPA_PARROQ].&[131752],131752,4897
[DIVPOL].[DPA_PARROQ].&[131753],131753,541
[DIVPOL].[DPA_PARROQ].&[131850],131850,3112
[DIVPOL].[DPA_PARROQ].&[131950],131950,7506
[DIVPOL].[DPA_PARROQ].&[131951],131951,2353
[DIVPOL].[DPA_PARROQ].&[131952],131952,1869
[DIVPOL].[DPA_PARROQ].&[132050],132050,6591
[DIVPOL].[DPA_PARROQ].&[132150],132150,21233
[DIVPOL].[DPA_PARROQ].&[132250],132250,14217
[DIVPOL].[DPA_PARROQ].&[132251],132251,3589
[DIVPOL].[DPA_PARROQ].&[140150],140150,107335
[DIVPOL].[DPA_PARROQ].&[140151],140151,213
[DIVPOL].[DPA_PARROQ].&[140153],140153,5479
[DIVPOL].[DPA_PARROQ].&[140156],140156,796
[DIVPOL].[DPA_PARROQ].&[140157],140157,17760
[DIVPOL].[DPA_PARROQ].&[140158],140158,1595
[DIVPOL].[DPA_PARROQ].&[140160],140160,278
[DIVPOL].[DPA_PARROQ].&[140162],140162,1579
[DIVPOL].[DPA_PARROQ].&[140164],140164,4539
[DIVPOL].[DPA_PARROQ].&[140250],140250,18384
[DIVPOL].[DPA_PARROQ].&[140251],140251,121
[DIVPOL].[DPA_PARROQ].&[140252],140252,52
[DIVPOL].[DPA_PARROQ].&[140253],140253,4341
[DIVPOL].[DPA_PARROQ].&[140254],140254,117
[DIVPOL].[DPA_PARROQ].&[140255],140255,289
[DIVPOL].[DPA_PARROQ].&[140256],140256,423
[DIVPOL].[DPA_PARROQ].&[140257],140257,132
[DIVPOL].[DPA_PARROQ].&[140258],140258,861
[DIVPOL].[DPA_PARROQ].&[140350],140350,7321
[DIVPOL].[DPA_PARROQ].&[140351],140351,906
[DIVPOL].[DPA_PARROQ].&[140353],140353,673
[DIVPOL].[DPA_PARROQ].&[140356],140356,134
[DIVPOL].[DPA_PARROQ].&[140357],140357,332
[DIVPOL].[DPA_PARROQ].&[140358],140358,1066
[DIVPOL].[DPA_PARROQ].&[140450],140450,10912
[DIVPOL].[DPA_PARROQ].&[140451],140451,812
[DIVPOL].[DPA_PARROQ].&[140452],140452,600
[DIVPOL].[DPA_PARROQ].&[140454],140454,1925
[DIVPOL].[DPA_PARROQ].&[140455],140455,1239
[DIVPOL].[DPA_PARROQ].&[140550],140550,7919
[DIVPOL].[DPA_PARROQ].&[140551],140551,192
[DIVPOL].[DPA_PARROQ].&[140552],140552,480
[DIVPOL].[DPA_PARROQ].&[140553],140553,1141
[DIVPOL].[DPA_PARROQ].&[140554],140554,420
[DIVPOL].[DPA_PARROQ].&[140556],140556,691
[DIVPOL].[DPA_PARROQ].&[140557],140557,923
[DIVPOL].[DPA_PARROQ].&[140650],140650,29107
[DIVPOL].[DPA_PARROQ].&[140651],140651,1960
[DIVPOL].[DPA_PARROQ].&[140652],140652,2793
[DIVPOL].[DPA_PARROQ].&[140655],140655,1265
[DIVPOL].[DPA_PARROQ].&[140750],140750,6252
[DIVPOL].[DPA_PARROQ].&[140751],140751,9598
[DIVPOL].[DPA_PARROQ].&[140850],140850,1701
[DIVPOL].[DPA_PARROQ].&[140851],140851,90
[DIVPOL].[DPA_PARROQ].&[140852],140852,143
[DIVPOL].[DPA_PARROQ].&[140853],140853,60
[DIVPOL].[DPA_PARROQ].&[140854],140854,217
[DIVPOL].[DPA_PARROQ].&[140950],140950,5967
[DIVPOL].[DPA_PARROQ].&[140951],140951,34
[DIVPOL].[DPA_PARROQ].&[140952],140952,1237
[DIVPOL].[DPA_PARROQ].&[140953],140953,393
[DIVPOL].[DPA_PARROQ].&[140954],140954,134
[DIVPOL].[DPA_PARROQ].&[141050],141050,4154
[DIVPOL].[DPA_PARROQ].&[141051],141051,236
[DIVPOL].[DPA_PARROQ].&[141052],141052,1644
[DIVPOL].[DPA_PARROQ].&[141150],141150,4527
[DIVPOL].[DPA_PARROQ].&[141250],141250,3015
[DIVPOL].[DPA_PARROQ].&[141251],141251,1300
[DIVPOL].[DPA_PARROQ].&[141350],141350,4617
[DIVPOL].[DPA_PARROQ].&[150150],150150,71846
[DIVPOL].[DPA_PARROQ].&[150151],150151,2118
[DIVPOL].[DPA_PARROQ].&[150153],150153,1262
[DIVPOL].[DPA_PARROQ].&[150154],150154,545
[DIVPOL].[DPA_PARROQ].&[150155],150155,2406
[DIVPOL].[DPA_PARROQ].&[150156],150156,2897
[DIVPOL].[DPA_PARROQ].&[150157],150157,1451
[DIVPOL].[DPA_PARROQ].&[150158],150158,2391
[DIVPOL].[DPA_PARROQ].&[150350],150350,11330
[DIVPOL].[DPA_PARROQ].&[150352],150352,8114
[DIVPOL].[DPA_PARROQ].&[150354],150354,1140
[DIVPOL].[DPA_PARROQ].&[150356],150356,468
[DIVPOL].[DPA_PARROQ].&[150450],150450,4427
[DIVPOL].[DPA_PARROQ].&[150451],150451,2284
[DIVPOL].[DPA_PARROQ].&[150452],150452,74
[DIVPOL].[DPA_PARROQ].&[150453],150453,62
[DIVPOL].[DPA_PARROQ].&[150454],150454,854
[DIVPOL].[DPA_PARROQ].&[150455],150455,258
[DIVPOL].[DPA_PARROQ].&[150750],150750,5740
[DIVPOL].[DPA_PARROQ].&[150751],150751,250
[DIVPOL].[DPA_PARROQ].&[150752],150752,725
[DIVPOL].[DPA_PARROQ].&[150753],150753,2823
[DIVPOL].[DPA_PARROQ].&[150754],150754,779
[DIVPOL].[DPA_PARROQ].&[150756],150756,21
[DIVPOL].[DPA_PARROQ].&[150950],150950,2416
[DIVPOL].[DPA_PARROQ].&[160150],160150,116974
[DIVPOL].[DPA_PARROQ].&[160152],160152,1228
[DIVPOL].[DPA_PARROQ].&[160154],160154,1410
[DIVPOL].[DPA_PARROQ].&[160155],160155,2004
[DIVPOL].[DPA_PARROQ].&[160156],160156,1214
[DIVPOL].[DPA_PARROQ].&[160157],160157,349
[DIVPOL].[DPA_PARROQ].&[160158],160158,15
[DIVPOL].[DPA_PARROQ].&[160159],160159,75
[DIVPOL].[DPA_PARROQ].&[160161],160161,302
[DIVPOL].[DPA_PARROQ].&[160162],160162,6643
[DIVPOL].[DPA_PARROQ].&[160163],160163,12128
[DIVPOL].[DPA_PARROQ].&[160164],160164,1030
[DIVPOL].[DPA_PARROQ].&[160165],160165,2423
[DIVPOL].[DPA_PARROQ].&[160166],160166,1349
[DIVPOL].[DPA_PARROQ].&[160250],160250,4309
[DIVPOL].[DPA_PARROQ].&[160251],160251,2687
[DIVPOL].[DPA_PARROQ].&[160252],160252,15603
[DIVPOL].[DPA_PARROQ].&[160350],160350,2917
[DIVPOL].[DPA_PARROQ].&[160351],160351,719
[DIVPOL].[DPA_PARROQ].&[160450],160450,4475
[DIVPOL].[DPA_PARROQ].&[160451],160451,570
[DIVPOL].[DPA_PARROQ].&[170150],170150,3841162
[DIVPOL].[DPA_PARROQ].&[170151],170151,43887
[DIVPOL].[DPA_PARROQ].&[170152],170152,45644
[DIVPOL].[DPA_PARROQ].&[170153],170153,307
[DIVPOL].[DPA_PARROQ].&[170154],170154,14347
[DIVPOL].[DPA_PARROQ].&[170155],170155,335428
[DIVPOL].[DPA_PARROQ].&[170156],170156,156923
[DIVPOL].[DPA_PARROQ].&[170157],170157,69271
[DIVPOL].[DPA_PARROQ].&[170158],170158,218
[DIVPOL].[DPA_PARROQ].&[170159],170159,6504
[DIVPOL].[DPA_PARROQ].&[170160],170160,26669
[DIVPOL].[DPA_PARROQ].&[170161],170161,1190
[DIVPOL].[DPA_PARROQ].&[170162],170162,6877
[DIVPOL].[DPA_PARROQ].&[170163],170163,26488
[DIVPOL].[DPA_PARROQ].&[170164],170164,8044
[DIVPOL].[DPA_PARROQ].&[170165],170165,22218
[DIVPOL].[DPA_PARROQ].&[170166],170166,6010
[DIVPOL].[DPA_PARROQ].&[170168],170168,1374
[DIVPOL].[DPA_PARROQ].&[170169],170169,8135
[DIVPOL].[DPA_PARROQ].&[170170],170170,21588
[DIVPOL].[DPA_PARROQ].&[170171],170171,3825
[DIVPOL].[DPA_PARROQ].&[170172],170172,2181
[DIVPOL].[DPA_PARROQ].&[170174],170174,1048
[DIVPOL].[DPA_PARROQ].&[170175],170175,35460
[DIVPOL].[DPA_PARROQ].&[170176],170176,21729
[DIVPOL].[DPA_PARROQ].&[170177],170177,51986
[DIVPOL].[DPA_PARROQ].&[170178],170178,1771
[DIVPOL].[DPA_PARROQ].&[170179],170179,24450
[DIVPOL].[DPA_PARROQ].&[170180],170180,64561
[DIVPOL].[DPA_PARROQ].&[170181],170181,2049
[DIVPOL].[DPA_PARROQ].&[170183],170183,13723
[DIVPOL].[DPA_PARROQ].&[170184],170184,105353
[DIVPOL].[DPA_PARROQ].&[170185],170185,38004
[DIVPOL].[DPA_PARROQ].&[170186],170186,6677
[DIVPOL].[DPA_PARROQ].&[170250],170250,63052
[DIVPOL].[DPA_PARROQ].&[170251],170251,6002
[DIVPOL].[DPA_PARROQ].&[170252],170252,4973
[DIVPOL].[DPA_PARROQ].&[170253],170253,1680
[DIVPOL].[DPA_PARROQ].&[170254],170254,1325
[DIVPOL].[DPA_PARROQ].&[170255],170255,4001
[DIVPOL].[DPA_PARROQ].&[170256],170256,6464
[DIVPOL].[DPA_PARROQ].&[170350],170350,75523
[DIVPOL].[DPA_PARROQ].&[170351],170351,28499
[DIVPOL].[DPA_PARROQ].&[170352],170352,22121
[DIVPOL].[DPA_PARROQ].&[170353],170353,30566
[DIVPOL].[DPA_PARROQ].&[170354],170354,1794
[DIVPOL].[DPA_PARROQ].&[170355],170355,13505
[DIVPOL].[DPA_PARROQ].&[170356],170356,23330
[DIVPOL].[DPA_PARROQ].&[170357],170357,8047
[DIVPOL].[DPA_PARROQ].&[170450],170450,24630
[DIVPOL].[DPA_PARROQ].&[170451],170451,2231
[DIVPOL].[DPA_PARROQ].&[170452],170452,4487
[DIVPOL].[DPA_PARROQ].&[170453],170453,2598
[DIVPOL].[DPA_PARROQ].&[170454],170454,1909
[DIVPOL].[DPA_PARROQ].&[170550],170550,249814
[DIVPOL].[DPA_PARROQ].&[170551],170551,8528
[DIVPOL].[DPA_PARROQ].&[170552],170552,381
[DIVPOL].[DPA_PARROQ].&[170750],170750,9474
[DIVPOL].[DPA_PARROQ].&[170751],170751,4923
[DIVPOL].[DPA_PARROQ].&[170850],170850,9786
[DIVPOL].[DPA_PARROQ].&[170950],170950,12211
[DIVPOL].[DPA_PARROQ].&[180150],180150,598475
[DIVPOL].[DPA_PARROQ].&[180151],180151,2567
[DIVPOL].[DPA_PARROQ].&[180152],180152,16092
[DIVPOL].[DPA_PARROQ].&[180153],180153,6514
[DIVPOL].[DPA_PARROQ].&[180154],180154,1443
[DIVPOL].[DPA_PARROQ].&[180155],180155,25094
[DIVPOL].[DPA_PARROQ].&[180156],180156,28007
[DIVPOL].[DPA_PARROQ].&[180157],180157,4164
[DIVPOL].[DPA_PARROQ].&[180158],180158,4390
[DIVPOL].[DPA_PARROQ].&[180159],180159,2664
[DIVPOL].[DPA_PARROQ].&[180160],180160,8910
[DIVPOL].[DPA_PARROQ].&[180161],180161,4716
[DIVPOL].[DPA_PARROQ].&[180162],180162,3581
[DIVPOL].[DPA_PARROQ].&[180163],180163,11759
[DIVPOL].[DPA_PARROQ].&[180164],180164,1891
[DIVPOL].[DPA_PARROQ].&[180165],180165,28120
[DIVPOL].[DPA_PARROQ].&[180166],180166,16034
[DIVPOL].[DPA_PARROQ].&[180167],180167,5128
[DIVPOL].[DPA_PARROQ].&[180168],180168,4182
[DIVPOL].[DPA_PARROQ].&[180250],180250,40750
[DIVPOL].[DPA_PARROQ].&[180251],180251,365
[DIVPOL].[DPA_PARROQ].&[180252],180252,2346
[DIVPOL].[DPA_PARROQ].&[180253],180253,1428
[DIVPOL].[DPA_PARROQ].&[180254],180254,5201
[DIVPOL].[DPA_PARROQ].&[180350],180350,12040
[DIVPOL].[DPA_PARROQ].&[180450],180450,7249
[DIVPOL].[DPA_PARROQ].&[180451],180451,888
[DIVPOL].[DPA_PARROQ].&[180550],180550,10511
[DIVPOL].[DPA_PARROQ].&[180551],180551,372
[DIVPOL].[DPA_PARROQ].&[180552],180552,727
[DIVPOL].[DPA_PARROQ].&[180553],180553,732
[DIVPOL].[DPA_PARROQ].&[180650],180650,10821
[DIVPOL].[DPA_PARROQ].&[180651],180651,1252
[DIVPOL].[DPA_PARROQ].&[180652],180652,1034
[DIVPOL].[DPA_PARROQ].&[180750],180750,39887
[DIVPOL].[DPA_PARROQ].&[180751],180751,2386
[DIVPOL].[DPA_PARROQ].&[180752],180752,723
[DIVPOL].[DPA_PARROQ].&[180753],180753,798
[DIVPOL].[DPA_PARROQ].&[180754],180754,1066
[DIVPOL].[DPA_PARROQ].&[180755],180755,1163
[DIVPOL].[DPA_PARROQ].&[180756],180756,3645
[DIVPOL].[DPA_PARROQ].&[180757],180757,3503
[DIVPOL].[DPA_PARROQ].&[180758],180758,3832
[DIVPOL].[DPA_PARROQ].&[180850],180850,26789
[DIVPOL].[DPA_PARROQ].&[180851],180851,146
[DIVPOL].[DPA_PARROQ].&[180852],180852,980
[DIVPOL].[DPA_PARROQ].&[180853],180853,587
[DIVPOL].[DPA_PARROQ].&[180854],180854,1856
[DIVPOL].[DPA_PARROQ].&[180855],180855,3713
[DIVPOL].[DPA_PARROQ].&[180856],180856,551
[DIVPOL].[DPA_PARROQ].&[180857],180857,3033
[DIVPOL].[DPA_PARROQ].&[180950],180950,11914
[DIVPOL].[DPA_PARROQ].&[180951],180951,746
[DIVPOL].[DPA_PARROQ].&[190150],190150,25127
[DIVPOL].[DPA_PARROQ].&[190151],190151,3857
[DIVPOL].[DPA_PARROQ].&[190152],190152,1934
[DIVPOL].[DPA_PARROQ].&[190153],190153,184
[DIVPOL].[DPA_PARROQ].&[190155],190155,728
[DIVPOL].[DPA_PARROQ].&[190156],190156,2186
[DIVPOL].[DPA_PARROQ].&[190158],190158,1567
[DIVPOL].[DPA_PARROQ].&[190250],190250,7229
[DIVPOL].[DPA_PARROQ].&[190251],190251,497
[DIVPOL].[DPA_PARROQ].&[190252],190252,53
[DIVPOL].[DPA_PARROQ].&[190254],190254,120
[DIVPOL].[DPA_PARROQ].&[190256],190256,150
[DIVPOL].[DPA_PARROQ].&[190259],190259,87
[DIVPOL].[DPA_PARROQ].&[190350],190350,3686
[DIVPOL].[DPA_PARROQ].&[190351],190351,544
[DIVPOL].[DPA_PARROQ].&[190352],190352,196
[DIVPOL].[DPA_PARROQ].&[190450],190450,2569
[DIVPOL].[DPA_PARROQ].&[190451],190451,537
[DIVPOL].[DPA_PARROQ].&[190452],190452,73
[DIVPOL].[DPA_PARROQ].&[190550],190550,19728
[DIVPOL].[DPA_PARROQ].&[190551],190551,1183
[DIVPOL].[DPA_PARROQ].&[190553],190553,3970
[DIVPOL].[DPA_PARROQ].&[190650],190650,12393
[DIVPOL].[DPA_PARROQ].&[190651],190651,1200
[DIVPOL].[DPA_PARROQ].&[190652],190652,1266
[DIVPOL].[DPA_PARROQ].&[190653],190653,922
[DIVPOL].[DPA_PARROQ].&[190750],190750,5005
[DIVPOL].[DPA_PARROQ].&[190752],190752,1014
[DIVPOL].[DPA_PARROQ].&[190753],190753,1233
[DIVPOL].[DPA_PARROQ].&[190850],190850,5330
[DIVPOL].[DPA_PARROQ].&[190851],190851,253
[DIVPOL].[DPA_PARROQ].&[190852],190852,298
[DIVPOL].[DPA_PARROQ].&[190853],190853,758
[DIVPOL].[DPA_PARROQ].&[190854],190854,92
[DIVPOL].[DPA_PARROQ].&[190950],190950,5178
[DIVPOL].[DPA_PARROQ].&[190951],190951,148
[DIVPOL].[DPA_PARROQ].&[190952],190952,178
[DIVPOL].[DPA_PARROQ].&[200150],200150,29427
[DIVPOL].[DPA_PARROQ].&[200151],200151,1807
[DIVPOL].[DPA_PARROQ].&[200152],200152,17
[DIVPOL].[DPA_PARROQ].&[200250],200250,7311
[DIVPOL].[DPA_PARROQ].&[200251],200251,300
[DIVPOL].[DPA_PARROQ].&[200350],200350,26590
[DIVPOL].[DPA_PARROQ].&[200351],200351,4131
[DIVPOL].[DPA_PARROQ].&[200352],200352,3104
[DIVPOL].[DPA_PARROQ].&[210150],210150,184712
[DIVPOL].[DPA_PARROQ].&[210152],210152,2555
[DIVPOL].[DPA_PARROQ].&[210153],210153,7760
[DIVPOL].[DPA_PARROQ].&[210155],210155,5701
[DIVPOL].[DPA_PARROQ].&[210156],210156,5228
[DIVPOL].[DPA_PARROQ].&[210157],210157,2205
[DIVPOL].[DPA_PARROQ].&[210158],210158,7246
[DIVPOL].[DPA_PARROQ].&[210160],210160,277
[DIVPOL].[DPA_PARROQ].&[210250],210250,10972
[DIVPOL].[DPA_PARROQ].&[210251],210251,1098
[DIVPOL].[DPA_PARROQ].&[210252],210252,2497
[DIVPOL].[DPA_PARROQ].&[210254],210254,516
[DIVPOL].[DPA_PARROQ].&[210350],210350,8151
[DIVPOL].[DPA_PARROQ].&[210351],210351,4746
[DIVPOL].[DPA_PARROQ].&[210352],210352,16
[DIVPOL].[DPA_PARROQ].&[210353],210353,24
[DIVPOL].[DPA_PARROQ].&[210354],210354,46
[DIVPOL].[DPA_PARROQ].&[210450],210450,42652
[DIVPOL].[DPA_PARROQ].&[210451],210451,4449
[DIVPOL].[DPA_PARROQ].&[210452],210452,76
[DIVPOL].[DPA_PARROQ].&[210453],210453,1795
[DIVPOL].[DPA_PARROQ].&[210454],210454,4408
[DIVPOL].[DPA_PARROQ].&[210455],210455,2709
[DIVPOL].[DPA_PARROQ].&[210550],210550,381
[DIVPOL].[DPA_PARROQ].&[210551],210551,64
[DIVPOL].[DPA_PARROQ].&[210552],210552,472
[DIVPOL].[DPA_PARROQ].&[210553],210553,28
[DIVPOL].[DPA_PARROQ].&[210554],210554,47
[DIVPOL].[DPA_PARROQ].&[210650],210650,10538
[DIVPOL].[DPA_PARROQ].&[210651],210651,140
[DIVPOL].[DPA_PARROQ].&[210652],210652,2541
[DIVPOL].[DPA_PARROQ].&[210750],210750,6611
[DIVPOL].[DPA_PARROQ].&[210751],210751,396
[DIVPOL].[DPA_PARROQ].&[210752],210752,635
[DIVPOL].[DPA_PARROQ].&[220150],220150,143573
[DIVPOL].[DPA_PARROQ].&[220151],220151,3803
[DIVPOL].[DPA_PARROQ].&[220152],220152,16709
[DIVPOL].[DPA_PARROQ].&[220153],220153,140
[DIVPOL].[DPA_PARROQ].&[220154],220154,2189
[DIVPOL].[DPA_PARROQ].&[220155],220155,33
[DIVPOL].[DPA_PARROQ].&[220156],220156,415
[DIVPOL].[DPA_PARROQ].&[220157],220157,363
[DIVPOL].[DPA_PARROQ].&[220158],220158,1439
[DIVPOL].[DPA_PARROQ].&[220159],220159,2058
[DIVPOL].[DPA_PARROQ].&[220160],220160,1152
[DIVPOL].[DPA_PARROQ].&[220161],220161,1747
[DIVPOL].[DPA_PARROQ].&[220250],220250,145
[DIVPOL].[DPA_PARROQ].&[220251],220251,34
[DIVPOL].[DPA_PARROQ].&[220252],220252,297
[DIVPOL].[DPA_PARROQ].&[220253],220253,4
[DIVPOL].[DPA_PARROQ].&[220254],220254,339
[DIVPOL].[DPA_PARROQ].&[220255],220255,16
[DIVPOL].[DPA_PARROQ].&[220350],220350,22289
[DIVPOL].[DPA_PARROQ].&[220351],220351,1006
[DIVPOL].[DPA_PARROQ].&[220352],220352,313
[DIVPOL].[DPA_PARROQ].&[220353],220353,827
[DIVPOL].[DPA_PARROQ].&[220354],220354,2620
[DIVPOL].[DPA_PARROQ].&[220355],220355,8430
[DIVPOL].[DPA_PARROQ].&[220356],220356,283
[DIVPOL].[DPA_PARROQ].&[220357],220357,1037
[DIVPOL].[DPA_PARROQ].&[220358],220358,589
[DIVPOL].[DPA_PARROQ].&[220450],220450,7615
[DIVPOL].[DPA_PARROQ].&[220451],220451,6571
[DIVPOL].[DPA_PARROQ].&[220452],220452,880
[DIVPOL].[DPA_PARROQ].&[220453],220453,403
[DIVPOL].[DPA_PARROQ].&[220454],220454,746
[DIVPOL].[DPA_PARROQ].&[220455],220455,397
[DIVPOL].[DPA_PARROQ].&[230151],230151,12754
[DIVPOL].[DPA_PARROQ].&[230152],230152,7704
[DIVPOL].[DPA_PARROQ].&[230153],230153,13995
[DIVPOL].[DPA_PARROQ].&[230154],230154,7288
[DIVPOL].[DPA_PARROQ].&[230155],230155,9531
[DIVPOL].[DPA_PARROQ].&[230156],230156,2647
[DIVPOL].[DPA_PARROQ].&[230157],230157,2383
[DIVPOL].[DPA_PARROQ].&[230250],230250,62472
[DIVPOL].[DPA_PARROQ].&[230251],230251,683307
[DIVPOL].[DPA_PARROQ].&[230252],230252,3840
[DIVPOL].[DPA_PARROQ].&[230253],230253,2824
[DIVPOL].[DPA_PARROQ].&[240150],240150,75244
[DIVPOL].[DPA_PARROQ].&[240151],240151,4678
[DIVPOL].[DPA_PARROQ].&[240152],240152,12941
[DIVPOL].[DPA_PARROQ].&[240153],240153,8109
[DIVPOL].[DPA_PARROQ].&[240154],240154,28056
[DIVPOL].[DPA_PARROQ].&[240155],240155,688
[DIVPOL].[DPA_PARROQ].&[240156],240156,4158
[DIVPOL].[DPA_PARROQ].&[240250],240250,118755
[DIVPOL].[DPA_PARROQ].&[240350],240350,66078
[DIVPOL].[DPA_PARROQ].&[240351],240351,11694
[DIVPOL].[DPA_PARROQ].&[240352],240352,23338
[DIVPOL].[DPA_PARROQ].&[900151],900151,2533
[DIVPOL].[DPA_PARROQ].&[900451],900451,2751
[DIVPOL].[DPA_PARROQ].&,,4343
