[DIVADM].[DPA_DESP].[DPA_DESP].[MEMBER_UNIQUE_NAME],[DIVADM].[DPA_DESP].[DPA_DESP].[MEMBER_CAPTION],[Measures].[SumaIncidentes]
[DIVADM].[DPA_DESP].&[10 DE AGOSTO],10 DE AGOSTO,4897
"[DIVADM].[DPA_DESP].&[11 DE NOVIEMBRE (ILINCHISI), POALO]","11 DE NOVIEMBRE (ILINCHISI), POALO",7010
"[DIVADM].[DPA_DESP].&[12 DE DICIEMBRE (CAB EN ACHIOTES), CHAQUINAL]","12 DE DICIEMBRE (CAB EN ACHIOTES), CHAQUINAL",809
"[DIVADM].[DPA_DESP].&[16 DE AGOSTO, CUMANDA (CAB EN COLONIA AGRICOLA SE*]","16 DE AGOSTO, CUMANDA (CAB EN COLONIA AGRICOLA SE*",12751
"[DIVADM].[DPA_DESP].&[27 DE ABRIL (CAB EN LA NARANJA), EL AIRO, EL INGE*]","27 DE ABRIL (CAB EN LA NARANJA), EL AIRO, EL INGE*",1597
[DIVADM].[DPA_DESP].&[28 DE MAYO (SAN JOSE DE YACUAMBI)],28 DE MAYO (SAN JOSE DE YACUAMBI),2569
"[DIVADM].[DPA_DESP].&[5 DE JUNIO (CAB EN UIMBI), ALTO TAMBO (CAB EN GUA*]","5 DE JUNIO (CAB EN UIMBI), ALTO TAMBO (CAB EN GUA*",2264
"[DIVADM].[DPA_DESP].&[6 DE JULIO DE CUELLAJE (CAB EN CUELLAJE), APUELA,*]","6 DE JULIO DE CUELLAJE (CAB EN CUELLAJE), APUELA,*",1451
"[DIVADM].[DPA_DESP].&[ABANIN, GUANAZAN]","ABANIN, GUANAZAN",476
"[DIVADM].[DPA_DESP].&[ABDON CALDERON (LA UNION), SANTA ISABEL (CHAGUARU*]","ABDON CALDERON (LA UNION), SANTA ISABEL (CHAGUARU*",20025
[DIVADM].[DPA_DESP].&[ABDON CALDERON (SAN FRANCISCO)],ABDON CALDERON (SAN FRANCISCO),7608
[DIVADM].[DPA_DESP].&[ACHUPALLAS],ACHUPALLAS,1730
"[DIVADM].[DPA_DESP].&[AGUAS NEGRAS, TARAPOA]","AGUAS NEGRAS, TARAPOA",7246
[DIVADM].[DPA_DESP].&[AHUANO],AHUANO,2118
[DIVADM].[DPA_DESP].&[ALAMOR],ALAMOR,9489
[DIVADM].[DPA_DESP].&[ALANGASI],ALANGASI,43888
"[DIVADM].[DPA_DESP].&[ALAQUES (ALAQUEZ), JOSE GUANGO BAJO]","ALAQUES (ALAQUEZ), JOSE GUANGO BAJO",6237
[DIVADM].[DPA_DESP].&[ALAUSI],ALAUSI,12142
"[DIVADM].[DPA_DESP].&[ALEJANDRO LABAKA, EL EDEN]","ALEJANDRO LABAKA, EL EDEN",173
[DIVADM].[DPA_DESP].&[ALFREDO BAQUERIZO MORENO (JUJAN)],ALFREDO BAQUERIZO MORENO (JUJAN),27031
"[DIVADM].[DPA_DESP].&[ALHAJUELA (BAJO GRANDE), CHIRIJOS]","ALHAJUELA (BAJO GRANDE), CHIRIJOS",2531
[DIVADM].[DPA_DESP].&[ALLURIQUIN],ALLURIQUIN,12754
[DIVADM].[DPA_DESP].&[ALOAG],ALOAG,28499
"[DIVADM].[DPA_DESP].&[ALOASI, EL CHAUPI]","ALOASI, EL CHAUPI",23915
"[DIVADM].[DPA_DESP].&[ALSHI(CAB EN 9 DE OCTUBRE), ZUNA (ZUNAC)]","ALSHI(CAB EN 9 DE OCTUBRE), ZUNA (ZUNAC)",491
[DIVADM].[DPA_DESP].&[AMAGUANA],AMAGUANA,45644
"[DIVADM].[DPA_DESP].&[AMALUZA, PALAMAS]","AMALUZA, PALAMAS",882
"[DIVADM].[DPA_DESP].&[AMALUZA, SANTA TERESITA]","AMALUZA, SANTA TERESITA",4838
"[DIVADM].[DPA_DESP].&[AMARILLOS, BUENAVISTA, SANTA RUFINA]","AMARILLOS, BUENAVISTA, SANTA RUFINA",956
"[DIVADM].[DPA_DESP].&[AMAZONAS (ROSARIO DE CUYES), EL IDEAL, NUEVA TARQ*]","AMAZONAS (ROSARIO DE CUYES), EL IDEAL, NUEVA TARQ*",1405
"[DIVADM].[DPA_DESP].&[AMBATILLO, SAN BARTOLOME DE PINLLOG]","AMBATILLO, SAN BARTOLOME DE PINLLOG",14326
[DIVADM].[DPA_DESP].&[AMBATO],AMBATO,598475
[DIVADM].[DPA_DESP].&[AMBUQUI],AMBUQUI,12433
"[DIVADM].[DPA_DESP].&[AMERICA, LA UNION]","AMERICA, LA UNION",651
"[DIVADM].[DPA_DESP].&[ANCHAYACU, SAN FRANCISCO DE ONZOLE, SANTO DOMINGO*]","ANCHAYACU, SAN FRANCISCO DE ONZOLE, SANTO DOMINGO*",305
"[DIVADM].[DPA_DESP].&[ANCON (PICHANGAL) (CAB. EN PALMA REAL), MATAJE (C*]","ANCON (PICHANGAL) (CAB. EN PALMA REAL), MATAJE (C*",32309
[DIVADM].[DPA_DESP].&[ANCONCITO],ANCONCITO,11694
[DIVADM].[DPA_DESP].&[ANGAMARCA],ANGAMARCA,456
"[DIVADM].[DPA_DESP].&[ANGEL PEDRO GILER (LA ESTANCILLA), BACHILLERO]","ANGEL PEDRO GILER (LA ESTANCILLA), BACHILLERO",3484
"[DIVADM].[DPA_DESP].&[ANGOCHAGUA, LA ESPERANZA]","ANGOCHAGUA, LA ESPERANZA",10241
"[DIVADM].[DPA_DESP].&[ANTONIO JOSE HOLGUIN (SANTA LUCIA), MULALILLO, PA*]","ANTONIO JOSE HOLGUIN (SANTA LUCIA), MULALILLO, PA*",13389
[DIVADM].[DPA_DESP].&[ANTONIO SOTOMAYOR (CAB. PLAYAS DE VINCE],ANTONIO SOTOMAYOR (CAB. PLAYAS DE VINCE,4452
[DIVADM].[DPA_DESP].&[ARAJUNO],ARAJUNO,4475
"[DIVADM].[DPA_DESP].&[ARAPICOS, SANGAY (CAB EN NAYAMANACA)]","ARAPICOS, SANGAY (CAB EN NAYAMANACA)",2737
"[DIVADM].[DPA_DESP].&[ARCAPAMBA, HUERTAS, MALVAS, MULUNCAY GRANDE]","ARCAPAMBA, HUERTAS, MALVAS, MULUNCAY GRANDE",3948
"[DIVADM].[DPA_DESP].&[ARCHIDONA, SAN PABLO DE USHPAYACU]","ARCHIDONA, SAN PABLO DE USHPAYACU",12470
[DIVADM].[DPA_DESP].&[ARENILLAS],ARENILLAS,29427
[DIVADM].[DPA_DESP].&[ARQ. SIXTO DURAN BALLEN],ARQ. SIXTO DURAN BALLEN,440
"[DIVADM].[DPA_DESP].&[ASCAZUBI, OTON, SANTA ROSA DE CUZUBAMBA]","ASCAZUBI, OTON, SANTA ROSA DE CUZUBAMBA",11328
[DIVADM].[DPA_DESP].&[ASUNCION],ASUNCION,2259
"[DIVADM].[DPA_DESP].&[ASUNCION (ASANCOTO), MAGDALENA (CHAPACOTO)]","ASUNCION (ASANCOTO), MAGDALENA (CHAPACOTO)",3170
"[DIVADM].[DPA_DESP].&[ASUNCION, SANTA MARIANITA DE JESUS, SUCUA]","ASUNCION, SANTA MARIANITA DE JESUS, SUCUA",32332
[DIVADM].[DPA_DESP].&[ATACAMES],ATACAMES,34922
[DIVADM].[DPA_DESP].&[ATAHUALPA],ATAHUALPA,541
"[DIVADM].[DPA_DESP].&[ATAHUALPA (CAB. EN CAMARONES), BORBON, SAN JOSE D*]","ATAHUALPA (CAB. EN CAMARONES), BORBON, SAN JOSE D*",10277
"[DIVADM].[DPA_DESP].&[ATAHUALPA (CHISALATA), AUGUSTO N. MARTINEZ (MUNDU*]","ATAHUALPA (CHISALATA), AUGUSTO N. MARTINEZ (MUNDU*",24049
"[DIVADM].[DPA_DESP].&[ATAHUALPA (HABASPAMBA), CHAVEZPAMBA, PERUCHO]","ATAHUALPA (HABASPAMBA), CHAVEZPAMBA, PERUCHO",1573
"[DIVADM].[DPA_DESP].&[ATAHUALPA, SAN JOSE DE ANCON]","ATAHUALPA, SAN JOSE DE ANCON",8836
[DIVADM].[DPA_DESP].&[ATUNTAQUI],ATUNTAQUI,41257
"[DIVADM].[DPA_DESP].&[AVILA (CAB EN HUIRUNO), LORETO, PUERTO MURIALDO]","AVILA (CAB EN HUIRUNO), LORETO, PUERTO MURIALDO",15066
[DIVADM].[DPA_DESP].&[AYACUCHO],AYACUCHO,1991
"[DIVADM].[DPA_DESP].&[AYAPAMBA, CORDONCILLO, MILAGRO, PACCHA, SAN JOSE]","AYAPAMBA, CORDONCILLO, MILAGRO, PACCHA, SAN JOSE",4889
[DIVADM].[DPA_DESP].&[AZOGUES],AZOGUES,78448
[DIVADM].[DPA_DESP].&[BABA],BABA,15328
[DIVADM].[DPA_DESP].&[BABAHOYO],BABAHOYO,240839
"[DIVADM].[DPA_DESP].&[BAEZA, COSANGA, SAN FRANCISCO DE BORJA (VIRGILIO *]","BAEZA, COSANGA, SAN FRANCISCO DE BORJA (VIRGILIO *",6790
[DIVADM].[DPA_DESP].&[BAHIA DE CARAQUEZ],BAHIA DE CARAQUEZ,23230
[DIVADM].[DPA_DESP].&[BALAO],BALAO,18079
"[DIVADM].[DPA_DESP].&[BALSAPAMBA, BILOVAN, REGULO DE MORA]","BALSAPAMBA, BILOVAN, REGULO DE MORA",8482
"[DIVADM].[DPA_DESP].&[BALSAS, BELLAMARIA]","BALSAS, BELLAMARIA",8955
[DIVADM].[DPA_DESP].&[BALZAR],BALZAR,58942
[DIVADM].[DPA_DESP].&[BANOS],BANOS,19993
"[DIVADM].[DPA_DESP].&[BANOS DE AGUA SANTA, LLIGUA, ULBA]","BANOS DE AGUA SANTA, LLIGUA, ULBA",46316
"[DIVADM].[DPA_DESP].&[BAQUERIZO MORENO, EMILIO MARIA TERAN (RUMIPAMBA),*]","BAQUERIZO MORENO, EMILIO MARIA TERAN (RUMIPAMBA),*",4746
"[DIVADM].[DPA_DESP].&[BARBONES (SUCRE), TENDALES (CAB. EN PUERTO TENDAL*]","BARBONES (SUCRE), TENDALES (CAB. EN PUERTO TENDAL*",11979
[DIVADM].[DPA_DESP].&[BARRAGANETE],BARRAGANETE,456
[DIVADM].[DPA_DESP].&[BELISARIO QUEVEDO],BELISARIO QUEVEDO,154080
[DIVADM].[DPA_DESP].&[BELISARIO QUEVEDO (GUANAILIN)],BELISARIO QUEVEDO (GUANAILIN),5071
[DIVADM].[DPA_DESP].&[BELLAMARIA],BELLAMARIA,1667
[DIVADM].[DPA_DESP].&[BELLAVISTA],BELLAVISTA,4958
"[DIVADM].[DPA_DESP].&[BELLAVISTA, JIMBURA]","BELLAVISTA, JIMBURA",1406
"[DIVADM].[DPA_DESP].&[BELLAVISTA, LA AVANZADA, SAN ANTONIO, TORATA]","BELLAVISTA, LA AVANZADA, SAN ANTONIO, TORATA",10547
"[DIVADM].[DPA_DESP].&[BELLAVISTA, PAQUISHA]","BELLAVISTA, PAQUISHA",5326
"[DIVADM].[DPA_DESP].&[BENITEZ (PACHANLICA), EL ROSARIO (RUMICHACA), SAL*]","BENITEZ (PACHANLICA), EL ROSARIO (RUMICHACA), SAL*",7381
"[DIVADM].[DPA_DESP].&[BERMEJOS, CHIGUINDA, EL ROSARIO]","BERMEJOS, CHIGUINDA, EL ROSARIO",458
"[DIVADM].[DPA_DESP].&[BIBLIAN, SAN FRANCISCO DE SAGEO, TURUPAMBA]","BIBLIAN, SAN FRANCISCO DE SAGEO, TURUPAMBA",16457
"[DIVADM].[DPA_DESP].&[BILBAO (CAB. EN QUILLUYACU), EL ALTAR, LA CANDELA*]","BILBAO (CAB. EN QUILLUYACU), EL ALTAR, LA CANDELA*",6142
[DIVADM].[DPA_DESP].&[BOLASPAMBA],BOLASPAMBA,99
"[DIVADM].[DPA_DESP].&[BOLIVAR, COTALO, GUAMBALO (HUAMBALO)]","BOLIVAR, COTALO, GUAMBALO (HUAMBALO)",5024
"[DIVADM].[DPA_DESP].&[BOLIVAR, DAULE]","BOLIVAR, DAULE",1132
"[DIVADM].[DPA_DESP].&[BOLIVAR, LOS ANDES]","BOLIVAR, LOS ANDES",9982
[DIVADM].[DPA_DESP].&[BOMBOIZA],BOMBOIZA,4341
[DIVADM].[DPA_DESP].&[BOYACA],BOYACA,583
"[DIVADM].[DPA_DESP].&[BUENAVISTA, CANAQUEMADA, LA PEANA]","BUENAVISTA, CANAQUEMADA, LA PEANA",17284
"[DIVADM].[DPA_DESP].&[BULAN (JOSE VICTOR IZQUIERDO), DUG DUG, GUARAINAG*]","BULAN (JOSE VICTOR IZQUIERDO), DUG DUG, GUARAINAG*",2083
"[DIVADM].[DPA_DESP].&[CACHA (CAB. EN MACHANGARA), SAN LUIS]","CACHA (CAB. EN MACHANGARA), SAN LUIS",16132
"[DIVADM].[DPA_DESP].&[CAHUASQUI, PABLO ARENAS]","CAHUASQUI, PABLO ARENAS",1975
[DIVADM].[DPA_DESP].&[CALACALI],CALACALI,14347
[DIVADM].[DPA_DESP].&[CALCETA],CALCETA,22240
[DIVADM].[DPA_DESP].&[CALDERON (CARAPUNGO)],CALDERON (CARAPUNGO),335428
"[DIVADM].[DPA_DESP].&[CALDERON, CARONDELET, SANTA RITA, TULULBI  (CAB E*]","CALDERON, CARONDELET, SANTA RITA, TULULBI  (CAB E*",2429
"[DIVADM].[DPA_DESP].&[CALPI, SAN JUAN]","CALPI, SAN JUAN",9860
[DIVADM].[DPA_DESP].&[CALUMA],CALUMA,25736
"[DIVADM].[DPA_DESP].&[CAMARONES (CAB. EN SAN VICENTE), TACHINA]","CAMARONES (CAB. EN SAN VICENTE), TACHINA",11685
[DIVADM].[DPA_DESP].&[CAMILO PONCE ENRIQUEZ],CAMILO PONCE ENRIQUEZ,22066
[DIVADM].[DPA_DESP].&[CAMPOZANO (LA PALMA DE PAJAN)],CAMPOZANO (LA PALMA DE PAJAN),1218
[DIVADM].[DPA_DESP].&[CANAR],CANAR,18128
"[DIVADM].[DPA_DESP].&[CANCHAGUA, COCHAPAMBA]","CANCHAGUA, COCHAPAMBA",987
"[DIVADM].[DPA_DESP].&[CANELOS, POMONA, SIMON BOLIVAR (CAB EN MUSHULLAMA*]","CANELOS, POMONA, SIMON BOLIVAR (CAB EN MUSHULLAMA*",10643
[DIVADM].[DPA_DESP].&[CANGAHUA],CANGAHUA,4973
"[DIVADM].[DPA_DESP].&[CANGONAMA, SAN ANTONIO, YAMANA]","CANGONAMA, SAN ANTONIO, YAMANA",1186
"[DIVADM].[DPA_DESP].&[CANI, JUAN DE VELASCO (PANGOR)]","CANI, JUAN DE VELASCO (PANGOR)",950
[DIVADM].[DPA_DESP].&[CANOA],CANOA,3589
[DIVADM].[DPA_DESP].&[CANUTO],CANUTO,4034
"[DIVADM].[DPA_DESP].&[CAP. AUGUSTO RIVADENEYRA, SANTA MARIA DE HUIRIRIMA]","CAP. AUGUSTO RIVADENEYRA, SANTA MARIA DE HUIRIRIMA",38
[DIVADM].[DPA_DESP].&[CAPIRO (CAB. EN LA CAPILLA DE CAPIRO)],CAPIRO (CAB. EN LA CAPILLA DE CAPIRO),772
"[DIVADM].[DPA_DESP].&[CAPZOL, COMPUD, LLAGOS]","CAPZOL, COMPUD, LLAGOS",1772
[DIVADM].[DPA_DESP].&[CARACOL],CARACOL,5820
"[DIVADM].[DPA_DESP].&[CARCABON, CHACRAS]","CARCABON, CHACRAS",4743
[DIVADM].[DPA_DESP].&[CARCELEN],CARCELEN,95651
[DIVADM].[DPA_DESP].&[CARIAMANGA],CARIAMANGA,20181
[DIVADM].[DPA_DESP].&[CARLOS JULIO AROSEMENA TOLA],CARLOS JULIO AROSEMENA TOLA,2416
[DIVADM].[DPA_DESP].&[CAROLINA],CAROLINA,2953
[DIVADM].[DPA_DESP].&[CASACAY],CASACAY,3726
"[DIVADM].[DPA_DESP].&[CASANGA, LAURO GUERRERO]","CASANGA, LAURO GUERRERO",1156
[DIVADM].[DPA_DESP].&[CASCOL],CASCOL,3747
[DIVADM].[DPA_DESP].&[CATACOCHA],CATACOCHA,9223
[DIVADM].[DPA_DESP].&[CATAMAYO (LA TOMA)],CATAMAYO (LA TOMA),45855
[DIVADM].[DPA_DESP].&[CATARAMA],CATARAMA,9387
[DIVADM].[DPA_DESP].&[CAYAMBE],CAYAMBE,69516
[DIVADM].[DPA_DESP].&[CAZADEROS (CAB EN MANGAURCO)],CAZADEROS (CAB EN MANGAURCO),155
[DIVADM].[DPA_DESP].&[CEBADAS],CEBADAS,2864
[DIVADM].[DPA_DESP].&[CELICA],CELICA,9647
[DIVADM].[DPA_DESP].&[CENTRO HISTORICO],CENTRO HISTORICO,246441
[DIVADM].[DPA_DESP].&[CEVALLOS],CEVALLOS,12040
"[DIVADM].[DPA_DESP].&[CHAGUARPAMBA, EL ROSARIO]","CHAGUARPAMBA, EL ROSARIO",2944
[DIVADM].[DPA_DESP].&[CHAMBO],CHAMBO,9743
[DIVADM].[DPA_DESP].&[CHANDUY],CHANDUY,8109
"[DIVADM].[DPA_DESP].&[CHANGAIMINA (LA LIBERTAD), SACAPALCA]","CHANGAIMINA (LA LIBERTAD), SACAPALCA",1884
"[DIVADM].[DPA_DESP].&[CHANTACO, CHUQUIRIBAMBA, TAQUIL (MIGUEL RIOFRIO)]","CHANTACO, CHUQUIRIBAMBA, TAQUIL (MIGUEL RIOFRIO)",4559
"[DIVADM].[DPA_DESP].&[CHANTILIN, SAQUISILI]","CHANTILIN, SAQUISILI",21218
[DIVADM].[DPA_DESP].&[CHARAPOTO],CHARAPOTO,13586
[DIVADM].[DPA_DESP].&[CHAUCHA],CHAUCHA,239
[DIVADM].[DPA_DESP].&[CHECA (CHILPA)],CHECA (CHILPA),6504
"[DIVADM].[DPA_DESP].&[CHECA (JIDCAY), CHIQUINTAD]","CHECA (JIDCAY), CHIQUINTAD",7269
[DIVADM].[DPA_DESP].&[CHIBUNGA],CHIBUNGA,954
"[DIVADM].[DPA_DESP].&[CHICAN (GUILLERMO ORTEGA), EL CABO, PAUTE, SAN CR*]","CHICAN (GUILLERMO ORTEGA), EL CABO, PAUTE, SAN CR*",23872
"[DIVADM].[DPA_DESP].&[CHICANA, YANTZAZA (YANZATZA)]","CHICANA, YANTZAZA (YANZATZA)",20911
"[DIVADM].[DPA_DESP].&[CHIGUAZA, HUAMBOYA]","CHIGUAZA, HUAMBOYA",15850
[DIVADM].[DPA_DESP].&[CHILIBULO],CHILIBULO,90093
[DIVADM].[DPA_DESP].&[CHILLA],CHILLA,1515
[DIVADM].[DPA_DESP].&[CHILLANES],CHILLANES,9025
[DIVADM].[DPA_DESP].&[CHILLOGALLO],CHILLOGALLO,97505
[DIVADM].[DPA_DESP].&[CHIMBACALLE],CHIMBACALLE,101751
"[DIVADM].[DPA_DESP].&[CHINCA, MAJUA, SAN MATEO]","CHINCA, MAJUA, SAN MATEO",14774
"[DIVADM].[DPA_DESP].&[CHIQUICHA (CAB EN CHIQUICHA GRANDE), GARCIA MOREN*]","CHIQUICHA (CAB EN CHIQUICHA GRANDE), GARCIA MOREN*",4711
"[DIVADM].[DPA_DESP].&[CHITAN DE NAVARRETE, CRISTOBAL COLON, FERNANDEZ S*]","CHITAN DE NAVARRETE, CRISTOBAL COLON, FERNANDEZ S*",3116
[DIVADM].[DPA_DESP].&[CHITO],CHITO,497
[DIVADM].[DPA_DESP].&[CHOBO],CHOBO,7682
[DIVADM].[DPA_DESP].&[CHONE],CHONE,68382
"[DIVADM].[DPA_DESP].&[CHONTADURO, CHUMUNDE, RIOVERDE]","CHONTADURO, CHUMUNDE, RIOVERDE",9580
"[DIVADM].[DPA_DESP].&[CHONTAMARCA, DUCUR, GENERAL MORALES (SOCARTE), VE*]","CHONTAMARCA, DUCUR, GENERAL MORALES (SOCARTE), VE*",4062
[DIVADM].[DPA_DESP].&[CHONTAPUNTA],CHONTAPUNTA,1262
"[DIVADM].[DPA_DESP].&[CHORDELEG, LA UNION, LUIS GALARZA ORELLANA (CAB. *]","CHORDELEG, LA UNION, LUIS GALARZA ORELLANA (CAB. *",7682
"[DIVADM].[DPA_DESP].&[CHOROCOPTE, GUALLETURO, SAN ANTONIO]","CHOROCOPTE, GUALLETURO, SAN ANTONIO",2220
"[DIVADM].[DPA_DESP].&[CHUGA, MARIANO ACOSTA, PIMAMPIRO, SAN  FCO. DE SI*]","CHUGA, MARIANO ACOSTA, PIMAMPIRO, SAN  FCO. DE SI*",16934
[DIVADM].[DPA_DESP].&[CHUGCHILLAN],CHUGCHILLAN,1283
"[DIVADM].[DPA_DESP].&[CHUMBLIN, SAN FERNANDO]","CHUMBLIN, SAN FERNANDO",1417
"[DIVADM].[DPA_DESP].&[CHUNCHI, GONZOL]","CHUNCHI, GONZOL",8593
"[DIVADM].[DPA_DESP].&[CHUPIANZA, COPAL, SAN LUIS DE EL ACHO (CAB EN EL *]","CHUPIANZA, COPAL, SAN LUIS DE EL ACHO (CAB EN EL *",9011
"[DIVADM].[DPA_DESP].&[CHURA (CHANCAMA) (CAB. EN EL YERBERO), VICHE]","CHURA (CHANCAMA) (CAB. EN EL YERBERO), VICHE",5901
"[DIVADM].[DPA_DESP].&[CIANO, EL ARENAL, MERCADILLO, VICENTINO]","CIANO, EL ARENAL, MERCADILLO, VICENTINO",1556
[DIVADM].[DPA_DESP].&[COCHAPAMBA],COCHAPAMBA,71417
"[DIVADM].[DPA_DESP].&[COCHAPATA, NABON]","COCHAPATA, NABON",7977
[DIVADM].[DPA_DESP].&[COJIMIES],COJIMIES,6603
"[DIVADM].[DPA_DESP].&[COJITAMBO, JAVIER LOYOLA (CHUQUIPATA)]","COJITAMBO, JAVIER LOYOLA (CHUQUIPATA)",12861
"[DIVADM].[DPA_DESP].&[COLAISACA, UTUANA]","COLAISACA, UTUANA",1170
[DIVADM].[DPA_DESP].&[COLIMES],COLIMES,9998
"[DIVADM].[DPA_DESP].&[COLON ELOY DEL MARIA, LUIS V. TORRES (CAB. EN PLA*]","COLON ELOY DEL MARIA, LUIS V. TORRES (CAB. EN PLA*",3423
[DIVADM].[DPA_DESP].&[COLONCHE],COLONCHE,12942
[DIVADM].[DPA_DESP].&[COLUMBE],COLUMBE,2201
[DIVADM].[DPA_DESP].&[COMITE DEL PUEBLO],COMITE DEL PUEBLO,104583
[DIVADM].[DPA_DESP].&[CONCEPCION],CONCEPCION,91292
"[DIVADM].[DPA_DESP].&[CONCEPCION, JIJON Y CAAMANO (CAB. EN RIO BLANCO)]","CONCEPCION, JIJON Y CAAMANO (CAB. EN RIO BLANCO)",2520
[DIVADM].[DPA_DESP].&[CONOCOTO],CONOCOTO,156933
[DIVADM].[DPA_DESP].&[CONONACO],CONONACO,297
[DIVADM].[DPA_DESP].&[CONVENTO],CONVENTO,1597
[DIVADM].[DPA_DESP].&[COTACACHI],COTACACHI,22092
[DIVADM].[DPA_DESP].&[COTOCOLLAO],COTOCOLLAO,81162
"[DIVADM].[DPA_DESP].&[COTOGCHOA, RUMIPAMBA]","COTOGCHOA, RUMIPAMBA",8909
[DIVADM].[DPA_DESP].&[COTUNDO],COTUNDO,8582
"[DIVADM].[DPA_DESP].&[CRNEL. CARLOS C. TORRES (CAB. EN HUELE), TABIAZO]","CRNEL. CARLOS C. TORRES (CAB. EN HUELE), TABIAZO",1109
[DIVADM].[DPA_DESP].&[CRNEL. LORENZO DE GARAICOA (PEDREGAL)],CRNEL. LORENZO DE GARAICOA (PEDREGAL),4804
[DIVADM].[DPA_DESP].&[CRNEL. MARCELINO MARIDUENA (SAN CARLOS)],CRNEL. MARCELINO MARIDUENA (SAN CARLOS),11269
[DIVADM].[DPA_DESP].&[CRUCITA],CRUCITA,14763
"[DIVADM].[DPA_DESP].&[CRUZPAMBA (CAB EN CARLOS BUSTAMANTE), POZUL (SAN *]","CRUZPAMBA (CAB EN CARLOS BUSTAMANTE), POZUL (SAN *",2742
[DIVADM].[DPA_DESP].&[CUBE],CUBE,2317
"[DIVADM].[DPA_DESP].&[CUBIJIES, QUIMIAG]","CUBIJIES, QUIMIAG",3884
[DIVADM].[DPA_DESP].&[CUCHAENTZA],CUCHAENTZA,1579
"[DIVADM].[DPA_DESP].&[CUCHIL (CUTCHIL), GUEL, SAN BARTOLOME, SIGSIG]","CUCHIL (CUTCHIL), GUEL, SAN BARTOLOME, SIGSIG",13265
[DIVADM].[DPA_DESP].&[CUENCA_BELLAVISTA],CUENCA_BELLAVISTA,42195
[DIVADM].[DPA_DESP].&[CUENCA_CANARIBAMBA],CUENCA_CANARIBAMBA,23138
[DIVADM].[DPA_DESP].&[CUENCA_EL BATAN],CUENCA_EL BATAN,68813
[DIVADM].[DPA_DESP].&[CUENCA_EL SAGRARIO],CUENCA_EL SAGRARIO,61572
[DIVADM].[DPA_DESP].&[CUENCA_EL VECINO],CUENCA_EL VECINO,92982
[DIVADM].[DPA_DESP].&[CUENCA_GIL RAMIREZ DAVALOS],CUENCA_GIL RAMIREZ DAVALOS,36332
[DIVADM].[DPA_DESP].&[CUENCA_HERMANO MIGUEL],CUENCA_HERMANO MIGUEL,39971
[DIVADM].[DPA_DESP].&[CUENCA_HUAYNA CAPAC],CUENCA_HUAYNA CAPAC,66156
[DIVADM].[DPA_DESP].&[CUENCA_MACHANGARA],CUENCA_MACHANGARA,42667
[DIVADM].[DPA_DESP].&[CUENCA_MONAY],CUENCA_MONAY,43091
[DIVADM].[DPA_DESP].&[CUENCA_SAN BLAS],CUENCA_SAN BLAS,35340
[DIVADM].[DPA_DESP].&[CUENCA_SAN SEBASTIAN],CUENCA_SAN SEBASTIAN,81237
[DIVADM].[DPA_DESP].&[CUENCA_SUCRE],CUENCA_SUCRE,84635
[DIVADM].[DPA_DESP].&[CUENCA_TOTOROCOHA],CUENCA_TOTOROCOHA,57085
[DIVADM].[DPA_DESP].&[CUENCA_YANUNCAY],CUENCA_YANUNCAY,107712
[DIVADM].[DPA_DESP].&[CUMANDA],CUMANDA,14362
"[DIVADM].[DPA_DESP].&[CUMBARATZA, SAN CARLOS DE LAS MINAS, TIMBARA]","CUMBARATZA, SAN CARLOS DE LAS MINAS, TIMBARA",7610
[DIVADM].[DPA_DESP].&[CUMBAYA],CUMBAYA,69271
"[DIVADM].[DPA_DESP].&[CUMBE, VICTORIA DEL PORTETE (IRQUIS)]","CUMBE, VICTORIA DEL PORTETE (IRQUIS)",10580
"[DIVADM].[DPA_DESP].&[CUNCHIBAMBA, UNAMUNCHO]","CUNCHIBAMBA, UNAMUNCHO",9310
[DIVADM].[DPA_DESP].&[CURARAY],CURARAY,570
"[DIVADM].[DPA_DESP].&[CURTINCAPA, MORALES]","CURTINCAPA, MORALES",441
[DIVADM].[DPA_DESP].&[CUSUBAMBA],CUSUBAMBA,1836
[DIVADM].[DPA_DESP].&[CUTUGLAHUA],CUTUGLAHUA,30566
[DIVADM].[DPA_DESP].&[CUYABENO],CUYABENO,396
"[DIVADM].[DPA_DESP].&[CUYUJA, PAPALLACTA]","CUYUJA, PAPALLACTA",3548
"[DIVADM].[DPA_DESP].&[DANIEL CORDOVA TORAL (EL ORIENTE), LUIS CORDERO V*]","DANIEL CORDOVA TORAL (EL ORIENTE), LUIS CORDERO V*",4892
[DIVADM].[DPA_DESP].&[DAULE],DAULE,156728
"[DIVADM].[DPA_DESP].&[DAYUMA, EL DORADO, TARACOA (CAB. EN NUEVA ESPERAN*]","DAYUMA, EL DORADO, TARACOA (CAB. EN NUEVA ESPERAN*",22701
"[DIVADM].[DPA_DESP].&[DELEG, SOLANO]","DELEG, SOLANO",6777
"[DIVADM].[DPA_DESP].&[DIEZ DE AGOSTO, EL TRIUNFO]","DIEZ DE AGOSTO, EL TRIUNFO",2759
"[DIVADM].[DPA_DESP].&[DOCTOR MIGUEL EGAS CABEZAS (PEGUCHE), SAN JUAN DE*]","DOCTOR MIGUEL EGAS CABEZAS (PEGUCHE), SAN JUAN DE*",10587
"[DIVADM].[DPA_DESP].&[DURENO, PACAYACU]","DURENO, PACAYACU",7783
[DIVADM].[DPA_DESP].&[ECHEANDIA],ECHEANDIA,25600
"[DIVADM].[DPA_DESP].&[EL ANEGADO (CAB EN ELOY ALFARO), JULCUY]","EL ANEGADO (CAB EN ELOY ALFARO), JULCUY",2344
"[DIVADM].[DPA_DESP].&[EL ANGEL, LA LIBERTAD (ALIZO), SAN ISIDRO]","EL ANGEL, LA LIBERTAD (ALIZO), SAN ISIDRO",13817
"[DIVADM].[DPA_DESP].&[EL CARMELO (EL PUN), JULIO ANDRADE (OREJUELA)]","EL CARMELO (EL PUN), JULIO ANDRADE (OREJUELA)",17655
[DIVADM].[DPA_DESP].&[EL CARMEN],EL CARMEN,54017
[DIVADM].[DPA_DESP].&[EL CARMEN DE PIJILI],EL CARMEN DE PIJILI,460
[DIVADM].[DPA_DESP].&[EL CHACO],EL CHACO,4427
"[DIVADM].[DPA_DESP].&[EL CHICAL, MALDONADO, TOBAR DONOSO (LA BOCANA DE *]","EL CHICAL, MALDONADO, TOBAR DONOSO (LA BOCANA DE *",3736
"[DIVADM].[DPA_DESP].&[EL CHORRO, LA CHONTA, PUCAPAMBA]","EL CHORRO, LA CHONTA, PUCAPAMBA",323
"[DIVADM].[DPA_DESP].&[EL CISNE, GUALEL]","EL CISNE, GUALEL",3650
[DIVADM].[DPA_DESP].&[EL CONDADO],EL CONDADO,108675
[DIVADM].[DPA_DESP].&[EL CORAZON],EL CORAZON,3815
"[DIVADM].[DPA_DESP].&[EL DORADO DE CASCALES, SANTA ROSA DE SUCUMBIOS, S*]","EL DORADO DE CASCALES, SANTA ROSA DE SUCUMBIOS, S*",13219
[DIVADM].[DPA_DESP].&[EL ENO],EL ENO,5701
[DIVADM].[DPA_DESP].&[EL ESFUERZO],EL ESFUERZO,2647
[DIVADM].[DPA_DESP].&[EL GOALTAL],EL GOALTAL,238
[DIVADM].[DPA_DESP].&[EL GUABO],EL GUABO,41798
"[DIVADM].[DPA_DESP].&[EL GUISME, EL PANGUI, PACHICUTZA]","EL GUISME, EL PANGUI, PACHICUTZA",14859
"[DIVADM].[DPA_DESP].&[EL INGENIO, MARCABELI]","EL INGENIO, MARCABELI",6562
[DIVADM].[DPA_DESP].&[EL LIMO (MARIANA DE JESUS)],EL LIMO (MARIANA DE JESUS),412
[DIVADM].[DPA_DESP].&[EL LUCERO],EL LUCERO,889
"[DIVADM].[DPA_DESP].&[EL PAN, SAN VICENTE]","EL PAN, SAN VICENTE",1520
"[DIVADM].[DPA_DESP].&[EL PARAISO DE CELEN, SAN PABLO DE TENTA]","EL PARAISO DE CELEN, SAN PABLO DE TENTA",1084
"[DIVADM].[DPA_DESP].&[EL PARAISO, SAN ISIDRO]","EL PARAISO, SAN ISIDRO",301
[DIVADM].[DPA_DESP].&[EL PIEDRERO],EL PIEDRERO,2751
"[DIVADM].[DPA_DESP].&[EL PLAYON DE SAN FRANCISCO, LA BONITA, LA SOFIA, *]","EL PLAYON DE SAN FRANCISCO, LA BONITA, LA SOFIA, *",992
[DIVADM].[DPA_DESP].&[EL PORVENIR DEL CARMEN],EL PORVENIR DEL CARMEN,253
[DIVADM].[DPA_DESP].&[EL PROGRESO],EL PROGRESO,1807
"[DIVADM].[DPA_DESP].&[EL PROGRESO (CAB.EN ZHIOTA), LAS NIEVES (CHAYA)]","EL PROGRESO (CAB.EN ZHIOTA), LAS NIEVES (CHAYA)",1411
[DIVADM].[DPA_DESP].&[EL QUINCHE],EL QUINCHE,26669
[DIVADM].[DPA_DESP].&[EL RETIRO],EL RETIRO,7994
"[DIVADM].[DPA_DESP].&[EL REVENTADOR, GONZALO PIZARRO, LUMBAQUI, PUERTO *]","EL REVENTADOR, GONZALO PIZARRO, LUMBAQUI, PUERTO *",15083
[DIVADM].[DPA_DESP].&[EL ROSARIO],EL ROSARIO,1488
[DIVADM].[DPA_DESP].&[EL SALITRE (LAS RAMAS)],EL SALITRE (LAS RAMAS),18749
"[DIVADM].[DPA_DESP].&[EL TABLON, SAN ANTONIO DE QUMBE (CUMBE), URDANETA*]","EL TABLON, SAN ANTONIO DE QUMBE (CUMBE), URDANETA*",2200
[DIVADM].[DPA_DESP].&[EL TAMBO],EL TAMBO,10996
[DIVADM].[DPA_DESP].&[EL TRIUNFO],EL TRIUNFO,54989
"[DIVADM].[DPA_DESP].&[EL TRIUNFO, LOS ANDES (CAB EN POATUG), PATATE, SU*]","EL TRIUNFO, LOS ANDES (CAB EN POATUG), PATATE, SU*",12342
[DIVADM].[DPA_DESP].&[ELOY ALFARO],ELOY ALFARO,1054
[DIVADM].[DPA_DESP].&[ELOY ALFARO (DURAN)],ELOY ALFARO (DURAN),377248
"[DIVADM].[DPA_DESP].&[ENOKANQUI (CAB. EN EL PARAISO), LAGO SAN PEDRO, R*]","ENOKANQUI (CAB. EN EL PARAISO), LAGO SAN PEDRO, R*",10756
[DIVADM].[DPA_DESP].&[ESMERALDAS],ESMERALDAS,289115
"[DIVADM].[DPA_DESP].&[ESPANOLA ""HOOD"", PUERTO BAQUERIZO MORENO]","ESPANOLA ""HOOD"", PUERTO BAQUERIZO MORENO",29444
[DIVADM].[DPA_DESP].&[EUGENIO ESPEJO (CALPAQUI)],EUGENIO ESPEJO (CALPAQUI),4084
[DIVADM].[DPA_DESP].&[FACUNDO VELA],FACUNDO VELA,1525
"[DIVADM].[DPA_DESP].&[FATIMA, TENIENTE HUGO ORTIZ]","FATIMA, TENIENTE HUGO ORTIZ",3034
[DIVADM].[DPA_DESP].&[FEBRES CORDERO (LAS JUNTAS) (CAB.],FEBRES CORDERO (LAS JUNTAS) (CAB.,15350
[DIVADM].[DPA_DESP].&[FLAVIO ALFARO],FLAVIO ALFARO,8217
"[DIVADM].[DPA_DESP].&[FLORES, PUNIN]","FLORES, PUNIN",2393
"[DIVADM].[DPA_DESP].&[FUNDOCHAMBA, QUILANGA, SAN ANTONIO DE LAS ARADAS *]","FUNDOCHAMBA, QUILANGA, SAN ANTONIO DE LAS ARADAS *",4761
"[DIVADM].[DPA_DESP].&[GALERA, QUINGUE (OLMEDO PERDOMO FRANCO), SAN FRAN*]","GALERA, QUINGUE (OLMEDO PERDOMO FRANCO), SAN FRAN*",2261
[DIVADM].[DPA_DESP].&[GARCIA MORENO (LLURIMAGUA)],GARCIA MORENO (LLURIMAGUA),1074
"[DIVADM].[DPA_DESP].&[GARCIA MORENO, LA BELLEZA]","GARCIA MORENO, LA BELLEZA",1854
"[DIVADM].[DPA_DESP].&[GARCIA MORENO, SAN VICENTE DE PUSIR]","GARCIA MORENO, SAN VICENTE DE PUSIR",1844
[DIVADM].[DPA_DESP].&[GARZAREAL],GARZAREAL,665
[DIVADM].[DPA_DESP].&[GENERAL FARFAN],GENERAL FARFAN,7760
"[DIVADM].[DPA_DESP].&[GENERAL PROANO, SAN ISIDRO]","GENERAL PROANO, SAN ISIDRO",6275
[DIVADM].[DPA_DESP].&[GENERAL VILLAMIL (PLAYAS)],GENERAL VILLAMIL (PLAYAS),70833
"[DIVADM].[DPA_DESP].&[GIRON, SAN GERARDO]","GIRON, SAN GERARDO",11364
"[DIVADM].[DPA_DESP].&[GONZALEZ SUAREZ, SAN RAFAEL]","GONZALEZ SUAREZ, SAN RAFAEL",6440
"[DIVADM].[DPA_DESP].&[GONZALO DIAZ DE PINEDA(EL BOMBON), SANTA ROSA]","GONZALO DIAZ DE PINEDA(EL BOMBON), SANTA ROSA",3138
[DIVADM].[DPA_DESP].&[GONZANAMA],GONZANAMA,3256
[DIVADM].[DPA_DESP].&[GRAL. ANTONIO ELIZALDE (BUCAY)],GRAL. ANTONIO ELIZALDE (BUCAY),12667
"[DIVADM].[DPA_DESP].&[GRAL. LEONIDAS PLAZA GUTIERREZ, SAN ANTONIO (CAB *]","GRAL. LEONIDAS PLAZA GUTIERREZ, SAN ANTONIO (CAB *",8095
[DIVADM].[DPA_DESP].&[GRAL. PEDRO J. MONTERO (BOLICHE)],GRAL. PEDRO J. MONTERO (BOLICHE),6339
[DIVADM].[DPA_DESP].&[GRAL. VERNAZA (DOS ESTEROS)],GRAL. VERNAZA (DOS ESTEROS),2684
[DIVADM].[DPA_DESP].&[GUACHANAMA],GUACHANAMA,661
[DIVADM].[DPA_DESP].&[GUACHAPALA],GUACHAPALA,1903
[DIVADM].[DPA_DESP].&[GUADALUPE],GUADALUPE,1934
[DIVADM].[DPA_DESP].&[GUAITACAMA (GUAYTACAMA)],GUAITACAMA (GUAYTACAMA),14567
[DIVADM].[DPA_DESP].&[GUALACEO],GUALACEO,35201
[DIVADM].[DPA_DESP].&[GUALAQUIZA],GUALAQUIZA,18384
[DIVADM].[DPA_DESP].&[GUALE],GUALE,1227
[DIVADM].[DPA_DESP].&[GUALEA],GUALEA,1190
[DIVADM].[DPA_DESP].&[GUAMANI],GUAMANI,130169
[DIVADM].[DPA_DESP].&[GUAMOTE],GUAMOTE,10698
"[DIVADM].[DPA_DESP].&[GUANANDO, GUANO, LA PROVIDENCIA, SAN GERARDO DE P*]","GUANANDO, GUANO, LA PROVIDENCIA, SAN GERARDO DE P*",25185
[DIVADM].[DPA_DESP].&[GUANGAJE],GUANGAJE,1091
[DIVADM].[DPA_DESP].&[GUANGOPOLO],GUANGOPOLO,6877
[DIVADM].[DPA_DESP].&[GUAPAN],GUAPAN,4818
[DIVADM].[DPA_DESP].&[GUARANDA],GUARANDA,98330
[DIVADM].[DPA_DESP].&[GUARE],GUARE,2974
"[DIVADM].[DPA_DESP].&[GUASAGANDA (CAB. EN GUASAGANDA CENTRO), PUCAYACU]","GUASAGANDA (CAB. EN GUASAGANDA CENTRO), PUCAYACU",2885
"[DIVADM].[DPA_DESP].&[GUASUNTOS, PUMALLACTA, SEVILLA]","GUASUNTOS, PUMALLACTA, SEVILLA",881
"[DIVADM].[DPA_DESP].&[GUAYAQUIL - AREA DE EXPANSION, PROGRESO]","GUAYAQUIL - AREA DE EXPANSION, PROGRESO",59391
[DIVADM].[DPA_DESP].&[GUAYAQUIL- CHILE],GUAYAQUIL- CHILE,109776
[DIVADM].[DPA_DESP].&[GUAYAQUIL- EL CISNE],GUAYAQUIL- EL CISNE,110302
[DIVADM].[DPA_DESP].&[GUAYAQUIL- Esteros],GUAYAQUIL- Esteros,108278
[DIVADM].[DPA_DESP].&[GUAYAQUIL- KENNEDY],GUAYAQUIL- KENNEDY,98264
[DIVADM].[DPA_DESP].&[GUAYAQUIL- TRINITARIA 1],GUAYAQUIL- TRINITARIA 1,59877
[DIVADM].[DPA_DESP].&[GUAYAQUIL- TRINITARIA 2],GUAYAQUIL- TRINITARIA 2,70355
[DIVADM].[DPA_DESP].&[GUAYAQUIL- VICTORIA],GUAYAQUIL- VICTORIA,83776
[DIVADM].[DPA_DESP].&[GUAYAQUIL-7 LAGOS],GUAYAQUIL-7 LAGOS,66340
[DIVADM].[DPA_DESP].&[GUAYAQUIL-9 DE OCTUBRE],GUAYAQUIL-9 DE OCTUBRE,93365
[DIVADM].[DPA_DESP].&[GUAYAQUIL-ALBORADA],GUAYAQUIL-ALBORADA,108763
[DIVADM].[DPA_DESP].&[GUAYAQUIL-ANTEPARA],GUAYAQUIL-ANTEPARA,90549
[DIVADM].[DPA_DESP].&[GUAYAQUIL-ATARAZANA],GUAYAQUIL-ATARAZANA,151345
[DIVADM].[DPA_DESP].&[GUAYAQUIL-BASTION POPULAR 1],GUAYAQUIL-BASTION POPULAR 1,36268
[DIVADM].[DPA_DESP].&[GUAYAQUIL-BASTION POPULAR N2],GUAYAQUIL-BASTION POPULAR N2,60265
[DIVADM].[DPA_DESP].&[GUAYAQUIL-BATALLON DEL SUBURBIO],GUAYAQUIL-BATALLON DEL SUBURBIO,78542
[DIVADM].[DPA_DESP].&[GUAYAQUIL-BELLAVISTA],GUAYAQUIL-BELLAVISTA,83220
[DIVADM].[DPA_DESP].&[GUAYAQUIL-CENTENARIO],GUAYAQUIL-CENTENARIO,89452
[DIVADM].[DPA_DESP].&[GUAYAQUIL-CHALA],GUAYAQUIL-CHALA,63587
[DIVADM].[DPA_DESP].&[GUAYAQUIL-CHONGON],GUAYAQUIL-CHONGON,19043
[DIVADM].[DPA_DESP].&[GUAYAQUIL-CRISTO DEL CONSUELO],GUAYAQUIL-CRISTO DEL CONSUELO,69559
[DIVADM].[DPA_DESP].&[GUAYAQUIL-FLOR DE BASTION],GUAYAQUIL-FLOR DE BASTION,44392
[DIVADM].[DPA_DESP].&[GUAYAQUIL-FLORESTA],GUAYAQUIL-FLORESTA,66931
[DIVADM].[DPA_DESP].&[GUAYAQUIL-FLORIDA],GUAYAQUIL-FLORIDA,73243
[DIVADM].[DPA_DESP].&[GUAYAQUIL-FORTIN],GUAYAQUIL-FORTIN,57588
[DIVADM].[DPA_DESP].&[GUAYAQUIL-GARAY],GUAYAQUIL-GARAY,153168
[DIVADM].[DPA_DESP].&[GUAYAQUIL-GUASMO],GUAYAQUIL-GUASMO,105643
[DIVADM].[DPA_DESP].&[GUAYAQUIL-GUAYACANES],GUAYAQUIL-GUAYACANES,61781
[DIVADM].[DPA_DESP].&[GUAYAQUIL-JUAN MONTALVO],GUAYAQUIL-JUAN MONTALVO,61619
[DIVADM].[DPA_DESP].&[GUAYAQUIL-LOS CEIBOS],GUAYAQUIL-LOS CEIBOS,55142
[DIVADM].[DPA_DESP].&[GUAYAQUIL-MALVINAS 1],GUAYAQUIL-MALVINAS 1,58710
[DIVADM].[DPA_DESP].&[GUAYAQUIL-MALVINAS 2],GUAYAQUIL-MALVINAS 2,46638
[DIVADM].[DPA_DESP].&[GUAYAQUIL-MAPASINGUE],GUAYAQUIL-MAPASINGUE,40072
[DIVADM].[DPA_DESP].&[GUAYAQUIL-MARTHA ROLDOS],GUAYAQUIL-MARTHA ROLDOS,130207
[DIVADM].[DPA_DESP].&[GUAYAQUIL-MONTE BELLO],GUAYAQUIL-MONTE BELLO,42962
[DIVADM].[DPA_DESP].&[GUAYAQUIL-MONTE SINAI],GUAYAQUIL-MONTE SINAI,78535
[DIVADM].[DPA_DESP].&[GUAYAQUIL-MUCHO LOTE],GUAYAQUIL-MUCHO LOTE,61643
[DIVADM].[DPA_DESP].&[GUAYAQUIL-NUEVA PROSPERINA],GUAYAQUIL-NUEVA PROSPERINA,75394
[DIVADM].[DPA_DESP].&[GUAYAQUIL-NUEVO GUAYAQUIL],GUAYAQUIL-NUEVO GUAYAQUIL,19348
[DIVADM].[DPA_DESP].&[GUAYAQUIL-ORQUIDEAS],GUAYAQUIL-ORQUIDEAS,96326
[DIVADM].[DPA_DESP].&[GUAYAQUIL-PARAISO DE LA FLOR],GUAYAQUIL-PARAISO DE LA FLOR,37600
[DIVADM].[DPA_DESP].&[GUAYAQUIL-PASCUALES],GUAYAQUIL-PASCUALES,55004
[DIVADM].[DPA_DESP].&[GUAYAQUIL-PORTETE],GUAYAQUIL-PORTETE,146663
[DIVADM].[DPA_DESP].&[GUAYAQUIL-PUENTE LUCIA],GUAYAQUIL-PUENTE LUCIA,9702
[DIVADM].[DPA_DESP].&[GUAYAQUIL-PUERTO HONDO],GUAYAQUIL-PUERTO HONDO,23834
[DIVADM].[DPA_DESP].&[GUAYAQUIL-SALINAS],GUAYAQUIL-SALINAS,117520
[DIVADM].[DPA_DESP].&[GUAYAQUIL-SAMANES],GUAYAQUIL-SAMANES,38672
[DIVADM].[DPA_DESP].&[GUAYAQUIL-SAN FRANCISCO],GUAYAQUIL-SAN FRANCISCO,62170
[DIVADM].[DPA_DESP].&[GUAYAQUIL-SAUCES],GUAYAQUIL-SAUCES,113162
[DIVADM].[DPA_DESP].&[GUAYAQUIL-SUBURBIO],GUAYAQUIL-SUBURBIO,104211
[DIVADM].[DPA_DESP].&[GUAYAQUIL-UNION DE BANANEROS],GUAYAQUIL-UNION DE BANANEROS,58495
[DIVADM].[DPA_DESP].&[GUAYAQUIL-URDESA],GUAYAQUIL-URDESA,70743
[DIVADM].[DPA_DESP].&[GUAYAQUIL-VENEZUELA],GUAYAQUIL-VENEZUELA,92042
[DIVADM].[DPA_DESP].&[GUAYAS (PUEBLO NUEVO)],GUAYAS (PUEBLO NUEVO),8119
[DIVADM].[DPA_DESP].&[GUAYLLABAMBA],GUAYLLABAMBA,26488
"[DIVADM].[DPA_DESP].&[GUAYQUICHUMA, ZAMBI]","GUAYQUICHUMA, ZAMBI",710
[DIVADM].[DPA_DESP].&[GUAYZIMI],GUAYZIMI,3686
"[DIVADM].[DPA_DESP].&[GUIZHAGUINA, SALVIAS, SINSAO]","GUIZHAGUINA, SALVIAS, SINSAO",1407
[DIVADM].[DPA_DESP].&[HONORATO VASQUEZ (CAB EN VASQUEZ)],HONORATO VASQUEZ (CAB EN VASQUEZ),993
"[DIVADM].[DPA_DESP].&[HONORATO VASQUEZ (TAMBO VIEJO), INGAPIRCA]","HONORATO VASQUEZ (TAMBO VIEJO), INGAPIRCA",4220
"[DIVADM].[DPA_DESP].&[HUACA, MARISCAL SUCRE]","HUACA, MARISCAL SUCRE",10249
"[DIVADM].[DPA_DESP].&[HUACHI GRANDE, MONTALVO]","HUACHI GRANDE, MONTALVO",29484
[DIVADM].[DPA_DESP].&[HUAMBI],HUAMBI,2793
[DIVADM].[DPA_DESP].&[HUAQUILLAS],HUAQUILLAS,81439
"[DIVADM].[DPA_DESP].&[HUASAGA (CAB EN WAMPUIK), PUMPUENTSA, TUUTINENTZA]","HUASAGA (CAB EN WAMPUIK), PUMPUENTSA, TUUTINENTZA",561
"[DIVADM].[DPA_DESP].&[HUIGRA, MULTITUD, PISTISHI (NARIZ DEL DIABLO), SI*]","HUIGRA, MULTITUD, PISTISHI (NARIZ DEL DIABLO), SI*",3846
"[DIVADM].[DPA_DESP].&[ILAPO, SAN JOSE DEL CHAZO, SANTA FE DE GALAN, VAL*]","ILAPO, SAN JOSE DEL CHAZO, SANTA FE DE GALAN, VAL*",1261
[DIVADM].[DPA_DESP].&[IMANTAG],IMANTAG,2597
[DIVADM].[DPA_DESP].&[IMBANA (LA VICTORIA DE IMBANA)],IMBANA (LA VICTORIA DE IMBANA),184
"[DIVADM].[DPA_DESP].&[IMBAYA (SAN LUIS DE COBUENDO), SAN FCO. DE NATABU*]","IMBAYA (SAN LUIS DE COBUENDO), SAN FCO. DE NATABU*",14170
[DIVADM].[DPA_DESP].&[INAQUITO],INAQUITO,234773
"[DIVADM].[DPA_DESP].&[INDANZA, SAN MIGUEL DE CONCHAY]","INDANZA, SAN MIGUEL DE CONCHAY",901
[DIVADM].[DPA_DESP].&[INES ARANGO],INES ARANGO,363
[DIVADM].[DPA_DESP].&[ISIDRO AYORA],ISIDRO AYORA,10928
[DIVADM].[DPA_DESP].&[ISINLIVI],ISINLIVI,498
[DIVADM].[DPA_DESP].&[ISLA DE BEJUCAL],ISLA DE BEJUCAL,6228
"[DIVADM].[DPA_DESP].&[ISLA FERNANDINA ""NARBOROUGH""]","ISLA FERNANDINA ""NARBOROUGH""",300
[DIVADM].[DPA_DESP].&[ISLA PINZON],ISLA PINZON,3104
[DIVADM].[DPA_DESP].&[ITCHIMBIA],ITCHIMBIA,151916
[DIVADM].[DPA_DESP].&[IZAMBA],IZAMBA,28007
[DIVADM].[DPA_DESP].&[JADAN],JADAN,1411
[DIVADM].[DPA_DESP].&[JAMA],JAMA,6591
[DIVADM].[DPA_DESP].&[JAMBELI],JAMBELI,1518
"[DIVADM].[DPA_DESP].&[JAMBELI, SANTA CECILIA]","JAMBELI, SANTA CECILIA",9451
[DIVADM].[DPA_DESP].&[JARAMIJO],JARAMIJO,21233
[DIVADM].[DPA_DESP].&[JERUSALEN],JERUSALEN,475
"[DIVADM].[DPA_DESP].&[JESUS MARIA, SANTA ROSA DE FLANDES]","JESUS MARIA, SANTA ROSA DE FLANDES",14010
[DIVADM].[DPA_DESP].&[JIMA (GIMA)],JIMA (GIMA),1057
[DIVADM].[DPA_DESP].&[JIMBILLA],JIMBILLA,326
[DIVADM].[DPA_DESP].&[JIPIJAPA],JIPIJAPA,133263
[DIVADM].[DPA_DESP].&[JOSE LUIS TAMAYO (MUEY)],JOSE LUIS TAMAYO (MUEY),23531
[DIVADM].[DPA_DESP].&[JUAN BAUTISTA AGUIRRE (LOS TINTOS)],JUAN BAUTISTA AGUIRRE (LOS TINTOS),4573
"[DIVADM].[DPA_DESP].&[JUAN BENIGNO VELA, PILAGUIN (PILAHUIN)]","JUAN BENIGNO VELA, PILAGUIN (PILAHUIN)",8880
"[DIVADM].[DPA_DESP].&[JUAN MONTALVO (SAN IGNACIO DE QUIL), MIRA (CHONTA*]","JUAN MONTALVO (SAN IGNACIO DE QUIL), MIRA (CHONTA*",8124
"[DIVADM].[DPA_DESP].&[JULIO E. MORENO (CATANAHUAN GRANDE), SAN LORENZO,*]","JULIO E. MORENO (CATANAHUAN GRANDE), SAN LORENZO,*",12167
"[DIVADM].[DPA_DESP].&[JUNCAL, ZHUD]","JUNCAL, ZHUD",2177
[DIVADM].[DPA_DESP].&[JUNIN],JUNIN,8498
[DIVADM].[DPA_DESP].&[JUNQUILLAL],JUNQUILLAL,2838
[DIVADM].[DPA_DESP].&[KENNEDY],KENNEDY,145602
[DIVADM].[DPA_DESP].&[LA ARGELIA],LA ARGELIA,93416
"[DIVADM].[DPA_DESP].&[LA BOCANA, PIEDRAS, SARACAY]","LA BOCANA, PIEDRAS, SARACAY",3358
"[DIVADM].[DPA_DESP].&[LA CANELA, SAN FCO. DEL VERGEL]","LA CANELA, SAN FCO. DEL VERGEL",390
[DIVADM].[DPA_DESP].&[LA CONCORDIA],LA CONCORDIA,74810
[DIVADM].[DPA_DESP].&[LA ECUATORIANA],LA ECUATORIANA,106554
[DIVADM].[DPA_DESP].&[LA ESPERANZA],LA ESPERANZA,11378
"[DIVADM].[DPA_DESP].&[LA ESPERANZA, MALCHINGUI, TOCACHI]","LA ESPERANZA, MALCHINGUI, TOCACHI",9316
[DIVADM].[DPA_DESP].&[LA FERROVIARIA],LA FERROVIARIA,95816
[DIVADM].[DPA_DESP].&[LA IBERIA],LA IBERIA,5601
[DIVADM].[DPA_DESP].&[LA JOYA DE LOS SACHAS],LA JOYA DE LOS SACHAS,22289
[DIVADM].[DPA_DESP].&[LA LIBERTAD],LA LIBERTAD,175712
"[DIVADM].[DPA_DESP].&[LA LIBERTAD, LA VICTORIA]","LA LIBERTAD, LA VICTORIA",1871
[DIVADM].[DPA_DESP].&[LA MAGDALENA],LA MAGDALENA,128008
[DIVADM].[DPA_DESP].&[LA MANA],LA MANA,50996
[DIVADM].[DPA_DESP].&[LA MENA],LA MENA,92606
[DIVADM].[DPA_DESP].&[LA MERCED],LA MERCED,8043
[DIVADM].[DPA_DESP].&[LA MERCED DE BUENOS AIRES],LA MERCED DE BUENOS AIRES,478
[DIVADM].[DPA_DESP].&[LA PAZ],LA PAZ,5349
[DIVADM].[DPA_DESP].&[LA PILA],LA PILA,1669
[DIVADM].[DPA_DESP].&[LA TINGUE],LA TINGUE,220
"[DIVADM].[DPA_DESP].&[LA TOLA, PAMPANAL DE BOLIVAR, VALDEZ (LIMONES)]","LA TOLA, PAMPANAL DE BOLIVAR, VALDEZ (LIMONES)",7791
[DIVADM].[DPA_DESP].&[LA TRONCAL],LA TRONCAL,69222
[DIVADM].[DPA_DESP].&[LA UNION],LA UNION,30250
[DIVADM].[DPA_DESP].&[LA VICTORIA],LA VICTORIA,2149
[DIVADM].[DPA_DESP].&[LA VICTORIA (NAUZA)],LA VICTORIA (NAUZA),1284
"[DIVADM].[DPA_DESP].&[LA VICTORIA, SABIANGO (LA CAPILLA)]","LA VICTORIA, SABIANGO (LA CAPILLA)",1134
"[DIVADM].[DPA_DESP].&[LAGARTO, MONTALVO (CAB EN HORQUETA), ROCAFUERTE]","LAGARTO, MONTALVO (CAB EN HORQUETA), ROCAFUERTE",7582
[DIVADM].[DPA_DESP].&[LARAMA],LARAMA,462
[DIVADM].[DPA_DESP].&[LAS GOLONDRINAS],LAS GOLONDRINAS,2533
[DIVADM].[DPA_DESP].&[LAS NAVES],LAS NAVES,12413
"[DIVADM].[DPA_DESP].&[LAS PAMPAS, PALO QUEMADO]","LAS PAMPAS, PALO QUEMADO",713
[DIVADM].[DPA_DESP].&[LASCANO],LASCANO,579
[DIVADM].[DPA_DESP].&[LATACUNGA],LATACUNGA,208729
"[DIVADM].[DPA_DESP].&[LAUREL, LIMONAL]","LAUREL, LIMONAL",14459
[DIVADM].[DPA_DESP].&[LICAN],LICAN,12257
"[DIVADM].[DPA_DESP].&[LICTO, PUNGALA]","LICTO, PUNGALA",4208
"[DIVADM].[DPA_DESP].&[LIMONCOCHA, SAN ROQUE (CAB EN SAN VICENTE)]","LIMONCOCHA, SAN ROQUE (CAB EN SAN VICENTE)",6244
[DIVADM].[DPA_DESP].&[LIMONES],LIMONES,136
"[DIVADM].[DPA_DESP].&[LINARES, SARDINAS]","LINARES, SARDINAS",332
[DIVADM].[DPA_DESP].&[LITA],LITA,4252
"[DIVADM].[DPA_DESP].&[LLACAO, RICAURTE]","LLACAO, RICAURTE",35419
[DIVADM].[DPA_DESP].&[LLANO CHICO],LLANO CHICO,22218
[DIVADM].[DPA_DESP].&[LLOA],LLOA,6010
"[DIVADM].[DPA_DESP].&[LLUZHAPA, SELVA ALEGRE]","LLUZHAPA, SELVA ALEGRE",901
"[DIVADM].[DPA_DESP].&[LOGROÑO, SHIMPIS]","LOGROÑO, SHIMPIS",5798
[DIVADM].[DPA_DESP].&[LOJA],LOJA,418303
[DIVADM].[DPA_DESP].&[LOMAS DE SARGENTILLO],LOMAS DE SARGENTILLO,18275
[DIVADM].[DPA_DESP].&[LOS ENCUENTROS],LOS ENCUENTROS,3970
[DIVADM].[DPA_DESP].&[LOS LOJAS (ENRIQUE BAQUERIZO MORENO)],LOS LOJAS (ENRIQUE BAQUERIZO MORENO),11412
"[DIVADM].[DPA_DESP].&[LUDO, SAN JOSE DE RARANGA]","LUDO, SAN JOSE DE RARANGA",1878
[DIVADM].[DPA_DESP].&[LUIS CORDERO],LUIS CORDERO,2472
[DIVADM].[DPA_DESP].&[LUZ DE AMERICA],LUZ DE AMERICA,13995
[DIVADM].[DPA_DESP].&[MACARA],MACARA,17442
[DIVADM].[DPA_DESP].&[MACAS],MACAS,107335
[DIVADM].[DPA_DESP].&[MACHACHI],MACHACHI,75523
[DIVADM].[DPA_DESP].&[MACHALA],MACHALA,504359
"[DIVADM].[DPA_DESP].&[MACHALILLA, PUERTO LOPEZ, SALANGO]","MACHALILLA, PUERTO LOPEZ, SALANGO",11728
[DIVADM].[DPA_DESP].&[MACUMA],MACUMA,1237
"[DIVADM].[DPA_DESP].&[MADRE TIERRA, MERA, SHELL]","MADRE TIERRA, MERA, SHELL",22599
[DIVADM].[DPA_DESP].&[MALACATOS (VALLADOLID)],MALACATOS (VALLADOLID),11057
[DIVADM].[DPA_DESP].&[MALIMPIA],MALIMPIA,2343
[DIVADM].[DPA_DESP].&[MANGA DEL CURA],MANGA DEL CURA,2369
[DIVADM].[DPA_DESP].&[MANGLARALTO],MANGLARALTO,28055
[DIVADM].[DPA_DESP].&[MANTA],MANTA,296921
"[DIVADM].[DPA_DESP].&[MANU, SAN SEBASTIAN DE YULUC]","MANU, SAN SEBASTIAN DE YULUC",1154
[DIVADM].[DPA_DESP].&[MANUEL CORNEJO ASTORGA (TANDAPI)],MANUEL CORNEJO ASTORGA (TANDAPI),13505
"[DIVADM].[DPA_DESP].&[MANUEL J. CALLE, PANCHO NEGRO]","MANUEL J. CALLE, PANCHO NEGRO",8512
[DIVADM].[DPA_DESP].&[MARISCAL SUCRE],MARISCAL SUCRE,144987
[DIVADM].[DPA_DESP].&[MARISCAL SUCRE (HUAQUES)],MARISCAL SUCRE (HUAQUES),5862
[DIVADM].[DPA_DESP].&[MEMBRILLAL],MEMBRILLAL,839
[DIVADM].[DPA_DESP].&[MEMBRILLO],MEMBRILLO,337
[DIVADM].[DPA_DESP].&[MILAGRO],MILAGRO,217135
"[DIVADM].[DPA_DESP].&[MINDO, SAN MIGUEL DE LOS BANCOS]","MINDO, SAN MIGUEL DE LOS BANCOS",14397
[DIVADM].[DPA_DESP].&[MOCACHE],MOCACHE,30454
"[DIVADM].[DPA_DESP].&[MOCHA, PINGUILI]","MOCHA, PINGUILI",8137
[DIVADM].[DPA_DESP].&[MOLLETURO],MOLLETURO,6146
[DIVADM].[DPA_DESP].&[MONTALVO],MONTALVO,36233
[DIVADM].[DPA_DESP].&[MONTALVO (ANDOAS)],MONTALVO (ANDOAS),1214
"[DIVADM].[DPA_DESP].&[MONTE OLIVO, SAN RAFAEL]","MONTE OLIVO, SAN RAFAEL",1037
[DIVADM].[DPA_DESP].&[MONTECRISTI],MONTECRISTI,58972
[DIVADM].[DPA_DESP].&[MORASPUNGO],MORASPUNGO,6246
[DIVADM].[DPA_DESP].&[MOROMORO (CAB. EN EL VADO)],MOROMORO (CAB. EN EL VADO),1067
[DIVADM].[DPA_DESP].&[MORRO],MORRO,5153
"[DIVADM].[DPA_DESP].&[MUISNE, SAN GREGORIO]","MUISNE, SAN GREGORIO",15714
[DIVADM].[DPA_DESP].&[MULALO],MULALO,9513
[DIVADM].[DPA_DESP].&[MULLIQUINDIL (SANTA ANA)],MULLIQUINDIL (SANTA ANA),2264
"[DIVADM].[DPA_DESP].&[NAMBACOLA, PURUNUMA (EGUIGUREN)]","NAMBACOLA, PURUNUMA (EGUIGUREN)",2587
[DIVADM].[DPA_DESP].&[NANEGAL],NANEGAL,1374
[DIVADM].[DPA_DESP].&[NANEGALITO],NANEGALITO,8135
[DIVADM].[DPA_DESP].&[NARANJAL],NARANJAL,65999
[DIVADM].[DPA_DESP].&[NARANJITO],NARANJITO,46749
[DIVADM].[DPA_DESP].&[NARCISA DE JESUS],NARCISA DE JESUS,29779
[DIVADM].[DPA_DESP].&[NAYON],NAYON,21588
[DIVADM].[DPA_DESP].&[NAZON (CAB. EN PAMPA DE DOMINGUEZ)],NAZON (CAB. EN PAMPA DE DOMINGUEZ),1025
[DIVADM].[DPA_DESP].&[NOBOA],NOBOA,727
[DIVADM].[DPA_DESP].&[NONO],NONO,3825
"[DIVADM].[DPA_DESP].&[NUEVA FATIMA, SOZORANGA]","NUEVA FATIMA, SOZORANGA",1538
[DIVADM].[DPA_DESP].&[NUEVA LOJA],NUEVA LOJA,184989
[DIVADM].[DPA_DESP].&[NUEVO PARAISO],NUEVO PARAISO,196
"[DIVADM].[DPA_DESP].&[NUEVO PARAISO, SAN JOSE DE GUAYUSA]","NUEVO PARAISO, SAN JOSE DE GUAYUSA",3210
[DIVADM].[DPA_DESP].&[NUEVO QUITO],NUEVO QUITO,178
"[DIVADM].[DPA_DESP].&[NUEVO ROCAFUERTE, TIPUTINI, YASUNI]","NUEVO ROCAFUERTE, TIPUTINI, YASUNI",500
"[DIVADM].[DPA_DESP].&[NULTI, PACCHA]","NULTI, PACCHA",15845
"[DIVADM].[DPA_DESP].&[OCTAVIO CORDERO PALACIOS (STA. ROSA), SIDCAY]","OCTAVIO CORDERO PALACIOS (STA. ROSA), SIDCAY",3796
[DIVADM].[DPA_DESP].&[OLMEDO],OLMEDO,5204
[DIVADM].[DPA_DESP].&[OLMEDO (PECILLO)],OLMEDO (PECILLO),1680
[DIVADM].[DPA_DESP].&[ORIANGA],ORIANGA,354
[DIVADM].[DPA_DESP].&[OTAVALO],OTAVALO,97831
[DIVADM].[DPA_DESP].&[OYACACHI],OYACACHI,62
[DIVADM].[DPA_DESP].&[PABLO SEXTO],PABLO SEXTO,4527
[DIVADM].[DPA_DESP].&[PACTO],PACTO,2181
[DIVADM].[DPA_DESP].&[PAJAN],PAJAN,6590
"[DIVADM].[DPA_DESP].&[PALANDA, VALLADOLID]","PALANDA, VALLADOLID",6088
[DIVADM].[DPA_DESP].&[PALENQUE],PALENQUE,9007
[DIVADM].[DPA_DESP].&[PALESTINA],PALESTINA,11737
[DIVADM].[DPA_DESP].&[PALETILLAS],PALETILLAS,596
[DIVADM].[DPA_DESP].&[PALLATANGA],PALLATANGA,11062
"[DIVADM].[DPA_DESP].&[PALMA ROJA, SANTA ELENA]","PALMA ROJA, SANTA ELENA",4792
[DIVADM].[DPA_DESP].&[PALMALES],PALMALES,1937
[DIVADM].[DPA_DESP].&[PALMIRA],PALMIRA,2920
"[DIVADM].[DPA_DESP].&[PAN DE AZUCAR, SAN JACINTO DE WAKAMBEIS, SAN JUAN*]","PAN DE AZUCAR, SAN JACINTO DE WAKAMBEIS, SAN JUAN*",1851
[DIVADM].[DPA_DESP].&[PANACOCHA],PANACOCHA,76
"[DIVADM].[DPA_DESP].&[PANO, TALAG]","PANO, TALAG",1996
"[DIVADM].[DPA_DESP].&[PASA, SAN FERNANDO (PASA SAN FERNANDO)]","PASA, SAN FERNANDO (PASA SAN FERNANDO)",4555
[DIVADM].[DPA_DESP].&[PASAJE],PASAJE,98121
[DIVADM].[DPA_DESP].&[PATAQUI],PATAQUI,78
[DIVADM].[DPA_DESP].&[PATRICIA PILAR],PATRICIA PILAR,15786
"[DIVADM].[DPA_DESP].&[PATUCA, SAN FRANCISCO DE CHINIMBIMI, TAYUZA]","PATUCA, SAN FRANCISCO DE CHINIMBIMI, TAYUZA",2755
[DIVADM].[DPA_DESP].&[PEDERNALES],PEDERNALES,37653
[DIVADM].[DPA_DESP].&[PEDRO CARBO],PEDRO CARBO,41484
[DIVADM].[DPA_DESP].&[PEDRO PABLO GOMEZ],PEDRO PABLO GOMEZ,738
[DIVADM].[DPA_DESP].&[PEDRO VICENTE MALDONADO],PEDRO VICENTE MALDONADO,9786
[DIVADM].[DPA_DESP].&[PELILEO],PELILEO,39887
"[DIVADM].[DPA_DESP].&[PENAHERRERA, VACAS GALINDO (CAB. EN SAN MIGUEL AL*]","PENAHERRERA, VACAS GALINDO (CAB. EN SAN MIGUEL AL*",705
"[DIVADM].[DPA_DESP].&[PICAIGUA, TOTORAS]","PICAIGUA, TOTORAS",24944
[DIVADM].[DPA_DESP].&[PICHINCHA],PICHINCHA,5571
[DIVADM].[DPA_DESP].&[PIFO],PIFO,35460
[DIVADM].[DPA_DESP].&[PILALO],PILALO,947
[DIVADM].[DPA_DESP].&[PILLARO],PILLARO,26789
[DIVADM].[DPA_DESP].&[PIMOCHA],PIMOCHA,19055
"[DIVADM].[DPA_DESP].&[PINAS, SAN ROQUE (AMBROSIO MALDONADO)]","PINAS, SAN ROQUE (AMBROSIO MALDONADO)",20967
[DIVADM].[DPA_DESP].&[PINDAL],PINDAL,4489
"[DIVADM].[DPA_DESP].&[PINDILIG, RIVERA, TADAY]","PINDILIG, RIVERA, TADAY",1129
[DIVADM].[DPA_DESP].&[PINLLOPATA],PINLLOPATA,87
[DIVADM].[DPA_DESP].&[PINTAG],PINTAG,21729
"[DIVADM].[DPA_DESP].&[PIOTER, SANTA MARTHA DE CUBA]","PIOTER, SANTA MARTHA DE CUBA",2474
[DIVADM].[DPA_DESP].&[POMASQUI],POMASQUI,51986
"[DIVADM].[DPA_DESP].&[POMPEYA, UNION MILAGRENA]","POMPEYA, UNION MILAGRENA",902
[DIVADM].[DPA_DESP].&[PONCEANO],PONCEANO,125269
[DIVADM].[DPA_DESP].&[PORTOVELO],PORTOVELO,18245
[DIVADM].[DPA_DESP].&[PORTOVIEJO],PORTOVIEJO,310597
[DIVADM].[DPA_DESP].&[POSORJA],POSORJA,22215
"[DIVADM].[DPA_DESP].&[PRESIDENTE URBINA (CHAGRAPAMBA-PA, SAN ANDRES, SA*]","PRESIDENTE URBINA (CHAGRAPAMBA-PA, SAN ANDRES, SA*",6120
[DIVADM].[DPA_DESP].&[PROGRESO],PROGRESO,3611
[DIVADM].[DPA_DESP].&[PUCARA],PUCARA,4326
"[DIVADM].[DPA_DESP].&[PUEBLO NUEVO, RIOCHICO (RIO CHICO)]","PUEBLO NUEVO, RIOCHICO (RIO CHICO)",7276
[DIVADM].[DPA_DESP].&[PUEBLOVIEJO],PUEBLOVIEJO,25046
[DIVADM].[DPA_DESP].&[PUELLARO],PUELLARO,1771
[DIVADM].[DPA_DESP].&[PUEMBO],PUEMBO,24450
[DIVADM].[DPA_DESP].&[PUENGASI],PUENGASI,102328
[DIVADM].[DPA_DESP].&[PUERTO AYORA],PUERTO AYORA,26586
"[DIVADM].[DPA_DESP].&[PUERTO BOLIVAR (PUERTO MONTUFAR), PUERTO EL CARME*]","PUERTO BOLIVAR (PUERTO MONTUFAR), PUERTO EL CARME*",8167
[DIVADM].[DPA_DESP].&[PUERTO DE CAYO],PUERTO DE CAYO,2990
[DIVADM].[DPA_DESP].&[PUERTO FRANCISCO DE ORELLANA (COCA)],PUERTO FRANCISCO DE ORELLANA (COCA),143573
[DIVADM].[DPA_DESP].&[PUERTO LIMON],PUERTO LIMON,7704
"[DIVADM].[DPA_DESP].&[PUERTO MISAHUALLI, PUERTO NAPO]","PUERTO MISAHUALLI, PUERTO NAPO",5303
[DIVADM].[DPA_DESP].&[PUERTO PECHICHE],PUERTO PECHICHE,2045
[DIVADM].[DPA_DESP].&[PUERTO QUITO],PUERTO QUITO,12211
[DIVADM].[DPA_DESP].&[PUERTO RODRIGUEZ],PUERTO RODRIGUEZ,24
[DIVADM].[DPA_DESP].&[PUERTO VILLAMIL],PUERTO VILLAMIL,7311
[DIVADM].[DPA_DESP].&[PUJILI],PUJILI,37182
[DIVADM].[DPA_DESP].&[PUNA],PUNA,4410
[DIVADM].[DPA_DESP].&[PUYO],PUYO,116734
[DIVADM].[DPA_DESP].&[QUERO],QUERO,10821
[DIVADM].[DPA_DESP].&[QUEVEDO],QUEVEDO,276422
"[DIVADM].[DPA_DESP].&[QUINARA, YANGANA (ARSENIO CASTILLO)]","QUINARA, YANGANA (ARSENIO CASTILLO)",1276
"[DIVADM].[DPA_DESP].&[QUINCHICOTO, TISALEO]","QUINCHICOTO, TISALEO",12660
[DIVADM].[DPA_DESP].&[QUINGEO],QUINGEO,3958
[DIVADM].[DPA_DESP].&[QUINSALOMA],QUINSALOMA,14313
[DIVADM].[DPA_DESP].&[QUIROGA],QUIROGA,6509
[DIVADM].[DPA_DESP].&[QUISAPINCHA (QUIZAPINCHA)],QUISAPINCHA (QUIZAPINCHA),3581
[DIVADM].[DPA_DESP].&[QUITUMBE],QUITUMBE,180242
[DIVADM].[DPA_DESP].&[RAMON CAMPANA],RAMON CAMPANA,290
[DIVADM].[DPA_DESP].&[RICAURTE],RICAURTE,20665
[DIVADM].[DPA_DESP].&[RIO BLANCO],RIO BLANCO,4539
[DIVADM].[DPA_DESP].&[RIO BONITO],RIO BONITO,8801
[DIVADM].[DPA_DESP].&[RIO CORRIENTES],RIO CORRIENTES,15
"[DIVADM].[DPA_DESP].&[RIO NEGRO, RIO VERDE]","RIO NEGRO, RIO VERDE",3774
[DIVADM].[DPA_DESP].&[RIO TIGRE],RIO TIGRE,75
[DIVADM].[DPA_DESP].&[RIOBAMBA],RIOBAMBA,453392
[DIVADM].[DPA_DESP].&[ROBERTO ASTUDILLO (CAB EN CRUCE DE VENCI],ROBERTO ASTUDILLO (CAB EN CRUCE DE VENCI,6355
[DIVADM].[DPA_DESP].&[ROCAFUERTE],ROCAFUERTE,23846
[DIVADM].[DPA_DESP].&[ROSA ZARATE (QUININDE)],ROSA ZARATE (QUININDE),62118
[DIVADM].[DPA_DESP].&[RUMIPAMBA],RUMIPAMBA,86419
"[DIVADM].[DPA_DESP].&[RUMIPAMBA, YANAYACU - MOCHAPATA (CAB EN YA]","RUMIPAMBA, YANAYACU - MOCHAPATA (CAB EN YA",2286
[DIVADM].[DPA_DESP].&[SABANILLA],SABANILLA,5631
[DIVADM].[DPA_DESP].&[SALATI],SALATI,409
"[DIVADM].[DPA_DESP].&[SALIMA, SAN JOSE DE CHAMANGA]","SALIMA, SAN JOSE DE CHAMANGA",3269
[DIVADM].[DPA_DESP].&[SALINAS],SALINAS,77377
[DIVADM].[DPA_DESP].&[SAMBORONDON],SAMBORONDON,97028
[DIVADM].[DPA_DESP].&[SAN ANDRES],SAN ANDRES,87
"[DIVADM].[DPA_DESP].&[SAN ANDRES, SAN ISIDRO DE PATULU]","SAN ANDRES, SAN ISIDRO DE PATULU",13319
[DIVADM].[DPA_DESP].&[SAN ANTONIO],SAN ANTONIO,99321
[DIVADM].[DPA_DESP].&[SAN BARTOLO],SAN BARTOLO,130672
"[DIVADM].[DPA_DESP].&[SAN BLAS, TUMBABIRO, URCUQUI]","SAN BLAS, TUMBABIRO, URCUQUI",14711
[DIVADM].[DPA_DESP].&[SAN CARLOS],SAN CARLOS,25017
"[DIVADM].[DPA_DESP].&[SAN CARLOS DE LIMON, SANTIAGO DE PANANZA]","SAN CARLOS DE LIMON, SANTIAGO DE PANANZA",360
"[DIVADM].[DPA_DESP].&[SAN CARLOS, SAN SEBASTIAN DEL COCA]","SAN CARLOS, SAN SEBASTIAN DEL COCA",3447
[DIVADM].[DPA_DESP].&[SAN FCO. DE NOVILLO (CAB EN NOVILLO)],SAN FCO. DE NOVILLO (CAB EN NOVILLO),127
"[DIVADM].[DPA_DESP].&[SAN FELIPE DE ONA, SUSUDEL]","SAN FELIPE DE ONA, SUSUDEL",3269
[DIVADM].[DPA_DESP].&[SAN GABRIEL],SAN GABRIEL,27862
[DIVADM].[DPA_DESP].&[SAN ISIDRO],SAN ISIDRO,3829
[DIVADM].[DPA_DESP].&[SAN ISIDRO DEL INCA],SAN ISIDRO DEL INCA,59875
[DIVADM].[DPA_DESP].&[SAN JACINTO],SAN JACINTO,796
[DIVADM].[DPA_DESP].&[SAN JACINTO DE BUENA FE],SAN JACINTO DE BUENA FE,81690
[DIVADM].[DPA_DESP].&[SAN JACINTO DE YAGUACHI],SAN JACINTO DE YAGUACHI,34050
[DIVADM].[DPA_DESP].&[SAN JACINTO DEL BUA],SAN JACINTO DEL BUA,7288
[DIVADM].[DPA_DESP].&[SAN JOAQUIN],SAN JOAQUIN,10893
"[DIVADM].[DPA_DESP].&[SAN JOSE DE CHIMBO, SAN SEBASTIAN]","SAN JOSE DE CHIMBO, SAN SEBASTIAN",11571
"[DIVADM].[DPA_DESP].&[SAN JOSE DE DAHUANO, SAN VICENTE DE HUATICOCHA]","SAN JOSE DE DAHUANO, SAN VICENTE DE HUATICOCHA",1143
[DIVADM].[DPA_DESP].&[SAN JOSE DE MINAS],SAN JOSE DE MINAS,2049
"[DIVADM].[DPA_DESP].&[SAN JOSE DE MORONA, SANTIAGO]","SAN JOSE DE MORONA, SANTIAGO",4315
[DIVADM].[DPA_DESP].&[SAN JOSE DE PAYAMINO],SAN JOSE DE PAYAMINO,403
[DIVADM].[DPA_DESP].&[SAN JOSE DE QUICHINCHE],SAN JOSE DE QUICHINCHE,4589
[DIVADM].[DPA_DESP].&[SAN JOSE DEL TAMBO (TAMBOPAMBA)],SAN JOSE DEL TAMBO (TAMBOPAMBA),5277
"[DIVADM].[DPA_DESP].&[SAN JOSE, SANTA CLARA]","SAN JOSE, SANTA CLARA",3636
[DIVADM].[DPA_DESP].&[SAN JUAN],SAN JUAN,172552
[DIVADM].[DPA_DESP].&[SAN JUAN DE CERRO AZUL],SAN JUAN DE CERRO AZUL,107
[DIVADM].[DPA_DESP].&[SAN JUAN DE PASTOCALLE],SAN JUAN DE PASTOCALLE,10425
"[DIVADM].[DPA_DESP].&[SAN JUAN, SIMON BOLIVAR (CAB. EN GANANZOL)]","SAN JUAN, SIMON BOLIVAR (CAB. EN GANANZOL)",2818
"[DIVADM].[DPA_DESP].&[SAN LORENZO, SANTA MARIANITA (BOCA DE PACOCHE)]","SAN LORENZO, SANTA MARIANITA (BOCA DE PACOCHE)",3016
"[DIVADM].[DPA_DESP].&[SAN LUCAS, SANTIAGO]","SAN LUCAS, SANTIAGO",2869
[DIVADM].[DPA_DESP].&[SAN LUIS DE ARMENIA],SAN LUIS DE ARMENIA,1747
[DIVADM].[DPA_DESP].&[SAN LUIS DE PAMBIL],SAN LUIS DE PAMBIL,12172
[DIVADM].[DPA_DESP].&[SAN MIGUEL],SAN MIGUEL,64263
[DIVADM].[DPA_DESP].&[SAN MIGUEL DE CUYES],SAN MIGUEL DE CUYES,132
[DIVADM].[DPA_DESP].&[SAN MIGUEL DE IBARRA],SAN MIGUEL DE IBARRA,475461
[DIVADM].[DPA_DESP].&[SAN PABLO],SAN PABLO,10031
[DIVADM].[DPA_DESP].&[SAN PABLO (CAB EN PUEBLO NUEVO)],SAN PABLO (CAB EN PUEBLO NUEVO),185
[DIVADM].[DPA_DESP].&[SAN PABLO (SAN PABLO DE ATENAS)],SAN PABLO (SAN PABLO DE ATENAS),4008
[DIVADM].[DPA_DESP].&[SAN PEDRO DE LA BENDITA],SAN PEDRO DE LA BENDITA,3069
"[DIVADM].[DPA_DESP].&[SAN PEDRO DE LOS COFANES, SIETE DE JULIO]","SAN PEDRO DE LOS COFANES, SIETE DE JULIO",7117
[DIVADM].[DPA_DESP].&[SAN PEDRO DE SUMA],SAN PEDRO DE SUMA,1338
"[DIVADM].[DPA_DESP].&[SAN PEDRO DE VILCABAMBA, VILCABAMBA (VICTORIA)]","SAN PEDRO DE VILCABAMBA, VILCABAMBA (VICTORIA)",9866
[DIVADM].[DPA_DESP].&[SAN PLACIDO],SAN PLACIDO,2970
[DIVADM].[DPA_DESP].&[SAN RAFAEL DE SHARUG],SAN RAFAEL DE SHARUG,393
[DIVADM].[DPA_DESP].&[SAN ROQUE],SAN ROQUE,8830
[DIVADM].[DPA_DESP].&[SAN SEBASTIAN],SAN SEBASTIAN,1085
[DIVADM].[DPA_DESP].&[SAN VICENTE],SAN VICENTE,14217
"[DIVADM].[DPA_DESP].&[SAN VICENTE, SANTIAGO]","SAN VICENTE, SANTIAGO",3006
[DIVADM].[DPA_DESP].&[SANGOLQUI],SANGOLQUI,249814
[DIVADM].[DPA_DESP].&[SANGUILLIN],SANGUILLIN,374
[DIVADM].[DPA_DESP].&[SANTA ANA],SANTA ANA,4210
[DIVADM].[DPA_DESP].&[SANTA ANA DE VUELTA LARGA],SANTA ANA DE VUELTA LARGA,10494
[DIVADM].[DPA_DESP].&[SANTA ELENA],SANTA ELENA,75245
[DIVADM].[DPA_DESP].&[SANTA LUCIA],SANTA LUCIA,21309
[DIVADM].[DPA_DESP].&[SANTA MARIA DEL TOACHI],SANTA MARIA DEL TOACHI,2383
[DIVADM].[DPA_DESP].&[SANTA ROSA],SANTA ROSA,128338
[DIVADM].[DPA_DESP].&[SANTIAGO DE QUITO (CAB. EN SAN],SANTIAGO DE QUITO (CAB. EN SAN,1424
[DIVADM].[DPA_DESP].&[SANTO DOMINGO DE LOS COLORADOS],SANTO DOMINGO DE LOS COLORADOS,677633
[DIVADM].[DPA_DESP].&[SARAGURO],SARAGURO,9601
[DIVADM].[DPA_DESP].&[SARAYACU],SARAYACU,302
[DIVADM].[DPA_DESP].&[SAYAUSI],SAYAUSI,13315
[DIVADM].[DPA_DESP].&[SELVA ALEGRE (CAB. EN SAN MIGUEL DE P.)],SELVA ALEGRE (CAB. EN SAN MIGUEL DE P.),238
[DIVADM].[DPA_DESP].&[SEVILLA DE ORO],SEVILLA DE ORO,752
[DIVADM].[DPA_DESP].&[SEVILLA DON BOSCO],SEVILLA DON BOSCO,22377
[DIVADM].[DPA_DESP].&[SHUSHUFINDI],SHUSHUFINDI,42652
[DIVADM].[DPA_DESP].&[SIGCHOS],SIGCHOS,6694
[DIVADM].[DPA_DESP].&[SIMIATUG],SIMIATUG,2325
[DIVADM].[DPA_DESP].&[SIMON BOLIVAR],SIMON BOLIVAR,13089
[DIVADM].[DPA_DESP].&[SIMON BOLIVAR (JULIO MORENO)],SIMON BOLIVAR (JULIO MORENO),688
[DIVADM].[DPA_DESP].&[SINAI],SINAI,1595
[DIVADM].[DPA_DESP].&[SININCAY],SININCAY,15417
[DIVADM].[DPA_DESP].&[SOLANDA],SOLANDA,175965
"[DIVADM].[DPA_DESP].&[STA SUSANA DE CHIVIAZA (CAB EN CHIVIAZA), YUNGANZ*]","STA SUSANA DE CHIVIAZA (CAB EN CHIVIAZA), YUNGANZ*",1436
"[DIVADM].[DPA_DESP].&[SUA (CAB EN LA BOCANA), TONCHIGUE]","SUA (CAB EN LA BOCANA), TONCHIGUE",13938
[DIVADM].[DPA_DESP].&[SUCRE],SUCRE,4483
[DIVADM].[DPA_DESP].&[SUMAYPAMBA],SUMAYPAMBA,266
[DIVADM].[DPA_DESP].&[SUSCAL],SUSCAL,3212
[DIVADM].[DPA_DESP].&[TABABELA],TABABELA,13723
"[DIVADM].[DPA_DESP].&[TABACUNDO, TUPIGACHI]","TABACUNDO, TUPIGACHI",26539
[DIVADM].[DPA_DESP].&[TACAMOROS],TACAMOROS,266
[DIVADM].[DPA_DESP].&[TAISHA],TAISHA,5967
[DIVADM].[DPA_DESP].&[TAMBILLO],TAMBILLO,127
"[DIVADM].[DPA_DESP].&[TAMBILLO, UYUMBICHO]","TAMBILLO, UYUMBICHO",31377
[DIVADM].[DPA_DESP].&[TANICUCHI],TANICUCHI,16051
[DIVADM].[DPA_DESP].&[TARIFA],TARIFA,19785
[DIVADM].[DPA_DESP].&[TARQUI],TARQUI,21206
[DIVADM].[DPA_DESP].&[TAURA],TAURA,9004
[DIVADM].[DPA_DESP].&[TELIMBELA],TELIMBELA,425
[DIVADM].[DPA_DESP].&[TENA],TENA,74237
[DIVADM].[DPA_DESP].&[TENGUEL],TENGUEL,8029
[DIVADM].[DPA_DESP].&[TINGO],TINGO,1416
[DIVADM].[DPA_DESP].&[TIXAN],TIXAN,3016
[DIVADM].[DPA_DESP].&[TOACASO],TOACASO,4293
[DIVADM].[DPA_DESP].&[TONSUPA],TONSUPA,20849
[DIVADM].[DPA_DESP].&[TOSAGUA],TOSAGUA,19763
[DIVADM].[DPA_DESP].&[TUFINO],TUFINO,5177
[DIVADM].[DPA_DESP].&[TULCAN],TULCAN,160009
[DIVADM].[DPA_DESP].&[TUMBACO],TUMBACO,105353
[DIVADM].[DPA_DESP].&[TUNDAYME],TUNDAYME,922
[DIVADM].[DPA_DESP].&[TURI],TURI,17766
[DIVADM].[DPA_DESP].&[TURUBAMBA],TURUBAMBA,109576
[DIVADM].[DPA_DESP].&[TUTUPALI],TUTUPALI,73
[DIVADM].[DPA_DESP].&[URBINA (TAYA)],URBINA (TAYA),3612
[DIVADM].[DPA_DESP].&[UZHCURRUMI],UZHCURRUMI,448
[DIVADM].[DPA_DESP].&[VALENCIA],VALENCIA,38943
[DIVADM].[DPA_DESP].&[VALLE],VALLE,25000
[DIVADM].[DPA_DESP].&[VALLE DE LA VIRGEN],VALLE DE LA VIRGEN,2189
[DIVADM].[DPA_DESP].&[VALLE HERMOSO],VALLE HERMOSO,9531
[DIVADM].[DPA_DESP].&[VELASCO IBARRA (CAB. EL EMPALME)],VELASCO IBARRA (CAB. EL EMPALME),61243
[DIVADM].[DPA_DESP].&[VENTANAS],VENTANAS,79105
[DIVADM].[DPA_DESP].&[VICTORIA],VICTORIA,2673
[DIVADM].[DPA_DESP].&[VILLA LA UNION (CAJABAMBA)],VILLA LA UNION (CAJABAMBA),10426
[DIVADM].[DPA_DESP].&[VINCES],VINCES,58183
[DIVADM].[DPA_DESP].&[VIRGEN DE FATIMA],VIRGEN DE FATIMA,30306
[DIVADM].[DPA_DESP].&[VUELTA LARGA],VUELTA LARGA,3366
[DIVADM].[DPA_DESP].&[WILFRIDO LOOR MOREIRA (MAICITO)],WILFRIDO LOOR MOREIRA (MAICITO),1363
[DIVADM].[DPA_DESP].&[YAGUACHI VIEJO (CONE)],YAGUACHI VIEJO (CONE),7128
[DIVADM].[DPA_DESP].&[YARUQUI],YARUQUI,38004
[DIVADM].[DPA_DESP].&[YAUPI],YAUPI,236
[DIVADM].[DPA_DESP].&[ZAMBIZA],ZAMBIZA,6677
[DIVADM].[DPA_DESP].&[ZAMORA],ZAMORA,25127
[DIVADM].[DPA_DESP].&[ZAPALLO],ZAPALLO,977
[DIVADM].[DPA_DESP].&[ZAPOTAL],ZAPOTAL,20371
[DIVADM].[DPA_DESP].&[ZAPOTILLO],ZAPOTILLO,6744
[DIVADM].[DPA_DESP].&[ZARUMA],ZARUMA,13915
[DIVADM].[DPA_DESP].&[ZHIDMAD],ZHIDMAD,897
[DIVADM].[DPA_DESP].&[ZUMBA],ZUMBA,7229
[DIVADM].[DPA_DESP].&[ZUMBAHUA],ZUMBAHUA,3489
[DIVADM].[DPA_DESP].&[ZUMBI],ZUMBI,7252
[DIVADM].[DPA_DESP].&[ZURMI],ZURMI,544
[DIVADM].[DPA_DESP].&,,4347
