[DIVADM].[AREAKM].[AREAKM].[MEMBER_UNIQUE_NAME],[DIVADM].[AREAKM].[AREAKM].[MEMBER_CAPTION],[Measures].[SumaIncidentes]
[DIVADM].[AREAKM].&[1.20732E-1],"0,120732",12415
[DIVADM].[AREAKM].&[1.37529E-1],"0,137529",8498
[DIVADM].[AREAKM].&[1.60111E-1],"0,160111",6671
[DIVADM].[AREAKM].&[1.69082E-1],"0,169082",12026
[DIVADM].[AREAKM].&[1.77931E-1],"0,177931",35327
[DIVADM].[AREAKM].&[1.81775E-1],"0,181775",22324
[DIVADM].[AREAKM].&[1.8270101E-1],"0,18270101",16022
[DIVADM].[AREAKM].&[1.86217E-1],"0,186217",8529
[DIVADM].[AREAKM].&[1.89882E-1],"0,189882",20357
[DIVADM].[AREAKM].&[1.96253E-1],"0,196253",22448
[DIVADM].[AREAKM].&[2.0168E-1],"0,20168",5750
[DIVADM].[AREAKM].&[2.07682E-1],"0,207682",17531
[DIVADM].[AREAKM].&[2.1699201E-1],"0,21699201",11930
[DIVADM].[AREAKM].&[2.1948101E-1],"0,21948101",2606
[DIVADM].[AREAKM].&[2.27788E-1],"0,227788",24517
[DIVADM].[AREAKM].&[2.29578E-1],"0,229578",18106
[DIVADM].[AREAKM].&[2.36489E-1],"0,236489",12488
[DIVADM].[AREAKM].&[2.38021E-1],"0,238021",16533
[DIVADM].[AREAKM].&[2.4653099E-1],"0,24653099",21661
[DIVADM].[AREAKM].&[2.6991299E-1],"0,26991299",9797
[DIVADM].[AREAKM].&[2.70253E-1],"0,270253",17958
[DIVADM].[AREAKM].&[2.7155101E-1],"0,27155101",9387
[DIVADM].[AREAKM].&[2.7441099E-1],"0,27441099",6358
[DIVADM].[AREAKM].&[2.85173E-1],"0,285173",20357
[DIVADM].[AREAKM].&[2.86419E-1],"0,286419",12073
[DIVADM].[AREAKM].&[2.9198599E-1],"0,29198599",30289
[DIVADM].[AREAKM].&[2.93073E-1],"0,293073",6283
[DIVADM].[AREAKM].&[2.9399201E-1],"0,29399201",22685
[DIVADM].[AREAKM].&[2.95921E-1],"0,295921",10974
[DIVADM].[AREAKM].&[2.9789501E-1],"0,29789501",8380
[DIVADM].[AREAKM].&[3.1000799E-1],"0,31000799",18979
[DIVADM].[AREAKM].&[3.14666E-1],"0,314666",7025
[DIVADM].[AREAKM].&[3.2149899E-1],"0,32149899",5440
[DIVADM].[AREAKM].&[3.2305601E-1],"0,32305601",31576
[DIVADM].[AREAKM].&[3.27582E-1],"0,327582",13457
[DIVADM].[AREAKM].&[3.3194399E-1],"0,33194399",9580
[DIVADM].[AREAKM].&[3.3686501E-1],"0,33686501",7423
[DIVADM].[AREAKM].&[3.3788601E-1],"0,33788601",7152
[DIVADM].[AREAKM].&[3.4899101E-1],"0,34899101",3313
[DIVADM].[AREAKM].&[3.54505E-1],"0,354505",11369
[DIVADM].[AREAKM].&[3.5816899E-1],"0,35816899",16264
[DIVADM].[AREAKM].&[3.5903999E-1],"0,35903999",15561
[DIVADM].[AREAKM].&[3.6096501E-1],"0,36096501",14379
[DIVADM].[AREAKM].&[3.6379099E-1],"0,36379099",4269
[DIVADM].[AREAKM].&[3.6916801E-1],"0,36916801",26338
[DIVADM].[AREAKM].&[3.6973101E-1],"0,36973101",32559
[DIVADM].[AREAKM].&[3.7776601E-1],"0,37776601",16090
[DIVADM].[AREAKM].&[3.80501E-1],"0,380501",16226
[DIVADM].[AREAKM].&[3.8595399E-1],"0,38595399",15286
[DIVADM].[AREAKM].&[3.89204E-1],"0,389204",4834
[DIVADM].[AREAKM].&[3.9205E-1],"0,39205",9976
[DIVADM].[AREAKM].&[3.9498499E-1],"0,39498499",7618
[DIVADM].[AREAKM].&[4.0043399E-1],"0,40043399",34256
[DIVADM].[AREAKM].&[4.0247199E-1],"0,40247199",4345
[DIVADM].[AREAKM].&[4.0327901E-1],"0,40327901",16261
[DIVADM].[AREAKM].&[4.0572599E-1],"0,40572599",15660
[DIVADM].[AREAKM].&[4.06562E-1],"0,406562",11823
[DIVADM].[AREAKM].&[4.06656E-1],"0,406656",13323
[DIVADM].[AREAKM].&[4.10622E-1],"0,410622",31253
[DIVADM].[AREAKM].&[4.12285E-1],"0,412285",22262
[DIVADM].[AREAKM].&[4.14579E-1],"0,414579",23913
[DIVADM].[AREAKM].&[4.18266E-1],"0,418266",20668
[DIVADM].[AREAKM].&[4.2225E-1],"0,42225",11919
[DIVADM].[AREAKM].&[4.2480901E-1],"0,42480901",15416
[DIVADM].[AREAKM].&[4.30242E-1],"0,430242",29022
[DIVADM].[AREAKM].&[4.3124601E-1],"0,43124601",19688
[DIVADM].[AREAKM].&[4.3306699E-1],"0,43306699",18071
[DIVADM].[AREAKM].&[4.37567E-1],"0,437567",29129
[DIVADM].[AREAKM].&[4.3757501E-1],"0,43757501",6226
[DIVADM].[AREAKM].&[4.3850401E-1],"0,43850401",6300
[DIVADM].[AREAKM].&[4.4232401E-1],"0,44232401",2360
[DIVADM].[AREAKM].&[4.4467199E-1],"0,44467199",22024
[DIVADM].[AREAKM].&[4.4739199E-1],"0,44739199",6422
[DIVADM].[AREAKM].&[4.4823799E-1],"0,44823799",6677
[DIVADM].[AREAKM].&[4.50077E-1],"0,450077",3018
[DIVADM].[AREAKM].&[4.53949E-1],"0,453949",228
[DIVADM].[AREAKM].&[4.64405E-1],"0,464405",6686
[DIVADM].[AREAKM].&[4.66212E-1],"0,466212",19771
[DIVADM].[AREAKM].&[4.69239E-1],"0,469239",11676
[DIVADM].[AREAKM].&[4.69935E-1],"0,469935",9437
[DIVADM].[AREAKM].&[4.72087E-1],"0,472087",7538
[DIVADM].[AREAKM].&[4.72637E-1],"0,472637",24391
[DIVADM].[AREAKM].&[4.7407201E-1],"0,47407201",13226
[DIVADM].[AREAKM].&[4.77523E-1],"0,477523",22120
[DIVADM].[AREAKM].&[4.7775799E-1],"0,47775799",4724
[DIVADM].[AREAKM].&[4.78517E-1],"0,478517",11330
[DIVADM].[AREAKM].&[4.84483E-1],"0,484483",22646
[DIVADM].[AREAKM].&[4.87988E-1],"0,487988",58491
[DIVADM].[AREAKM].&[4.8808101E-1],"0,48808101",11714
[DIVADM].[AREAKM].&[4.8966599E-1],"0,48966599",11881
[DIVADM].[AREAKM].&[4.9096999E-1],"0,49096999",23680
[DIVADM].[AREAKM].&[4.9535301E-1],"0,49535301",8288
[DIVADM].[AREAKM].&[4.9550101E-1],"0,49550101",15217
[DIVADM].[AREAKM].&[4.9787501E-1],"0,49787501",7046
[DIVADM].[AREAKM].&[5.0011599E-1],"0,50011599",12932
[DIVADM].[AREAKM].&[5.0266302E-1],"0,50266302",6454
[DIVADM].[AREAKM].&[5.0296199E-1],"0,50296199",17762
[DIVADM].[AREAKM].&[5.0395101E-1],"0,50395101",20742
[DIVADM].[AREAKM].&[5.0480902E-1],"0,50480902",18825
[DIVADM].[AREAKM].&[5.06037E-1],"0,506037",5828
[DIVADM].[AREAKM].&[5.0911099E-1],"0,50911099",9333
[DIVADM].[AREAKM].&[5.0949502E-1],"0,50949502",7098
[DIVADM].[AREAKM].&[5.1181102E-1],"0,51181102",9058
[DIVADM].[AREAKM].&[5.1223803E-1],"0,51223803",17359
[DIVADM].[AREAKM].&[5.1252002E-1],"0,51252002",23920
[DIVADM].[AREAKM].&[5.1695299E-1],"0,51695299",17031
[DIVADM].[AREAKM].&[5.1747203E-1],"0,51747203",31897
[DIVADM].[AREAKM].&[5.1826203E-1],"0,51826203",32340
[DIVADM].[AREAKM].&[5.1871198E-1],"0,51871198",7642
[DIVADM].[AREAKM].&[5.1936501E-1],"0,51936501",4291
[DIVADM].[AREAKM].&[5.2120298E-1],"0,52120298",6049
[DIVADM].[AREAKM].&[5.2374101E-1],"0,52374101",17099
[DIVADM].[AREAKM].&[5.25693E-1],"0,525693",17552
[DIVADM].[AREAKM].&[5.2766699E-1],"0,52766699",11471
[DIVADM].[AREAKM].&[5.2792901E-1],"0,52792901",15622
[DIVADM].[AREAKM].&[5.2832699E-1],"0,52832699",10217
[DIVADM].[AREAKM].&[5.32507E-1],"0,532507",15800
[DIVADM].[AREAKM].&[5.3264701E-1],"0,53264701",17900
[DIVADM].[AREAKM].&[5.34675E-1],"0,534675",27570
[DIVADM].[AREAKM].&[5.3767002E-1],"0,53767002",26928
[DIVADM].[AREAKM].&[5.4236299E-1],"0,54236299",20264
[DIVADM].[AREAKM].&[5.4868901E-1],"0,54868901",28512
[DIVADM].[AREAKM].&[5.4878402E-1],"0,54878402",6355
[DIVADM].[AREAKM].&[5.5162799E-1],"0,55162799",22262
[DIVADM].[AREAKM].&[5.51714E-1],"0,551714",17537
[DIVADM].[AREAKM].&[5.5313498E-1],"0,55313498",11466
[DIVADM].[AREAKM].&[5.5344999E-1],"0,55344999",16104
[DIVADM].[AREAKM].&[5.5434299E-1],"0,55434299",14090
[DIVADM].[AREAKM].&[5.5730999E-1],"0,55730999",23519
[DIVADM].[AREAKM].&[5.59515E-1],"0,559515",11391
[DIVADM].[AREAKM].&[5.6299198E-1],"0,56299198",50499
[DIVADM].[AREAKM].&[5.6324899E-1],"0,56324899",49123
[DIVADM].[AREAKM].&[5.6394202E-1],"0,56394202",11605
[DIVADM].[AREAKM].&[5.6934202E-1],"0,56934202",16308
[DIVADM].[AREAKM].&[5.7052797E-1],"0,57052797",6882
[DIVADM].[AREAKM].&[5.72079E-1],"0,572079",12438
[DIVADM].[AREAKM].&[5.7434601E-1],"0,57434601",26232
[DIVADM].[AREAKM].&[5.7496798E-1],"0,57496798",10333
[DIVADM].[AREAKM].&[5.7614499E-1],"0,57614499",35330
[DIVADM].[AREAKM].&[5.8122301E-1],"0,58122301",23344
[DIVADM].[AREAKM].&[5.8216703E-1],"0,58216703",5467
[DIVADM].[AREAKM].&[5.8520699E-1],"0,58520699",10178
[DIVADM].[AREAKM].&[5.8640099E-1],"0,58640099",29683
[DIVADM].[AREAKM].&[5.86568E-1],"0,586568",17607
[DIVADM].[AREAKM].&[5.9224701E-1],"0,59224701",38801
[DIVADM].[AREAKM].&[5.9256101E-1],"0,59256101",4544
[DIVADM].[AREAKM].&[5.93247E-1],"0,593247",12596
[DIVADM].[AREAKM].&[5.9355199E-1],"0,59355199",9499
[DIVADM].[AREAKM].&[5.9355301E-1],"0,59355301",39901
[DIVADM].[AREAKM].&[5.9489101E-1],"0,59489101",21760
[DIVADM].[AREAKM].&[5.9540099E-1],"0,59540099",15256
[DIVADM].[AREAKM].&[6.00977E-1],"0,600977",16547
[DIVADM].[AREAKM].&[6.0120302E-1],"0,60120302",14942
[DIVADM].[AREAKM].&[6.0549599E-1],"0,60549599",11888
[DIVADM].[AREAKM].&[6.0570401E-1],"0,60570401",10976
[DIVADM].[AREAKM].&[6.0676801E-1],"0,60676801",4850
[DIVADM].[AREAKM].&[6.0836703E-1],"0,60836703",24438
[DIVADM].[AREAKM].&[6.09689E-1],"0,609689",11830
[DIVADM].[AREAKM].&[6.1102301E-1],"0,61102301",9970
[DIVADM].[AREAKM].&[6.1106598E-1],"0,61106598",17510
[DIVADM].[AREAKM].&[6.1629301E-1],"0,61629301",33121
[DIVADM].[AREAKM].&[6.2118E-1],"0,62118",18332
[DIVADM].[AREAKM].&[6.2263602E-1],"0,62263602",29554
[DIVADM].[AREAKM].&[6.2291998E-1],"0,62291998",36332
[DIVADM].[AREAKM].&[6.2418199E-1],"0,62418199",4087
[DIVADM].[AREAKM].&[6.2499702E-1],"0,62499702",7726
[DIVADM].[AREAKM].&[6.3191599E-1],"0,63191599",21815
[DIVADM].[AREAKM].&[6.3216799E-1],"0,63216799",19174
[DIVADM].[AREAKM].&[6.3644099E-1],"0,63644099",19124
[DIVADM].[AREAKM].&[6.3950598E-1],"0,63950598",25941
[DIVADM].[AREAKM].&[6.4046001E-1],"0,64046001",28869
[DIVADM].[AREAKM].&[6.4080399E-1],"0,64080399",12966
[DIVADM].[AREAKM].&[6.4351398E-1],"0,64351398",26504
[DIVADM].[AREAKM].&[6.4403301E-1],"0,64403301",14681
[DIVADM].[AREAKM].&[6.4565402E-1],"0,64565402",7060
[DIVADM].[AREAKM].&[6.4715099E-1],"0,64715099",7155
[DIVADM].[AREAKM].&[6.4789498E-1],"0,64789498",10124
[DIVADM].[AREAKM].&[6.4990199E-1],"0,64990199",22296
[DIVADM].[AREAKM].&[6.50002E-1],"0,650002",45054
[DIVADM].[AREAKM].&[6.5073103E-1],"0,65073103",14108
[DIVADM].[AREAKM].&[6.5119898E-1],"0,65119898",22801
[DIVADM].[AREAKM].&[6.51317E-1],"0,651317",18661
[DIVADM].[AREAKM].&[6.5180898E-1],"0,65180898",5897
[DIVADM].[AREAKM].&[6.5283799E-1],"0,65283799",12346
[DIVADM].[AREAKM].&[6.5524101E-1],"0,65524101",38594
[DIVADM].[AREAKM].&[6.5550101E-1],"0,65550101",16204
[DIVADM].[AREAKM].&[6.5592903E-1],"0,65592903",12893
[DIVADM].[AREAKM].&[6.5612602E-1],"0,65612602",4677
[DIVADM].[AREAKM].&[6.5848303E-1],"0,65848303",9369
[DIVADM].[AREAKM].&[6.6167599E-1],"0,66167599",30351
[DIVADM].[AREAKM].&[6.6194201E-1],"0,66194201",31468
[DIVADM].[AREAKM].&[6.6228998E-1],"0,66228998",3911
[DIVADM].[AREAKM].&[6.6453898E-1],"0,66453898",21997
[DIVADM].[AREAKM].&[6.6481799E-1],"0,66481799",38505
[DIVADM].[AREAKM].&[6.6587901E-1],"0,66587901",32094
[DIVADM].[AREAKM].&[6.6649699E-1],"0,66649699",35448
[DIVADM].[AREAKM].&[6.6806602E-1],"0,66806602",15003
[DIVADM].[AREAKM].&[6.6999298E-1],"0,66999298",7542
[DIVADM].[AREAKM].&[6.7035198E-1],"0,67035198",11791
[DIVADM].[AREAKM].&[6.7105699E-1],"0,67105699",17938
[DIVADM].[AREAKM].&[6.71538E-1],"0,671538",18299
[DIVADM].[AREAKM].&[6.72189E-1],"0,672189",24063
[DIVADM].[AREAKM].&[6.75955E-1],"0,675955",31562
[DIVADM].[AREAKM].&[6.7729098E-1],"0,67729098",37260
[DIVADM].[AREAKM].&[6.7876899E-1],"0,67876899",31438
[DIVADM].[AREAKM].&[6.8039602E-1],"0,68039602",13376
[DIVADM].[AREAKM].&[6.8141299E-1],"0,68141299",31913
[DIVADM].[AREAKM].&[6.8371898E-1],"0,68371898",6806
[DIVADM].[AREAKM].&[6.8396002E-1],"0,68396002",13967
[DIVADM].[AREAKM].&[6.8845499E-1],"0,68845499",8653
[DIVADM].[AREAKM].&[6.89511E-1],"0,689511",15382
[DIVADM].[AREAKM].&[6.9324303E-1],"0,69324303",10327
[DIVADM].[AREAKM].&[6.94175E-1],"0,694175",47150
[DIVADM].[AREAKM].&[6.9582802E-1],"0,69582802",22991
[DIVADM].[AREAKM].&[6.96042E-1],"0,696042",17402
[DIVADM].[AREAKM].&[6.9642198E-1],"0,69642198",24035
[DIVADM].[AREAKM].&[6.9684303E-1],"0,69684303",54019
[DIVADM].[AREAKM].&[6.9863498E-1],"0,69863498",13436
[DIVADM].[AREAKM].&[6.9870102E-1],"0,69870102",8389
[DIVADM].[AREAKM].&[7.0151699E-1],"0,70151699",6872
[DIVADM].[AREAKM].&[7.0302403E-1],"0,70302403",5822
[DIVADM].[AREAKM].&[7.0414603E-1],"0,70414603",12007
[DIVADM].[AREAKM].&[7.04153E-1],"0,704153",10127
[DIVADM].[AREAKM].&[7.0417899E-1],"0,70417899",20786
[DIVADM].[AREAKM].&[7.06204E-1],"0,706204",10036
[DIVADM].[AREAKM].&[7.0717198E-1],"0,70717198",23397
[DIVADM].[AREAKM].&[7.0873201E-1],"0,70873201",21236
[DIVADM].[AREAKM].&[7.1072799E-1],"0,71072799",9394
[DIVADM].[AREAKM].&[7.1246898E-1],"0,71246898",3508
[DIVADM].[AREAKM].&[7.1466798E-1],"0,71466798",11758
[DIVADM].[AREAKM].&[7.16708E-1],"0,716708",37294
[DIVADM].[AREAKM].&[7.1738499E-1],"0,71738499",25570
[DIVADM].[AREAKM].&[7.1930599E-1],"0,71930599",77615
[DIVADM].[AREAKM].&[7.2086698E-1],"0,72086698",16346
[DIVADM].[AREAKM].&[7.2564298E-1],"0,72564298",16322
[DIVADM].[AREAKM].&[7.2947401E-1],"0,72947401",6705
[DIVADM].[AREAKM].&[7.3381299E-1],"0,73381299",23943
[DIVADM].[AREAKM].&[7.3546797E-1],"0,73546797",5387
[DIVADM].[AREAKM].&[7.3717999E-1],"0,73717999",20473
[DIVADM].[AREAKM].&[7.4030298E-1],"0,74030298",5173
[DIVADM].[AREAKM].&[7.40439E-1],"0,740439",25511
[DIVADM].[AREAKM].&[7.4389303E-1],"0,74389303",19745
[DIVADM].[AREAKM].&[7.4667901E-1],"0,74667901",61572
[DIVADM].[AREAKM].&[7.4819398E-1],"0,74819398",7471
[DIVADM].[AREAKM].&[7.5141698E-1],"0,75141698",29895
[DIVADM].[AREAKM].&[7.5421703E-1],"0,75421703",8723
[DIVADM].[AREAKM].&[7.5644499E-1],"0,75644499",44109
[DIVADM].[AREAKM].&[7.5678599E-1],"0,75678599",30671
[DIVADM].[AREAKM].&[7.5843E-1],"0,75843",8967
[DIVADM].[AREAKM].&[7.5889701E-1],"0,75889701",17704
[DIVADM].[AREAKM].&[7.6340598E-1],"0,76340598",55017
[DIVADM].[AREAKM].&[7.6578099E-1],"0,76578099",11299
[DIVADM].[AREAKM].&[7.6619101E-1],"0,76619101",16944
[DIVADM].[AREAKM].&[7.6806903E-1],"0,76806903",10729
[DIVADM].[AREAKM].&[7.7246898E-1],"0,77246898",32587
[DIVADM].[AREAKM].&[7.7385002E-1],"0,77385002",11962
[DIVADM].[AREAKM].&[7.7399802E-1],"0,77399802",3926
[DIVADM].[AREAKM].&[7.7614403E-1],"0,77614403",9917
[DIVADM].[AREAKM].&[7.7647001E-1],"0,77647001",6765
[DIVADM].[AREAKM].&[7.7816099E-1],"0,77816099",15887
[DIVADM].[AREAKM].&[7.79266E-1],"0,779266",14113
[DIVADM].[AREAKM].&[7.8198802E-1],"0,78198802",13047
[DIVADM].[AREAKM].&[7.8311998E-1],"0,78311998",8833
[DIVADM].[AREAKM].&[7.8938103E-1],"0,78938103",15683
[DIVADM].[AREAKM].&[7.8960699E-1],"0,78960699",12933
[DIVADM].[AREAKM].&[8.0166E-1],"0,80166",566
[DIVADM].[AREAKM].&[8.0624098E-1],"0,80624098",13392
[DIVADM].[AREAKM].&[8.0668801E-1],"0,80668801",12977
[DIVADM].[AREAKM].&[8.0752301E-1],"0,80752301",59195
[DIVADM].[AREAKM].&[8.0783802E-1],"0,80783802",10152
[DIVADM].[AREAKM].&[8.0984598E-1],"0,80984598",18061
[DIVADM].[AREAKM].&[8.1004101E-1],"0,81004101",10857
[DIVADM].[AREAKM].&[8.1105101E-1],"0,81105101",15107
[DIVADM].[AREAKM].&[8.1160098E-1],"0,81160098",11723
[DIVADM].[AREAKM].&[8.1580102E-1],"0,81580102",17739
[DIVADM].[AREAKM].&[8.1622702E-1],"0,81622702",40136
[DIVADM].[AREAKM].&[8.1633902E-1],"0,81633902",5634
[DIVADM].[AREAKM].&[8.2123399E-1],"0,82123399",33388
[DIVADM].[AREAKM].&[8.2603401E-1],"0,82603401",16691
[DIVADM].[AREAKM].&[8.3328301E-1],"0,83328301",22720
[DIVADM].[AREAKM].&[8.3463401E-1],"0,83463401",14994
[DIVADM].[AREAKM].&[8.3524197E-1],"0,83524197",49580
[DIVADM].[AREAKM].&[8.3539999E-1],"0,83539999",6621
[DIVADM].[AREAKM].&[8.3573997E-1],"0,83573997",24609
[DIVADM].[AREAKM].&[8.3715302E-1],"0,83715302",15544
[DIVADM].[AREAKM].&[8.3757198E-1],"0,83757198",11935
[DIVADM].[AREAKM].&[8.3856702E-1],"0,83856702",26698
[DIVADM].[AREAKM].&[8.4123898E-1],"0,84123898",8511
[DIVADM].[AREAKM].&[8.4155703E-1],"0,84155703",11098
[DIVADM].[AREAKM].&[8.42013E-1],"0,842013",11475
[DIVADM].[AREAKM].&[8.44455E-1],"0,844455",12529
[DIVADM].[AREAKM].&[8.4536803E-1],"0,84536803",22937
[DIVADM].[AREAKM].&[8.4654099E-1],"0,84654099",7135
[DIVADM].[AREAKM].&[8.4858602E-1],"0,84858602",4454
[DIVADM].[AREAKM].&[8.53149E-1],"0,853149",16554
[DIVADM].[AREAKM].&[8.5514802E-1],"0,85514802",27423
[DIVADM].[AREAKM].&[8.5556602E-1],"0,85556602",22714
[DIVADM].[AREAKM].&[8.5579199E-1],"0,85579199",14332
[DIVADM].[AREAKM].&[8.5683101E-1],"0,85683101",11395
[DIVADM].[AREAKM].&[8.6163002E-1],"0,86163002",10732
[DIVADM].[AREAKM].&[8.6173201E-1],"0,86173201",12814
[DIVADM].[AREAKM].&[8.6184502E-1],"0,86184502",16005
[DIVADM].[AREAKM].&[8.6393499E-1],"0,86393499",20501
[DIVADM].[AREAKM].&[8.6615199E-1],"0,86615199",18243
[DIVADM].[AREAKM].&[8.6723E-1],"0,86723",25648
[DIVADM].[AREAKM].&[8.7061E-1],"0,87061",18905
[DIVADM].[AREAKM].&[8.71571E-1],"0,871571",32951
[DIVADM].[AREAKM].&[8.7638402E-1],"0,87638402",9012
[DIVADM].[AREAKM].&[8.7654501E-1],"0,87654501",14779
[DIVADM].[AREAKM].&[8.8276398E-1],"0,88276398",20464
[DIVADM].[AREAKM].&[8.8332802E-1],"0,88332802",23421
[DIVADM].[AREAKM].&[8.8820398E-1],"0,88820398",12488
[DIVADM].[AREAKM].&[8.9118999E-1],"0,89118999",24113
[DIVADM].[AREAKM].&[8.9308202E-1],"0,89308202",5032
[DIVADM].[AREAKM].&[8.9490002E-1],"0,89490002",49708
[DIVADM].[AREAKM].&[8.9991498E-1],"0,89991498",32216
[DIVADM].[AREAKM].&[9.0435201E-1],"0,90435201",25419
[DIVADM].[AREAKM].&[9.06066E-1],"0,906066",21106
[DIVADM].[AREAKM].&[9.1284698E-1],"0,91284698",12518
[DIVADM].[AREAKM].&[9.1466802E-1],"0,91466802",13412
[DIVADM].[AREAKM].&[9.1630799E-1],"0,91630799",16683
[DIVADM].[AREAKM].&[9.1656202E-1],"0,91656202",11568
[DIVADM].[AREAKM].&[9.1697598E-1],"0,91697598",24977
[DIVADM].[AREAKM].&[9.1827202E-1],"0,91827202",2797
[DIVADM].[AREAKM].&[9.1859299E-1],"0,91859299",20350
[DIVADM].[AREAKM].&[9.1941297E-1],"0,91941297",26560
[DIVADM].[AREAKM].&[9.2012203E-1],"0,92012203",16372
[DIVADM].[AREAKM].&[9.24191E-1],"0,924191",27018
[DIVADM].[AREAKM].&[9.2476499E-1],"0,92476499",19754
[DIVADM].[AREAKM].&[9.27463E-1],"0,927463",22097
[DIVADM].[AREAKM].&[9.3177497E-1],"0,93177497",11960
[DIVADM].[AREAKM].&[9.4074899E-1],"0,94074899",12962
[DIVADM].[AREAKM].&[9.4255799E-1],"0,94255799",29052
[DIVADM].[AREAKM].&[9.43299E-1],"0,943299",22769
[DIVADM].[AREAKM].&[9.4813102E-1],"0,94813102",3952
[DIVADM].[AREAKM].&[9.4983399E-1],"0,94983399",16944
[DIVADM].[AREAKM].&[9.4997197E-1],"0,94997197",31399
[DIVADM].[AREAKM].&[9.5267999E-1],"0,95267999",25540
[DIVADM].[AREAKM].&[9.5631403E-1],"0,95631403",26457
[DIVADM].[AREAKM].&[9.5921099E-1],"0,95921099",16928
[DIVADM].[AREAKM].&[9.5994902E-1],"0,95994902",10071
[DIVADM].[AREAKM].&[9.6005398E-1],"0,96005398",33721
[DIVADM].[AREAKM].&[9.6072102E-1],"0,96072102",17563
[DIVADM].[AREAKM].&[9.6268803E-1],"0,96268803",51024
[DIVADM].[AREAKM].&[9.6595502E-1],"0,96595502",14326
[DIVADM].[AREAKM].&[9.6667802E-1],"0,96667802",34530
[DIVADM].[AREAKM].&[9.6964997E-1],"0,96964997",25100
[DIVADM].[AREAKM].&[9.7730303E-1],"0,97730303",27826
[DIVADM].[AREAKM].&[9.7798699E-1],"0,97798699",7899
[DIVADM].[AREAKM].&[9.7813398E-1],"0,97813398",12163
[DIVADM].[AREAKM].&[9.7992599E-1],"0,97992599",14106
[DIVADM].[AREAKM].&[9.8038298E-1],"0,98038298",13387
[DIVADM].[AREAKM].&[9.8282599E-1],"0,98282599",28191
[DIVADM].[AREAKM].&[9.8292297E-1],"0,98292297",16428
[DIVADM].[AREAKM].&[9.8468399E-1],"0,98468399",21257
[DIVADM].[AREAKM].&[9.8551899E-1],"0,98551899",32359
[DIVADM].[AREAKM].&[9.8971498E-1],"0,98971498",37074
[DIVADM].[AREAKM].&[9.8972899E-1],"0,98972899",9710
[DIVADM].[AREAKM].&[9.90825E-1],"0,990825",5872
[DIVADM].[AREAKM].&[9.95462E-1],"0,995462",18181
[DIVADM].[AREAKM].&[9.9746901E-1],"0,99746901",6374
[DIVADM].[AREAKM].&[9.9929303E-1],"0,99929303",14359
[DIVADM].[AREAKM].&[1.00168002],"1,00168002",9878
[DIVADM].[AREAKM].&[1.00179005],"1,00179005",12591
[DIVADM].[AREAKM].&[1.00248003],"1,00248003",18084
[DIVADM].[AREAKM].&[1.00267005],"1,00267005",27407
[DIVADM].[AREAKM].&[1.00354004],"1,00354004",28041
[DIVADM].[AREAKM].&[1.00658],"1,00658",11595
[DIVADM].[AREAKM].&[1.00951004],"1,00951004",24271
[DIVADM].[AREAKM].&[1.01178002],"1,01178002",29797
[DIVADM].[AREAKM].&[1.01249003],"1,01249003",18192
[DIVADM].[AREAKM].&[1.01530004],"1,01530004",30335
[DIVADM].[AREAKM].&[1.01835001],"1,01835001",12486
[DIVADM].[AREAKM].&[1.01917005],"1,01917005",13104
[DIVADM].[AREAKM].&[1.02355003],"1,02355003",11413
[DIVADM].[AREAKM].&[1.02672005],"1,02672005",14236
[DIVADM].[AREAKM].&[1.03243995],"1,03243995",22511
[DIVADM].[AREAKM].&[1.03474998],"1,03474998",23276
[DIVADM].[AREAKM].&[1.0359],"1,0359",34053
[DIVADM].[AREAKM].&[1.04049003],"1,04049003",8896
[DIVADM].[AREAKM].&[1.04229999],"1,04229999",14308
[DIVADM].[AREAKM].&[1.04231],"1,04231",38907
[DIVADM].[AREAKM].&[1.04355001],"1,04355001",23949
[DIVADM].[AREAKM].&[1.05480003],"1,05480003",17187
[DIVADM].[AREAKM].&[1.05718005],"1,05718005",2331
[DIVADM].[AREAKM].&[1.06544995],"1,06544995",23946
[DIVADM].[AREAKM].&[1.07061994],"1,07061994",18645
[DIVADM].[AREAKM].&[1.08811998],"1,08811998",6719
[DIVADM].[AREAKM].&[1.08853996],"1,08853996",7030
[DIVADM].[AREAKM].&[1.09245002],"1,09245002",3018
[DIVADM].[AREAKM].&[1.09478998],"1,09478998",10517
[DIVADM].[AREAKM].&[1.09526002],"1,09526002",36655
[DIVADM].[AREAKM].&[1.09985995],"1,09985995",11562
[DIVADM].[AREAKM].&[1.10286999],"1,10286999",21195
[DIVADM].[AREAKM].&[1.10470998],"1,10470998",18545
[DIVADM].[AREAKM].&[1.10478997],"1,10478997",9285
[DIVADM].[AREAKM].&[1.10720003],"1,10720003",29481
[DIVADM].[AREAKM].&[1.10898995],"1,10898995",21436
[DIVADM].[AREAKM].&[1.11286998],"1,11286998",3983
[DIVADM].[AREAKM].&[1.11487997],"1,11487997",33991
[DIVADM].[AREAKM].&[1.11726999],"1,11726999",9352
[DIVADM].[AREAKM].&[1.11881995],"1,11881995",16606
[DIVADM].[AREAKM].&[1.12208998],"1,12208998",11288
[DIVADM].[AREAKM].&[1.12365997],"1,12365997",40983
[DIVADM].[AREAKM].&[1.12494004],"1,12494004",22801
[DIVADM].[AREAKM].&[1.12931001],"1,12931001",26651
[DIVADM].[AREAKM].&[1.13163996],"1,13163996",7191
[DIVADM].[AREAKM].&[1.13387001],"1,13387001",23138
[DIVADM].[AREAKM].&[1.13959002],"1,13959002",11736
[DIVADM].[AREAKM].&[1.14330006],"1,14330006",12656
[DIVADM].[AREAKM].&[1.15111005],"1,15111005",22872
[DIVADM].[AREAKM].&[1.15680003],"1,15680003",31875
[DIVADM].[AREAKM].&[1.16957998],"1,16957998",23259
[DIVADM].[AREAKM].&[1.17955005],"1,17955005",9313
[DIVADM].[AREAKM].&[1.18088996],"1,18088996",16612
[DIVADM].[AREAKM].&[1.18206],"1,18206",1727
[DIVADM].[AREAKM].&[1.18478],"1,18478",9619
[DIVADM].[AREAKM].&[1.19551003],"1,19551003",7093
[DIVADM].[AREAKM].&[1.21219003],"1,21219003",12308
[DIVADM].[AREAKM].&[1.22256005],"1,22256005",11463
[DIVADM].[AREAKM].&[1.22903001],"1,22903001",35340
[DIVADM].[AREAKM].&[1.23351002],"1,23351002",15397
[DIVADM].[AREAKM].&[1.24707997],"1,24707997",43060
[DIVADM].[AREAKM].&[1.25244999],"1,25244999",19148
[DIVADM].[AREAKM].&[1.25656998],"1,25656998",8303
[DIVADM].[AREAKM].&[1.25849998],"1,25849998",11271
[DIVADM].[AREAKM].&[1.26267004],"1,26267004",39419
[DIVADM].[AREAKM].&[1.26603997],"1,26603997",16742
[DIVADM].[AREAKM].&[1.26698995],"1,26698995",10998
[DIVADM].[AREAKM].&[1.26985002],"1,26985002",14912
[DIVADM].[AREAKM].&[1.27217996],"1,27217996",10131
[DIVADM].[AREAKM].&[1.27256],"1,27256",33992
[DIVADM].[AREAKM].&[1.27751994],"1,27751994",14608
[DIVADM].[AREAKM].&[1.28235996],"1,28235996",15726
[DIVADM].[AREAKM].&[1.28427005],"1,28427005",12736
[DIVADM].[AREAKM].&[1.28508997],"1,28508997",42043
[DIVADM].[AREAKM].&[1.29023004],"1,29023004",22307
[DIVADM].[AREAKM].&[1.29527998],"1,29527998",22690
[DIVADM].[AREAKM].&[1.29999995],"1,29999995",23792
[DIVADM].[AREAKM].&[1.30136001],"1,30136001",15082
[DIVADM].[AREAKM].&[1.31287003],"1,31287003",13541
[DIVADM].[AREAKM].&[1.31370997],"1,31370997",32726
[DIVADM].[AREAKM].&[1.31712997],"1,31712997",6228
[DIVADM].[AREAKM].&[1.32317996],"1,32317996",11804
[DIVADM].[AREAKM].&[1.32922006],"1,32922006",17663
[DIVADM].[AREAKM].&[1.33041],"1,33041",15980
[DIVADM].[AREAKM].&[1.33096004],"1,33096004",14012
[DIVADM].[AREAKM].&[1.33226001],"1,33226001",3529
[DIVADM].[AREAKM].&[1.33318996],"1,33318996",19983
[DIVADM].[AREAKM].&[1.34648001],"1,34648001",18918
[DIVADM].[AREAKM].&[1.34709001],"1,34709001",27783
[DIVADM].[AREAKM].&[1.35589004],"1,35589004",13726
[DIVADM].[AREAKM].&[1.35704005],"1,35704005",16106
[DIVADM].[AREAKM].&[1.35811996],"1,35811996",33447
[DIVADM].[AREAKM].&[1.36681998],"1,36681998",27201
[DIVADM].[AREAKM].&[1.36993003],"1,36993003",26832
[DIVADM].[AREAKM].&[1.37829995],"1,37829995",35972
[DIVADM].[AREAKM].&[1.37831998],"1,37831998",8565
[DIVADM].[AREAKM].&[1.37940001],"1,37940001",15502
[DIVADM].[AREAKM].&[1.38422],"1,38422",66906
[DIVADM].[AREAKM].&[1.38844001],"1,38844001",33661
[DIVADM].[AREAKM].&[1.39187002],"1,39187002",10875
[DIVADM].[AREAKM].&[1.39520001],"1,39520001",16411
[DIVADM].[AREAKM].&[1.39754999],"1,39754999",12937
[DIVADM].[AREAKM].&[1.39758003],"1,39758003",20242
[DIVADM].[AREAKM].&[1.39786994],"1,39786994",8254
[DIVADM].[AREAKM].&[1.40684998],"1,40684998",18274
[DIVADM].[AREAKM].&[1.42623997],"1,42623997",42492
[DIVADM].[AREAKM].&[1.42891002],"1,42891002",9159
[DIVADM].[AREAKM].&[1.42998004],"1,42998004",37257
[DIVADM].[AREAKM].&[1.43788004],"1,43788004",6629
[DIVADM].[AREAKM].&[1.44866002],"1,44866002",29578
[DIVADM].[AREAKM].&[1.44979],"1,44979",41318
[DIVADM].[AREAKM].&[1.45621002],"1,45621002",11324
[DIVADM].[AREAKM].&[1.45943999],"1,45943999",20831
[DIVADM].[AREAKM].&[1.46674001],"1,46674001",14357
[DIVADM].[AREAKM].&[1.46733999],"1,46733999",19897
[DIVADM].[AREAKM].&[1.47564995],"1,47564995",20585
[DIVADM].[AREAKM].&[1.47820997],"1,47820997",25857
[DIVADM].[AREAKM].&[1.49012005],"1,49012005",28679
[DIVADM].[AREAKM].&[1.49328005],"1,49328005",28008
[DIVADM].[AREAKM].&[1.49694002],"1,49694002",19643
[DIVADM].[AREAKM].&[1.50421],"1,50421",6811
[DIVADM].[AREAKM].&[1.50556004],"1,50556004",24032
[DIVADM].[AREAKM].&[1.52013004],"1,52013004",3982
[DIVADM].[AREAKM].&[1.53717995],"1,53717995",11530
[DIVADM].[AREAKM].&[1.54410005],"1,54410005",41349
[DIVADM].[AREAKM].&[1.54903996],"1,54903996",5582
[DIVADM].[AREAKM].&[1.56141996],"1,56141996",30970
[DIVADM].[AREAKM].&[1.57362998],"1,57362998",11327
[DIVADM].[AREAKM].&[1.58021998],"1,58021998",43910
[DIVADM].[AREAKM].&[1.58519995],"1,58519995",29278
[DIVADM].[AREAKM].&[1.58570004],"1,58570004",6831
[DIVADM].[AREAKM].&[1.59359002],"1,59359002",60972
[DIVADM].[AREAKM].&[1.6099],"1,6099",20880
[DIVADM].[AREAKM].&[1.61775005],"1,61775005",5949
[DIVADM].[AREAKM].&[1.61942005],"1,61942005",32634
[DIVADM].[AREAKM].&[1.62018001],"1,62018001",4518
[DIVADM].[AREAKM].&[1.62066996],"1,62066996",34055
[DIVADM].[AREAKM].&[1.62204003],"1,62204003",60611
[DIVADM].[AREAKM].&[1.62709999],"1,62709999",12830
[DIVADM].[AREAKM].&[1.63109004],"1,63109004",27651
[DIVADM].[AREAKM].&[1.63779998],"1,63779998",14848
[DIVADM].[AREAKM].&[1.63905001],"1,63905001",20911
[DIVADM].[AREAKM].&[1.64250004],"1,64250004",38577
[DIVADM].[AREAKM].&[1.65725994],"1,65725994",4576
[DIVADM].[AREAKM].&[1.66354001],"1,66354001",12104
[DIVADM].[AREAKM].&[1.68267],"1,68267",58828
[DIVADM].[AREAKM].&[1.72570002],"1,72570002",54606
[DIVADM].[AREAKM].&[1.73004997],"1,73004997",13356
[DIVADM].[AREAKM].&[1.74154997],"1,74154997",7256
[DIVADM].[AREAKM].&[1.75159001],"1,75159001",28114
[DIVADM].[AREAKM].&[1.76084006],"1,76084006",14070
[DIVADM].[AREAKM].&[1.76705003],"1,76705003",40286
[DIVADM].[AREAKM].&[1.77866995],"1,77866995",17415
[DIVADM].[AREAKM].&[1.79168999],"1,79168999",9401
[DIVADM].[AREAKM].&[1.79182994],"1,79182994",68262
[DIVADM].[AREAKM].&[1.79577005],"1,79577005",37199
[DIVADM].[AREAKM].&[1.79955995],"1,79955995",19004
[DIVADM].[AREAKM].&[1.80806005],"1,80806005",49269
[DIVADM].[AREAKM].&[1.81075001],"1,81075001",29182
[DIVADM].[AREAKM].&[1.81843996],"1,81843996",6272
[DIVADM].[AREAKM].&[1.829],"1,829",26882
[DIVADM].[AREAKM].&[1.83045006],"1,83045006",12946
[DIVADM].[AREAKM].&[1.83326006],"1,83326006",31429
[DIVADM].[AREAKM].&[1.83945],"1,83945",33038
[DIVADM].[AREAKM].&[1.84491003],"1,84491003",47197
[DIVADM].[AREAKM].&[1.85043001],"1,85043001",26586
[DIVADM].[AREAKM].&[1.85723996],"1,85723996",14517
[DIVADM].[AREAKM].&[1.86846995],"1,86846995",8722
[DIVADM].[AREAKM].&[1.87176001],"1,87176001",5934
[DIVADM].[AREAKM].&[1.88653004],"1,88653004",18694
[DIVADM].[AREAKM].&[1.89347994],"1,89347994",14045
[DIVADM].[AREAKM].&[1.89476001],"1,89476001",14811
[DIVADM].[AREAKM].&[1.89778996],"1,89778996",16853
[DIVADM].[AREAKM].&[1.91589999],"1,91589999",38560
[DIVADM].[AREAKM].&[1.94544005],"1,94544005",18249
[DIVADM].[AREAKM].&[1.95697999],"1,95697999",18328
[DIVADM].[AREAKM].&[1.95848],"1,95848",7048
[DIVADM].[AREAKM].&[1.96354997],"1,96354997",36621
[DIVADM].[AREAKM].&[1.96587002],"1,96587002",19994
[DIVADM].[AREAKM].&[1.97349],"1,97349",15069
[DIVADM].[AREAKM].&[1.98950005],"1,98950005",3809
[DIVADM].[AREAKM].&[1.98960996],"1,98960996",10290
[DIVADM].[AREAKM].&[1.99404001],"1,99404001",47124
[DIVADM].[AREAKM].&[2.02642012],"2,02642012",12264
[DIVADM].[AREAKM].&[2.05352998],"2,05352998",7550
[DIVADM].[AREAKM].&[2.05835009],"2,05835009",40997
[DIVADM].[AREAKM].&[2.06299996],"2,06299996",48444
[DIVADM].[AREAKM].&[2.07166004],"2,07166004",6992
[DIVADM].[AREAKM].&[2.08991003],"2,08991003",6805
[DIVADM].[AREAKM].&[2.09912992],"2,09912992",4589
[DIVADM].[AREAKM].&[2.12018991],"2,12018991",47527
[DIVADM].[AREAKM].&[2.1393199],"2,1393199",22899
[DIVADM].[AREAKM].&[2.14725995],"2,14725995",61727
[DIVADM].[AREAKM].&[2.17510009],"2,17510009",32537
[DIVADM].[AREAKM].&[2.18393993],"2,18393993",15465
[DIVADM].[AREAKM].&[2.18923998],"2,18923998",14426
[DIVADM].[AREAKM].&[2.20872998],"2,20872998",29017
[DIVADM].[AREAKM].&[2.21925998],"2,21925998",37450
[DIVADM].[AREAKM].&[2.2202301],"2,2202301",29932
[DIVADM].[AREAKM].&[2.23024011],"2,23024011",19958
[DIVADM].[AREAKM].&[2.2423799],"2,2423799",53396
[DIVADM].[AREAKM].&[2.25212002],"2,25212002",22666
[DIVADM].[AREAKM].&[2.26073003],"2,26073003",25161
[DIVADM].[AREAKM].&[2.26745009],"2,26745009",12346
[DIVADM].[AREAKM].&[2.30965996],"2,30965996",6487
[DIVADM].[AREAKM].&[2.32351995],"2,32351995",17610
[DIVADM].[AREAKM].&[2.32768011],"2,32768011",14972
[DIVADM].[AREAKM].&[2.329],"2,329",78908
[DIVADM].[AREAKM].&[2.33141994],"2,33141994",21033
[DIVADM].[AREAKM].&[2.34221005],"2,34221005",23537
[DIVADM].[AREAKM].&[2.37505007],"2,37505007",23733
[DIVADM].[AREAKM].&[2.38388991],"2,38388991",58724
[DIVADM].[AREAKM].&[2.4386301],"2,4386301",15123
[DIVADM].[AREAKM].&[2.44269991],"2,44269991",22057
[DIVADM].[AREAKM].&[2.45696998],"2,45696998",32900
[DIVADM].[AREAKM].&[2.46704006],"2,46704006",26622
[DIVADM].[AREAKM].&[2.47533011],"2,47533011",18391
[DIVADM].[AREAKM].&[2.47803998],"2,47803998",20976
[DIVADM].[AREAKM].&[2.48746991],"2,48746991",14457
[DIVADM].[AREAKM].&[2.48862004],"2,48862004",17232
[DIVADM].[AREAKM].&[2.49179006],"2,49179006",9964
[DIVADM].[AREAKM].&[2.53267002],"2,53267002",10142
[DIVADM].[AREAKM].&[2.54978991],"2,54978991",11827
[DIVADM].[AREAKM].&[2.55341005],"2,55341005",13662
[DIVADM].[AREAKM].&[2.58951998],"2,58951998",17142
[DIVADM].[AREAKM].&[2.59610009],"2,59610009",18918
[DIVADM].[AREAKM].&[2.61271],"2,61271",6502
[DIVADM].[AREAKM].&[2.61557007],"2,61557007",34904
[DIVADM].[AREAKM].&[2.62258005],"2,62258005",40797
[DIVADM].[AREAKM].&[2.62664008],"2,62664008",33211
[DIVADM].[AREAKM].&[2.66764998],"2,66764998",34123
[DIVADM].[AREAKM].&[2.66931009],"2,66931009",16215
[DIVADM].[AREAKM].&[2.67075992],"2,67075992",14565
[DIVADM].[AREAKM].&[2.67196012],"2,67196012",18055
[DIVADM].[AREAKM].&[2.69028997],"2,69028997",7739
[DIVADM].[AREAKM].&[2.69621992],"2,69621992",6664
[DIVADM].[AREAKM].&[2.74324012],"2,74324012",17313
[DIVADM].[AREAKM].&[2.74593997],"2,74593997",18099
[DIVADM].[AREAKM].&[2.74698997],"2,74698997",8033
[DIVADM].[AREAKM].&[2.77372003],"2,77372003",12813
[DIVADM].[AREAKM].&[2.77978992],"2,77978992",12119
[DIVADM].[AREAKM].&[2.78611994],"2,78611994",24581
[DIVADM].[AREAKM].&[2.78873992],"2,78873992",8948
[DIVADM].[AREAKM].&[2.79041004],"2,79041004",28381
[DIVADM].[AREAKM].&[2.80012012],"2,80012012",25256
[DIVADM].[AREAKM].&[2.83962011],"2,83962011",5869
[DIVADM].[AREAKM].&[2.84824991],"2,84824991",57487
[DIVADM].[AREAKM].&[2.86120009],"2,86120009",29744
[DIVADM].[AREAKM].&[2.91588998],"2,91588998",46194
[DIVADM].[AREAKM].&[2.97115993],"2,97115993",32362
[DIVADM].[AREAKM].&[3.01719999],"3,01719999",9543
[DIVADM].[AREAKM].&[3.04262996],"3,04262996",16350
[DIVADM].[AREAKM].&[3.04579997],"3,04579997",6806
[DIVADM].[AREAKM].&[3.07044005],"3,07044005",5161
[DIVADM].[AREAKM].&[3.12245989],"3,12245989",860
[DIVADM].[AREAKM].&[3.1257],"3,1257",31853
[DIVADM].[AREAKM].&[3.13806009],"3,13806009",15277
[DIVADM].[AREAKM].&[3.14439988],"3,14439988",25693
[DIVADM].[AREAKM].&[3.16403008],"3,16403008",19067
[DIVADM].[AREAKM].&[3.1677599],"3,1677599",5152
[DIVADM].[AREAKM].&[3.18638992],"3,18638992",3762
[DIVADM].[AREAKM].&[3.20313001],"3,20313001",21017
[DIVADM].[AREAKM].&[3.20481992],"3,20481992",1413
[DIVADM].[AREAKM].&[3.23816991],"3,23816991",8759
[DIVADM].[AREAKM].&[3.2609601],"3,2609601",5852
[DIVADM].[AREAKM].&[3.27146006],"3,27146006",15399
[DIVADM].[AREAKM].&[3.27419996],"3,27419996",30806
[DIVADM].[AREAKM].&[3.27765012],"3,27765012",12249
[DIVADM].[AREAKM].&[3.29152012],"3,29152012",18832
[DIVADM].[AREAKM].&[3.29707003],"3,29707003",32784
[DIVADM].[AREAKM].&[3.32452989],"3,32452989",23455
[DIVADM].[AREAKM].&[3.32873988],"3,32873988",30081
[DIVADM].[AREAKM].&[3.36330009],"3,36330009",27294
[DIVADM].[AREAKM].&[3.3792901],"3,3792901",9728
[DIVADM].[AREAKM].&[3.40414],"3,40414",11090
[DIVADM].[AREAKM].&[3.42649007],"3,42649007",39031
[DIVADM].[AREAKM].&[3.43606997],"3,43606997",26434
[DIVADM].[AREAKM].&[3.47317004],"3,47317004",20310
[DIVADM].[AREAKM].&[3.47340012],"3,47340012",17935
[DIVADM].[AREAKM].&[3.47814012],"3,47814012",15953
[DIVADM].[AREAKM].&[3.48460007],"3,48460007",18900
[DIVADM].[AREAKM].&[3.49961996],"3,49961996",7311
[DIVADM].[AREAKM].&[3.49979997],"3,49979997",27824
[DIVADM].[AREAKM].&[3.50743008],"3,50743008",14715
[DIVADM].[AREAKM].&[3.51352],"3,51352",3291
[DIVADM].[AREAKM].&[3.53137994],"3,53137994",7360
[DIVADM].[AREAKM].&[3.55398011],"3,55398011",16602
[DIVADM].[AREAKM].&[3.56640005],"3,56640005",9842
[DIVADM].[AREAKM].&[3.58871007],"3,58871007",84635
[DIVADM].[AREAKM].&[3.62293005],"3,62293005",35739
[DIVADM].[AREAKM].&[3.63960004],"3,63960004",1863
[DIVADM].[AREAKM].&[3.68034005],"3,68034005",24956
[DIVADM].[AREAKM].&[3.68043995],"3,68043995",24532
[DIVADM].[AREAKM].&[3.68075991],"3,68075991",32343
[DIVADM].[AREAKM].&[3.71090007],"3,71090007",7778
[DIVADM].[AREAKM].&[3.7313199],"3,7313199",30837
[DIVADM].[AREAKM].&[3.73797011],"3,73797011",22790
[DIVADM].[AREAKM].&[3.74322009],"3,74322009",18429
[DIVADM].[AREAKM].&[3.78460002],"3,78460002",23169
[DIVADM].[AREAKM].&[3.81379008],"3,81379008",10743
[DIVADM].[AREAKM].&[3.86847997],"3,86847997",7471
[DIVADM].[AREAKM].&[3.92510009],"3,92510009",14001
[DIVADM].[AREAKM].&[3.92856002],"3,92856002",16429
[DIVADM].[AREAKM].&[3.95940995],"3,95940995",3676
[DIVADM].[AREAKM].&[3.96060991],"3,96060991",10809
[DIVADM].[AREAKM].&[3.9656899],"3,9656899",26299
[DIVADM].[AREAKM].&[3.96585989],"3,96585989",19198
[DIVADM].[AREAKM].&[3.99171996],"3,99171996",14905
[DIVADM].[AREAKM].&[3.99799991],"3,99799991",20497
[DIVADM].[AREAKM].&[4.07509995],"4,07509995",15563
[DIVADM].[AREAKM].&[4.08395004],"4,08395004",34037
[DIVADM].[AREAKM].&[4.12676001],"4,12676001",7354
[DIVADM].[AREAKM].&[4.18668985],"4,18668985",30694
[DIVADM].[AREAKM].&[4.28978014],"4,28978014",35499
[DIVADM].[AREAKM].&[4.34069014],"4,34069014",8347
[DIVADM].[AREAKM].&[4.35052013],"4,35052013",11340
[DIVADM].[AREAKM].&[4.46771002],"4,46771002",68813
[DIVADM].[AREAKM].&[4.48132992],"4,48132992",18589
[DIVADM].[AREAKM].&[4.48328018],"4,48328018",3132
[DIVADM].[AREAKM].&[4.48398018],"4,48398018",8317
[DIVADM].[AREAKM].&[4.5106802],"4,5106802",16604
[DIVADM].[AREAKM].&[4.51598978],"4,51598978",30777
[DIVADM].[AREAKM].&[4.54723978],"4,54723978",10761
[DIVADM].[AREAKM].&[4.55275011],"4,55275011",17692
[DIVADM].[AREAKM].&[4.6085],"4,6085",14975
[DIVADM].[AREAKM].&[4.61894989],"4,61894989",37386
[DIVADM].[AREAKM].&[4.62258005],"4,62258005",33703
[DIVADM].[AREAKM].&[4.70653009],"4,70653009",17871
[DIVADM].[AREAKM].&[4.76059008],"4,76059008",22702
[DIVADM].[AREAKM].&[4.77462006],"4,77462006",4694
[DIVADM].[AREAKM].&[4.77517986],"4,77517986",49678
[DIVADM].[AREAKM].&[4.79523993],"4,79523993",9983
[DIVADM].[AREAKM].&[4.81351995],"4,81351995",137
[DIVADM].[AREAKM].&[4.8320899],"4,8320899",7066
[DIVADM].[AREAKM].&[4.89250994],"4,89250994",39832
[DIVADM].[AREAKM].&[4.89514017],"4,89514017",42966
[DIVADM].[AREAKM].&[4.95877981],"4,95877981",5899
[DIVADM].[AREAKM].&[4.99458981],"4,99458981",66156
[DIVADM].[AREAKM].&[5.03227997],"5,03227997",26633
[DIVADM].[AREAKM].&[5.03722],"5,03722",15219
[DIVADM].[AREAKM].&[5.11562014],"5,11562014",8231
[DIVADM].[AREAKM].&[5.28289986],"5,28289986",10430
[DIVADM].[AREAKM].&[5.33611012],"5,33611012",18741
[DIVADM].[AREAKM].&[5.39643002],"5,39643002",20266
[DIVADM].[AREAKM].&[5.47002983],"5,47002983",22258
[DIVADM].[AREAKM].&[5.47099018],"5,47099018",12392
[DIVADM].[AREAKM].&[5.49935007],"5,49935007",22617
[DIVADM].[AREAKM].&[5.5187602],"5,5187602",13666
[DIVADM].[AREAKM].&[5.54165983],"5,54165983",6945
[DIVADM].[AREAKM].&[5.57763004],"5,57763004",43091
[DIVADM].[AREAKM].&[5.77202988],"5,77202988",20650
[DIVADM].[AREAKM].&[5.81476021],"5,81476021",48587
[DIVADM].[AREAKM].&[5.81617022],"5,81617022",6060
[DIVADM].[AREAKM].&[5.86057997],"5,86057997",24903
[DIVADM].[AREAKM].&[5.86800003],"5,86800003",10163
[DIVADM].[AREAKM].&[5.90286016],"5,90286016",39046
[DIVADM].[AREAKM].&[5.92445993],"5,92445993",31545
[DIVADM].[AREAKM].&[5.95998001],"5,95998001",8793
[DIVADM].[AREAKM].&[6.03592014],"6,03592014",8280
[DIVADM].[AREAKM].&[6.03759003],"6,03759003",10226
[DIVADM].[AREAKM].&[6.11118984],"6,11118984",18275
[DIVADM].[AREAKM].&[6.11465979],"6,11465979",28155
[DIVADM].[AREAKM].&[6.13992023],"6,13992023",30218
[DIVADM].[AREAKM].&[6.17235994],"6,17235994",6230
[DIVADM].[AREAKM].&[6.2093401],"6,2093401",23413
[DIVADM].[AREAKM].&[6.24817991],"6,24817991",14291
[DIVADM].[AREAKM].&[6.24948978],"6,24948978",12543
[DIVADM].[AREAKM].&[6.25480986],"6,25480986",7926
[DIVADM].[AREAKM].&[6.33300018],"6,33300018",2441
[DIVADM].[AREAKM].&[6.36257982],"6,36257982",9697
[DIVADM].[AREAKM].&[6.45254993],"6,45254993",19043
[DIVADM].[AREAKM].&[6.48078012],"6,48078012",22063
[DIVADM].[AREAKM].&[6.61004019],"6,61004019",15477
[DIVADM].[AREAKM].&[6.65945005],"6,65945005",9593
[DIVADM].[AREAKM].&[6.67114019],"6,67114019",17033
[DIVADM].[AREAKM].&[6.72855997],"6,72855997",8669
[DIVADM].[AREAKM].&[6.90445995],"6,90445995",25205
[DIVADM].[AREAKM].&[6.97683001],"6,97683001",10146
[DIVADM].[AREAKM].&[7.00232983],"7,00232983",15350
[DIVADM].[AREAKM].&[7.00589991],"7,00589991",8248
[DIVADM].[AREAKM].&[7.04762983],"7,04762983",3016
[DIVADM].[AREAKM].&[7.05354023],"7,05354023",75183
[DIVADM].[AREAKM].&[7.32337999],"7,32337999",11974
[DIVADM].[AREAKM].&[7.34187984],"7,34187984",878
[DIVADM].[AREAKM].&[7.50461006],"7,50461006",47694
[DIVADM].[AREAKM].&[7.51095009],"7,51095009",19992
[DIVADM].[AREAKM].&[7.51629019],"7,51629019",34924
[DIVADM].[AREAKM].&[7.53586006],"7,53586006",6677
[DIVADM].[AREAKM].&[7.56252003],"7,56252003",17825
[DIVADM].[AREAKM].&[7.68663979],"7,68663979",9052
[DIVADM].[AREAKM].&[7.76380014],"7,76380014",22218
[DIVADM].[AREAKM].&[7.86705017],"7,86705017",13345
[DIVADM].[AREAKM].&[7.87268019],"7,87268019",7710
[DIVADM].[AREAKM].&[7.89238024],"7,89238024",16403
[DIVADM].[AREAKM].&[8.02295971],"8,02295971",22452
[DIVADM].[AREAKM].&[8.07001019],"8,07001019",52588
[DIVADM].[AREAKM].&[8.07106972],"8,07106972",2853
[DIVADM].[AREAKM].&[8.1607399],"8,1607399",8038
[DIVADM].[AREAKM].&[8.16528988],"8,16528988",32553
[DIVADM].[AREAKM].&[8.23583984],"8,23583984",32711
[DIVADM].[AREAKM].&[8.26706982],"8,26706982",4211
[DIVADM].[AREAKM].&[8.28369999],"8,28369999",9093
[DIVADM].[AREAKM].&[8.29413033],"8,29413033",27296
[DIVADM].[AREAKM].&[8.35659981],"8,35659981",15173
[DIVADM].[AREAKM].&[8.36927986],"8,36927986",1614
[DIVADM].[AREAKM].&[8.49116993],"8,49116993",49894
[DIVADM].[AREAKM].&[8.49763966],"8,49763966",29439
[DIVADM].[AREAKM].&[8.50479031],"8,50479031",16897
[DIVADM].[AREAKM].&[8.63391018],"8,63391018",6258
[DIVADM].[AREAKM].&[8.91012955],"8,91012955",2708
[DIVADM].[AREAKM].&[8.92897034],"8,92897034",11694
[DIVADM].[AREAKM].&[9.03660011],"9,03660011",35591
[DIVADM].[AREAKM].&[9.05914021],"9,05914021",6742
[DIVADM].[AREAKM].&[9.18148041],"9,18148041",22416
[DIVADM].[AREAKM].&[9.21735954],"9,21735954",29170
[DIVADM].[AREAKM].&[9.35892963],"9,35892963",21446
[DIVADM].[AREAKM].&[9.46702003],"9,46702003",16183
[DIVADM].[AREAKM].&[9.49164009],"9,49164009",78
[DIVADM].[AREAKM].&[9.50166035],"9,50166035",6318
[DIVADM].[AREAKM].&[9.5830698],"9,5830698",24098
[DIVADM].[AREAKM].&[9.68274021],"9,68274021",1048
[DIVADM].[AREAKM].&[9.73161983],"9,73161983",14463
[DIVADM].[AREAKM].&[1.000279999E1],"10,00279999",5906
[DIVADM].[AREAKM].&[1.001589966E1],"10,01589966",17753
[DIVADM].[AREAKM].&[1.002000046E1],"10,02000046",10611
[DIVADM].[AREAKM].&[1.016720009E1],"10,16720009",16666
[DIVADM].[AREAKM].&[1.01875E1],"10,1875",8997
[DIVADM].[AREAKM].&[1.021809959E1],"10,21809959",7939
[DIVADM].[AREAKM].&[1.025559998E1],"10,25559998",133
[DIVADM].[AREAKM].&[1.025819969E1],"10,25819969",22170
[DIVADM].[AREAKM].&[1.025979996E1],"10,25979996",22915
[DIVADM].[AREAKM].&[1.028450012E1],"10,28450012",6877
[DIVADM].[AREAKM].&[1.030160046E1],"10,30160046",14292
[DIVADM].[AREAKM].&[1.032600021E1],"10,32600021",5491
[DIVADM].[AREAKM].&[1.054430008E1],"10,54430008",25767
[DIVADM].[AREAKM].&[1.058500004E1],"10,58500004",8972
[DIVADM].[AREAKM].&[1.089120007E1],"10,89120007",19746
[DIVADM].[AREAKM].&[1.103170013E1],"11,03170013",12070
[DIVADM].[AREAKM].&[1.111209965E1],"11,11209965",27063
[DIVADM].[AREAKM].&[1.111429977E1],"11,11429977",18987
[DIVADM].[AREAKM].&[1.133749962E1],"11,33749962",13915
[DIVADM].[AREAKM].&[1.134420013E1],"11,34420013",12021
[DIVADM].[AREAKM].&[1.150339985E1],"11,50339985",5355
[DIVADM].[AREAKM].&[1.167959976E1],"11,67959976",18513
[DIVADM].[AREAKM].&[1.185649967E1],"11,85649967",14234
[DIVADM].[AREAKM].&[1.192319965E1],"11,92319965",723
[DIVADM].[AREAKM].&[1.200879955E1],"12,00879955",26360
[DIVADM].[AREAKM].&[1.205389977E1],"12,05389977",2943
[DIVADM].[AREAKM].&[1.209829998E1],"12,09829998",9362
[DIVADM].[AREAKM].&[1.229129982E1],"12,29129982",25691
[DIVADM].[AREAKM].&[1.235039997E1],"12,35039997",218
[DIVADM].[AREAKM].&[1.242809963E1],"12,42809963",11872
[DIVADM].[AREAKM].&[1.260599995E1],"12,60599995",16678
[DIVADM].[AREAKM].&[1.263490009E1],"12,63490009",23906
[DIVADM].[AREAKM].&[1.265719986E1],"12,65719986",11122
[DIVADM].[AREAKM].&[1.285270023E1],"12,85270023",5601
[DIVADM].[AREAKM].&[1.305830002E1],"13,05830002",1543
[DIVADM].[AREAKM].&[1.308790016E1],"13,08790016",25896
[DIVADM].[AREAKM].&[1.318260002E1],"13,18260002",2305
[DIVADM].[AREAKM].&[1.322340012E1],"13,22340012",12330
[DIVADM].[AREAKM].&[1.337419987E1],"13,37419987",6376
[DIVADM].[AREAKM].&[1.337870026E1],"13,37870026",19151
[DIVADM].[AREAKM].&[1.339420033E1],"13,39420033",35231
[DIVADM].[AREAKM].&[1.346360016E1],"13,46360016",14932
[DIVADM].[AREAKM].&[1.348050022E1],"13,48050022",11301
[DIVADM].[AREAKM].&[1.360910034E1],"13,60910034",16357
[DIVADM].[AREAKM].&[1.38046999E1],"13,8046999",29427
[DIVADM].[AREAKM].&[1.397799969E1],"13,97799969",4957
[DIVADM].[AREAKM].&[1.402700043E1],"14,02700043",21639
[DIVADM].[AREAKM].&[1.402729988E1],"14,02729988",15221
[DIVADM].[AREAKM].&[1.405599976E1],"14,05599976",15770
[DIVADM].[AREAKM].&[1.408360004E1],"14,08360004",1009
[DIVADM].[AREAKM].&[1.411180019E1],"14,11180019",15808
[DIVADM].[AREAKM].&[1.417749977E1],"14,17749977",5912
[DIVADM].[AREAKM].&[1.418309975E1],"14,18309975",11472
[DIVADM].[AREAKM].&[1.427600002E1],"14,27600002",3784
[DIVADM].[AREAKM].&[1.44598999E1],"14,4598999",1355
[DIVADM].[AREAKM].&[1.463409996E1],"14,63409996",19683
[DIVADM].[AREAKM].&[1.46637001E1],"14,6637001",8303
[DIVADM].[AREAKM].&[1.486369991E1],"14,86369991",4668
[DIVADM].[AREAKM].&[1.520180035E1],"15,20180035",22270
[DIVADM].[AREAKM].&[1.536859989E1],"15,36859989",5403
[DIVADM].[AREAKM].&[1.585169983E1],"15,85169983",12071
[DIVADM].[AREAKM].&[1.595810032E1],"15,95810032",25908
[DIVADM].[AREAKM].&[1.608429909E1],"16,08429909",11599
[DIVADM].[AREAKM].&[1.612529945E1],"16,12529945",26509
[DIVADM].[AREAKM].&[1.627680016E1],"16,27680016",11624
[DIVADM].[AREAKM].&[1.628610039E1],"16,28610039",53159
[DIVADM].[AREAKM].&[1.630699921E1],"16,30699921",20189
[DIVADM].[AREAKM].&[1.644729996E1],"16,44729996",1918
[DIVADM].[AREAKM].&[1.657679939E1],"16,57679939",4559
[DIVADM].[AREAKM].&[1.662669945E1],"16,62669945",8830
[DIVADM].[AREAKM].&[1.665369987E1],"16,65369987",18069
[DIVADM].[AREAKM].&[1.665600014E1],"16,65600014",3140
[DIVADM].[AREAKM].&[1.697570038E1],"16,97570038",6197
[DIVADM].[AREAKM].&[1.708289909E1],"17,08289909",5992
[DIVADM].[AREAKM].&[1.735090065E1],"17,35090065",16168
[DIVADM].[AREAKM].&[1.750659943E1],"17,50659943",23186
[DIVADM].[AREAKM].&[1.755739975E1],"17,55739975",4751
[DIVADM].[AREAKM].&[1.764290047E1],"17,64290047",41927
[DIVADM].[AREAKM].&[1.800139999E1],"18,00139999",2457
[DIVADM].[AREAKM].&[1.811879921E1],"18,11879921",1829
[DIVADM].[AREAKM].&[1.839850044E1],"18,39850044",5551
[DIVADM].[AREAKM].&[1.850449944E1],"18,50449944",10280
[DIVADM].[AREAKM].&[1.850919914E1],"18,50919914",4657
[DIVADM].[AREAKM].&[1.852899933E1],"18,52899933",3016
[DIVADM].[AREAKM].&[1.85359993E1],"18,5359993",1255
[DIVADM].[AREAKM].&[1.854100037E1],"18,54100037",20980
[DIVADM].[AREAKM].&[1.868549919E1],"18,68549919",5173
[DIVADM].[AREAKM].&[1.87833004E1],"18,7833004",317
[DIVADM].[AREAKM].&[1.87935009E1],"18,7935009",12040
[DIVADM].[AREAKM].&[1.883410072E1],"18,83410072",3240
[DIVADM].[AREAKM].&[1.898520088E1],"18,98520088",33854
[DIVADM].[AREAKM].&[1.920569992E1],"19,20569992",24918
[DIVADM].[AREAKM].&[1.94993E1],"19,4993",6840
[DIVADM].[AREAKM].&[1.95230999E1],"19,5230999",10371
[DIVADM].[AREAKM].&[1.971419907E1],"19,71419907",12627
[DIVADM].[AREAKM].&[2.001549911E1],"20,01549911",10784
[DIVADM].[AREAKM].&[2.042410088E1],"20,42410088",7879
[DIVADM].[AREAKM].&[2.045120049E1],"20,45120049",2149
[DIVADM].[AREAKM].&[2.054490089E1],"20,54490089",14163
[DIVADM].[AREAKM].&[2.056489944E1],"20,56489944",1397
[DIVADM].[AREAKM].&[2.061330032E1],"20,61330032",19393
[DIVADM].[AREAKM].&[2.074880028E1],"20,74880028",168
[DIVADM].[AREAKM].&[2.081349945E1],"20,81349945",10933
[DIVADM].[AREAKM].&[2.082509995E1],"20,82509995",11467
[DIVADM].[AREAKM].&[2.088100052E1],"20,88100052",16592
[DIVADM].[AREAKM].&[2.093720055E1],"20,93720055",25091
[DIVADM].[AREAKM].&[2.111429977E1],"21,11429977",11713
[DIVADM].[AREAKM].&[2.115690041E1],"21,15690041",9118
[DIVADM].[AREAKM].&[2.117110062E1],"21,17110062",208
[DIVADM].[AREAKM].&[2.123189926E1],"21,23189926",763
[DIVADM].[AREAKM].&[2.123929977E1],"21,23929977",2472
[DIVADM].[AREAKM].&[2.124090004E1],"21,24090004",407
[DIVADM].[AREAKM].&[2.130509949E1],"21,30509949",14360
[DIVADM].[AREAKM].&[2.138739967E1],"21,38739967",7145
[DIVADM].[AREAKM].&[2.154400063E1],"21,54400063",28447
[DIVADM].[AREAKM].&[2.161660004E1],"21,61660004",11752
[DIVADM].[AREAKM].&[2.166679955E1],"21,66679955",14724
[DIVADM].[AREAKM].&[2.167650032E1],"21,67650032",14427
[DIVADM].[AREAKM].&[2.187400055E1],"21,87400055",23020
[DIVADM].[AREAKM].&[2.192230034E1],"21,92230034",17487
[DIVADM].[AREAKM].&[2.240550041E1],"22,40550041",8360
[DIVADM].[AREAKM].&[2.242029953E1],"22,42029953",6494
[DIVADM].[AREAKM].&[2.246800041E1],"22,46800041",871
[DIVADM].[AREAKM].&[2.24762001E1],"22,4762001",27787
[DIVADM].[AREAKM].&[2.254030037E1],"22,54030037",26315
[DIVADM].[AREAKM].&[2.317930031E1],"23,17930031",13832
[DIVADM].[AREAKM].&[2.336260033E1],"23,36260033",4084
[DIVADM].[AREAKM].&[2.361090088E1],"23,61090088",13413
[DIVADM].[AREAKM].&[2.388509941E1],"23,88509941",14707
[DIVADM].[AREAKM].&[2.395770073E1],"23,95770073",16363
[DIVADM].[AREAKM].&[2.396039963E1],"23,96039963",18135
[DIVADM].[AREAKM].&[2.403149986E1],"24,03149986",1817
[DIVADM].[AREAKM].&[2.406699944E1],"24,06699944",4501
[DIVADM].[AREAKM].&[2.422389984E1],"24,22389984",356
[DIVADM].[AREAKM].&[2.432110023E1],"24,32110023",29484
[DIVADM].[AREAKM].&[2.438660049E1],"24,38660049",1649
[DIVADM].[AREAKM].&[2.440299988E1],"24,40299988",2049
[DIVADM].[AREAKM].&[2.474869919E1],"24,74869919",664
[DIVADM].[AREAKM].&[2.477319908E1],"24,77319908",15417
[DIVADM].[AREAKM].&[2.478079987E1],"24,78079987",9640
[DIVADM].[AREAKM].&[2.478569984E1],"24,78569984",4940
[DIVADM].[AREAKM].&[2.511450005E1],"25,11450005",22639
[DIVADM].[AREAKM].&[2.533729935E1],"25,33729935",13496
[DIVADM].[AREAKM].&[2.538299942E1],"25,38299942",13723
[DIVADM].[AREAKM].&[2.551189995E1],"25,51189995",17302
[DIVADM].[AREAKM].&[2.568000031E1],"25,68000031",11571
[DIVADM].[AREAKM].&[2.57689991E1],"25,7689991",74
[DIVADM].[AREAKM].&[2.586050034E1],"25,86050034",3503
[DIVADM].[AREAKM].&[2.607180023E1],"26,07180023",464
[DIVADM].[AREAKM].&[2.623060036E1],"26,23060036",9031
[DIVADM].[AREAKM].&[2.630800056E1],"26,30800056",589
[DIVADM].[AREAKM].&[2.631279945E1],"26,31279945",7934
[DIVADM].[AREAKM].&[2.655500031E1],"26,55500031",6931
[DIVADM].[AREAKM].&[2.667740059E1],"26,67740059",17766
[DIVADM].[AREAKM].&[2.688170052E1],"26,88170052",17872
[DIVADM].[AREAKM].&[2.688599968E1],"26,88599968",23002
[DIVADM].[AREAKM].&[2.695599937E1],"26,95599937",8100
[DIVADM].[AREAKM].&[2.708040047E1],"27,08040047",7873
[DIVADM].[AREAKM].&[2.723559952E1],"27,23559952",8666
[DIVADM].[AREAKM].&[2.756999969E1],"27,56999969",17083
[DIVADM].[AREAKM].&[2.770240021E1],"27,70240021",20591
[DIVADM].[AREAKM].&[2.785070038E1],"27,85070038",13711
[DIVADM].[AREAKM].&[2.810619926E1],"28,10619926",21622
[DIVADM].[AREAKM].&[2.835440063E1],"28,35440063",15440
[DIVADM].[AREAKM].&[2.864030075E1],"28,64030075",370
[DIVADM].[AREAKM].&[2.881340027E1],"28,81340027",2197
[DIVADM].[AREAKM].&[2.897830009E1],"28,97830009",11378
[DIVADM].[AREAKM].&[2.904290009E1],"29,04290009",28007
[DIVADM].[AREAKM].&[2.92758007E1],"29,2758007",15543
[DIVADM].[AREAKM].&[2.943580055E1],"29,43580055",8145
[DIVADM].[AREAKM].&[2.959620094E1],"29,59620094",42404
[DIVADM].[AREAKM].&[2.983539963E1],"29,83539963",4711
[DIVADM].[AREAKM].&[2.997489929E1],"29,97489929",2466
[DIVADM].[AREAKM].&[2.999510002E1],"29,99510002",4333
[DIVADM].[AREAKM].&[3.023150063E1],"30,23150063",20675
[DIVADM].[AREAKM].&[3.042320061E1],"30,42320061",9280
[DIVADM].[AREAKM].&[3.063319969E1],"30,63319969",6336
[DIVADM].[AREAKM].&[3.085759926E1],"30,85759926",448
[DIVADM].[AREAKM].&[3.126580048E1],"31,26580048",6954
[DIVADM].[AREAKM].&[3.145630074E1],"31,45630074",31001
[DIVADM].[AREAKM].&[3.152809906E1],"31,52809906",87
[DIVADM].[AREAKM].&[3.157570076E1],"31,57570076",44129
[DIVADM].[AREAKM].&[3.163470078E1],"31,63470078",12209
[DIVADM].[AREAKM].&[3.172739983E1],"31,72739983",24450
[DIVADM].[AREAKM].&[3.181529999E1],"31,81529999",21948
[DIVADM].[AREAKM].&[3.197400093E1],"31,97400093",8043
[DIVADM].[AREAKM].&[3.198380089E1],"31,98380089",7529
[DIVADM].[AREAKM].&[3.199469948E1],"31,99469948",19468
[DIVADM].[AREAKM].&[3.209180069E1],"32,09180069",15123
[DIVADM].[AREAKM].&[3.215100098E1],"32,15100098",1544
[DIVADM].[AREAKM].&[3.227870178E1],"32,27870178",4299
[DIVADM].[AREAKM].&[3.278210068E1],"32,78210068",1162
[DIVADM].[AREAKM].&[3.387080002E1],"33,87080002",39816
[DIVADM].[AREAKM].&[3.403160095E1],"34,03160095",2766
[DIVADM].[AREAKM].&[3.427529907E1],"34,27529907",10461
[DIVADM].[AREAKM].&[3.435680008E1],"34,35680008",6374
[DIVADM].[AREAKM].&[3.445449829E1],"34,45449829",25725
[DIVADM].[AREAKM].&[3.463169861E1],"34,63169861",7931
[DIVADM].[AREAKM].&[3.47961998E1],"34,7961998",640
[DIVADM].[AREAKM].&[3.497679901E1],"34,97679901",2474
[DIVADM].[AREAKM].&[3.503160095E1],"35,03160095",18188
[DIVADM].[AREAKM].&[3.543909836E1],"35,43909836",21760
[DIVADM].[AREAKM].&[3.595000076E1],"35,95000076",6310
[DIVADM].[AREAKM].&[3.62594986E1],"36,2594986",6001
[DIVADM].[AREAKM].&[3.635409927E1],"36,35409927",8528
[DIVADM].[AREAKM].&[3.648419952E1],"36,48419952",3780
[DIVADM].[AREAKM].&[3.654700089E1],"36,54700089",1150
[DIVADM].[AREAKM].&[3.655310059E1],"36,55310059",6811
[DIVADM].[AREAKM].&[3.669319916E1],"36,69319916",5567
[DIVADM].[AREAKM].&[3.707979965E1],"37,07979965",28120
[DIVADM].[AREAKM].&[3.719309998E1],"37,19309998",24411
[DIVADM].[AREAKM].&[3.731869888E1],"37,31869888",24518
[DIVADM].[AREAKM].&[3.743159866E1],"37,43159866",2764
[DIVADM].[AREAKM].&[3.746099854E1],"37,46099854",3796
[DIVADM].[AREAKM].&[3.756719971E1],"37,56719971",12601
[DIVADM].[AREAKM].&[3.766889954E1],"37,66889954",9087
[DIVADM].[AREAKM].&[3.790409851E1],"37,90409851",1763
[DIVADM].[AREAKM].&[3.833599854E1],"38,33599854",2464
[DIVADM].[AREAKM].&[3.833819962E1],"38,33819962",2154
[DIVADM].[AREAKM].&[3.836090088E1],"38,36090088",21594
[DIVADM].[AREAKM].&[3.836349869E1],"38,36349869",18245
[DIVADM].[AREAKM].&[3.966210175E1],"39,66210175",4165
[DIVADM].[AREAKM].&[3.987879944E1],"39,87879944",7169
[DIVADM].[AREAKM].&[4.000859833E1],"40,00859833",1903
[DIVADM].[AREAKM].&[4.002500153E1],"40,02500153",4800
[DIVADM].[AREAKM].&[4.027109909E1],"40,27109909",14101
[DIVADM].[AREAKM].&[4.046549988E1],"40,46549988",23277
[DIVADM].[AREAKM].&[4.072629929E1],"40,72629929",3749
[DIVADM].[AREAKM].&[4.09679985E1],"40,9679985",9699
[DIVADM].[AREAKM].&[4.109230042E1],"41,09230042",3612
[DIVADM].[AREAKM].&[4.13003006E1],"41,3003006",7585
[DIVADM].[AREAKM].&[4.133720016E1],"41,33720016",973
[DIVADM].[AREAKM].&[4.134859848E1],"41,34859848",30569
[DIVADM].[AREAKM].&[4.160329819E1],"41,60329819",12545
[DIVADM].[AREAKM].&[4.211180115E1],"42,11180115",2497
[DIVADM].[AREAKM].&[4.213629913E1],"42,13629913",381
[DIVADM].[AREAKM].&[4.224060059E1],"42,24060059",23466
[DIVADM].[AREAKM].&[4.227930069E1],"42,27930069",7682
[DIVADM].[AREAKM].&[4.254959869E1],"42,54959869",20047
[DIVADM].[AREAKM].&[4.287969971E1],"42,87969971",4511
[DIVADM].[AREAKM].&[4.304859924E1],"43,04859924",4210
[DIVADM].[AREAKM].&[4.312519836E1],"43,12519836",349
[DIVADM].[AREAKM].&[4.316120148E1],"43,16120148",8823
[DIVADM].[AREAKM].&[4.323759842E1],"43,23759842",6242
[DIVADM].[AREAKM].&[4.327170181E1],"43,27170181",22131
[DIVADM].[AREAKM].&[4.33268013E1],"43,3268013",897
[DIVADM].[AREAKM].&[4.333380127E1],"43,33380127",10251
[DIVADM].[AREAKM].&[4.407569885E1],"44,07569885",45036
[DIVADM].[AREAKM].&[4.415530014E1],"44,15530014",491
[DIVADM].[AREAKM].&[4.429339981E1],"44,29339981",2204
[DIVADM].[AREAKM].&[4.439089966E1],"44,39089966",4984
[DIVADM].[AREAKM].&[4.446419907E1],"44,46419907",5448
[DIVADM].[AREAKM].&[4.456269836E1],"44,56269836",33983
[DIVADM].[AREAKM].&[4.531700134E1],"45,31700134",60
[DIVADM].[AREAKM].&[4.562979889E1],"45,62979889",5295
[DIVADM].[AREAKM].&[4.583739853E1],"45,83739853",7295
[DIVADM].[AREAKM].&[4.584960175E1],"45,84960175",3431
[DIVADM].[AREAKM].&[4.593830109E1],"45,93830109",9473
[DIVADM].[AREAKM].&[4.611899948E1],"46,11899948",21188
[DIVADM].[AREAKM].&[4.638019943E1],"46,38019943",798
[DIVADM].[AREAKM].&[4.698550034E1],"46,98550034",5327
[DIVADM].[AREAKM].&[4.699129868E1],"46,99129868",17508
[DIVADM].[AREAKM].&[4.714149857E1],"47,14149857",1227
[DIVADM].[AREAKM].&[4.739599991E1],"47,39599991",3246
[DIVADM].[AREAKM].&[4.760540009E1],"47,60540009",2818
[DIVADM].[AREAKM].&[4.771360016E1],"47,71360016",14023
[DIVADM].[AREAKM].&[4.774689865E1],"47,74689865",82432
[DIVADM].[AREAKM].&[4.79720993E1],"47,9720993",13956
[DIVADM].[AREAKM].&[4.811109924E1],"48,11109924",7648
[DIVADM].[AREAKM].&[4.817039871E1],"48,17039871",2264
[DIVADM].[AREAKM].&[4.829600143E1],"48,29600143",1832
[DIVADM].[AREAKM].&[4.865940094E1],"48,65940094",9387
[DIVADM].[AREAKM].&[4.907229996E1],"49,07229996",30792
[DIVADM].[AREAKM].&[4.928239822E1],"49,28239822",35035
[DIVADM].[AREAKM].&[4.928300095E1],"49,28300095",3532
[DIVADM].[AREAKM].&[4.957339859E1],"49,57339859",33153
[DIVADM].[AREAKM].&[4.957559967E1],"49,57559967",4573
[DIVADM].[AREAKM].&[4.977249908E1],"49,77249908",5071
[DIVADM].[AREAKM].&[4.980469894E1],"49,80469894",3212
[DIVADM].[AREAKM].&[4.988069916E1],"49,88069916",617
[DIVADM].[AREAKM].&[4.990129852E1],"49,90129852",2003
[DIVADM].[AREAKM].&[5.006959915E1],"50,06959915",468
[DIVADM].[AREAKM].&[5.015670013E1],"50,15670013",9983
[DIVADM].[AREAKM].&[5.060580063E1],"50,60580063",7919
[DIVADM].[AREAKM].&[5.126380157E1],"51,26380157",368
[DIVADM].[AREAKM].&[5.134540176E1],"51,34540176",14236
[DIVADM].[AREAKM].&[5.147869873E1],"51,47869873",12913
[DIVADM].[AREAKM].&[5.149119949E1],"51,49119949",220
[DIVADM].[AREAKM].&[5.154349899E1],"51,54349899",11148
[DIVADM].[AREAKM].&[5.160219955E1],"51,60219955",889
[DIVADM].[AREAKM].&[5.189770126E1],"51,89770126",19469
[DIVADM].[AREAKM].&[5.201689911E1],"52,01689911",22970
[DIVADM].[AREAKM].&[5.209059906E1],"52,09059906",1411
[DIVADM].[AREAKM].&[5.21678009E1],"52,1678009",5243
[DIVADM].[AREAKM].&[5.22154007E1],"52,2154007",14833
[DIVADM].[AREAKM].&[5.238940048E1],"52,38940048",7023
[DIVADM].[AREAKM].&[5.256990051E1],"52,56990051",20018
[DIVADM].[AREAKM].&[5.265879822E1],"52,65879822",15845
[DIVADM].[AREAKM].&[5.30135994E1],"53,0135994",30306
[DIVADM].[AREAKM].&[5.32071991E1],"53,2071991",14054
[DIVADM].[AREAKM].&[5.356219864E1],"53,56219864",4979
[DIVADM].[AREAKM].&[5.391659927E1],"53,91659927",6664
[DIVADM].[AREAKM].&[5.42458992E1],"54,2458992",3227
[DIVADM].[AREAKM].&[5.454779816E1],"54,54779816",12142
[DIVADM].[AREAKM].&[5.483810043E1],"54,83810043",17352
[DIVADM].[AREAKM].&[5.485960007E1],"54,85960007",5862
[DIVADM].[AREAKM].&[5.510070038E1],"55,10070038",508
[DIVADM].[AREAKM].&[5.529719925E1],"55,29719925",323
[DIVADM].[AREAKM].&[5.545629883E1],"55,45629883",1424
[DIVADM].[AREAKM].&[5.574459839E1],"55,74459839",764
[DIVADM].[AREAKM].&[5.578960037E1],"55,78960037",19134
[DIVADM].[AREAKM].&[5.702709961E1],"57,02709961",14069
[DIVADM].[AREAKM].&[5.707429886E1],"57,07429886",6149
[DIVADM].[AREAKM].&[5.710860062E1],"57,10860062",457
[DIVADM].[AREAKM].&[5.76753006E1],"57,6753006",15092
[DIVADM].[AREAKM].&[5.777429962E1],"57,77429962",34747
[DIVADM].[AREAKM].&[5.793859863E1],"57,93859863",2244
[DIVADM].[AREAKM].&[5.802719879E1],"58,02719879",15219
[DIVADM].[AREAKM].&[5.815520096E1],"58,15520096",2259
[DIVADM].[AREAKM].&[5.857130051E1],"58,57130051",118
[DIVADM].[AREAKM].&[5.858349991E1],"58,58349991",2817
[DIVADM].[AREAKM].&[5.894150162E1],"58,94150162",7384
[DIVADM].[AREAKM].&[5.898139954E1],"58,98139954",12283
[DIVADM].[AREAKM].&[5.913059998E1],"59,13059998",12660
[DIVADM].[AREAKM].&[5.934970093E1],"59,34970093",4818
[DIVADM].[AREAKM].&[5.937760162E1],"59,37760162",1624
[DIVADM].[AREAKM].&[5.942950058E1],"59,42950058",15648
[DIVADM].[AREAKM].&[5.969440079E1],"59,69440079",17396
[DIVADM].[AREAKM].&[5.976390076E1],"59,76390076",489
[DIVADM].[AREAKM].&[6.05102005E1],"60,5102005",25660
[DIVADM].[AREAKM].&[6.055849838E1],"60,55849838",2687
[DIVADM].[AREAKM].&[6.05705986E1],"60,5705986",3726
[DIVADM].[AREAKM].&[6.066830063E1],"60,66830063",4159
[DIVADM].[AREAKM].&[6.067739868E1],"60,67739868",7672
[DIVADM].[AREAKM].&[6.076710129E1],"60,76710129",809
[DIVADM].[AREAKM].&[6.078340149E1],"60,78340149",2092
[DIVADM].[AREAKM].&[6.126169968E1],"61,26169968",19030
[DIVADM].[AREAKM].&[6.128099823E1],"61,28099823",7629
[DIVADM].[AREAKM].&[6.159009933E1],"61,59009933",1306
[DIVADM].[AREAKM].&[6.207220078E1],"62,07220078",587
[DIVADM].[AREAKM].&[6.258720016E1],"62,58720016",13443
[DIVADM].[AREAKM].&[6.269029999E1],"62,69029999",14763
[DIVADM].[AREAKM].&[6.30163002E1],"63,0163002",998
[DIVADM].[AREAKM].&[6.303099823E1],"63,03099823",25387
[DIVADM].[AREAKM].&[6.319480133E1],"63,19480133",5264
[DIVADM].[AREAKM].&[6.335110092E1],"63,35110092",31280
[DIVADM].[AREAKM].&[6.337139893E1],"63,37139893",9730
[DIVADM].[AREAKM].&[6.357220078E1],"63,57220078",475
[DIVADM].[AREAKM].&[6.359799957E1],"63,59799957",4141
[DIVADM].[AREAKM].&[6.38404007E1],"63,8404007",5083
[DIVADM].[AREAKM].&[6.406469727E1],"64,06469727",7397
[DIVADM].[AREAKM].&[6.433840179E1],"64,33840179",8824
[DIVADM].[AREAKM].&[6.449729919E1],"64,49729919",752
[DIVADM].[AREAKM].&[6.522509766E1],"65,22509766",10031
[DIVADM].[AREAKM].&[6.532679749E1],"65,32679749",1503
[DIVADM].[AREAKM].&[6.589980316E1],"65,89980316",5569
[DIVADM].[AREAKM].&[6.622859955E1],"66,22859955",15567
[DIVADM].[AREAKM].&[6.62507019E1],"66,2507019",4158
[DIVADM].[AREAKM].&[6.685569763E1],"66,85569763",22121
[DIVADM].[AREAKM].&[6.695269775E1],"66,95269775",17405
[DIVADM].[AREAKM].&[6.714830017E1],"67,14830017",1860
[DIVADM].[AREAKM].&[6.720410156E1],"67,20410156",7010
[DIVADM].[AREAKM].&[6.734020233E1],"67,34020233",7841
[DIVADM].[AREAKM].&[6.738629913E1],"67,38629913",15953
[DIVADM].[AREAKM].&[6.776809692E1],"67,76809692",4715
[DIVADM].[AREAKM].&[6.784919739E1],"67,84919739",839
[DIVADM].[AREAKM].&[6.785890198E1],"67,85890198",1120
[DIVADM].[AREAKM].&[6.833480072E1],"68,33480072",5203
[DIVADM].[AREAKM].&[6.905319977E1],"69,05319977",6440
[DIVADM].[AREAKM].&[6.91875E1],"69,1875",8955
[DIVADM].[AREAKM].&[6.923079681E1],"69,23079681",393
[DIVADM].[AREAKM].&[6.942649841E1],"69,42649841",2648
[DIVADM].[AREAKM].&[6.989880371E1],"69,89880371",307
[DIVADM].[AREAKM].&[7.001869965E1],"70,01869965",9309
[DIVADM].[AREAKM].&[7.003700256E1],"70,03700256",5606
[DIVADM].[AREAKM].&[7.030269623E1],"70,30269623",5351
[DIVADM].[AREAKM].&[7.049539948E1],"70,49539948",4427
[DIVADM].[AREAKM].&[7.077819824E1],"70,77819824",1771
[DIVADM].[AREAKM].&[7.081829834E1],"70,81829834",2673
[DIVADM].[AREAKM].&[7.086389923E1],"70,86389923",4251
[DIVADM].[AREAKM].&[7.137650299E1],"71,37650299",8068
[DIVADM].[AREAKM].&[7.165619659E1],"71,65619659",573
[DIVADM].[AREAKM].&[7.178600311E1],"71,78600311",10631
[DIVADM].[AREAKM].&[7.180349731E1],"71,80349731",8518
[DIVADM].[AREAKM].&[7.206459808E1],"72,06459808",22764
[DIVADM].[AREAKM].&[7.230519867E1],"72,30519867",1846
[DIVADM].[AREAKM].&[7.235970306E1],"72,35970306",2048
[DIVADM].[AREAKM].&[7.285109711E1],"72,85109711",3256
[DIVADM].[AREAKM].&[7.321530151E1],"73,21530151",283
[DIVADM].[AREAKM].&[7.337840271E1],"73,37840271",57596
[DIVADM].[AREAKM].&[7.355960083E1],"73,55960083",446
[DIVADM].[AREAKM].&[7.362619781E1],"73,62619781",48575
[DIVADM].[AREAKM].&[7.395189667E1],"73,95189667",9601
[DIVADM].[AREAKM].&[7.404910278E1],"74,04910278",7401
[DIVADM].[AREAKM].&[7.40891037E1],"74,0891037",2451
[DIVADM].[AREAKM].&[7.41391983E1],"74,1391983",9403
[DIVADM].[AREAKM].&[7.422599792E1],"74,22599792",22073
[DIVADM].[AREAKM].&[7.459220123E1],"74,59220123",1346
[DIVADM].[AREAKM].&[7.466560364E1],"74,66560364",450
[DIVADM].[AREAKM].&[7.487210083E1],"74,87210083",12106
[DIVADM].[AREAKM].&[7.520629883E1],"75,20629883",18128
[DIVADM].[AREAKM].&[7.526920319E1],"75,26920319",28554
[DIVADM].[AREAKM].&[7.527749634E1],"75,27749634",15018
[DIVADM].[AREAKM].&[7.597399902E1],"75,97399902",1006
[DIVADM].[AREAKM].&[7.604940033E1],"76,04940033",6777
[DIVADM].[AREAKM].&[7.61190033E1],"76,1190033",266
[DIVADM].[AREAKM].&[7.614679718E1],"76,14679718",10515
[DIVADM].[AREAKM].&[7.621379852E1],"76,21379852",8430
[DIVADM].[AREAKM].&[7.632879639E1],"76,32879639",72792
[DIVADM].[AREAKM].&[7.647550201E1],"76,47550201",16457
[DIVADM].[AREAKM].&[7.651940155E1],"76,51940155",482
[DIVADM].[AREAKM].&[7.654340363E1],"76,54340363",10650
[DIVADM].[AREAKM].&[7.679029846E1],"76,79029846",3381
[DIVADM].[AREAKM].&[7.695880127E1],"76,95880127",8827
[DIVADM].[AREAKM].&[7.716300201E1],"77,16300201",2411
[DIVADM].[AREAKM].&[7.727189636E1],"77,27189636",4002
[DIVADM].[AREAKM].&[7.735890198E1],"77,35890198",3170
[DIVADM].[AREAKM].&[7.7396698E1],"77,396698",7820
[DIVADM].[AREAKM].&[7.741960144E1],"77,41960144",4678
[DIVADM].[AREAKM].&[7.750550079E1],"77,50550079",3611
[DIVADM].[AREAKM].&[7.770449829E1],"77,70449829",2658
[DIVADM].[AREAKM].&[7.857589722E1],"78,57589722",2236
[DIVADM].[AREAKM].&[7.887290192E1],"78,87290192",4357
[DIVADM].[AREAKM].&[7.948989868E1],"79,48989868",9791
[DIVADM].[AREAKM].&[7.953150177E1],"79,53150177",2286
[DIVADM].[AREAKM].&[7.970690155E1],"79,70690155",1991
[DIVADM].[AREAKM].&[7.990630341E1],"79,90630341",440
[DIVADM].[AREAKM].&[7.991470337E1],"79,91470337",4008
[DIVADM].[AREAKM].&[8.019599915E1],"80,19599915",11168
[DIVADM].[AREAKM].&[8.07141037E1],"80,7141037",951
[DIVADM].[AREAKM].&[8.11548996E1],"81,1548996",2045
[DIVADM].[AREAKM].&[8.1207901E1],"81,207901",3301
[DIVADM].[AREAKM].&[8.154689789E1],"81,54689789",11951
[DIVADM].[AREAKM].&[8.156390381E1],"81,56390381",1284
[DIVADM].[AREAKM].&[8.214749908E1],"82,14749908",8676
[DIVADM].[AREAKM].&[8.230940247E1],"82,30940247",23464
[DIVADM].[AREAKM].&[8.234799957E1],"82,34799957",526
[DIVADM].[AREAKM].&[8.238619995E1],"82,38619995",3948
[DIVADM].[AREAKM].&[8.252950287E1],"82,52950287",7138
[DIVADM].[AREAKM].&[8.259739685E1],"82,59739685",474
[DIVADM].[AREAKM].&[8.2813797E1],"82,813797",6126
[DIVADM].[AREAKM].&[8.312210083E1],"83,12210083",2684
[DIVADM].[AREAKM].&[8.40522995E1],"84,0522995",20849
[DIVADM].[AREAKM].&[8.435320282E1],"84,35320282",498
[DIVADM].[AREAKM].&[8.437129974E1],"84,37129974",929
[DIVADM].[AREAKM].&[8.478579712E1],"84,78579712",17438
[DIVADM].[AREAKM].&[8.486139679E1],"84,86139679",45
[DIVADM].[AREAKM].&[8.489640045E1],"84,89640045",4485
[DIVADM].[AREAKM].&[8.52928009E1],"85,2928009",8293
[DIVADM].[AREAKM].&[8.545539856E1],"85,45539856",2393
[DIVADM].[AREAKM].&[8.548789978E1],"85,48789978",4589
[DIVADM].[AREAKM].&[8.556809998E1],"85,56809998",1067
[DIVADM].[AREAKM].&[8.557309723E1],"85,57309723",3006
[DIVADM].[AREAKM].&[8.585079956E1],"85,85079956",8137
[DIVADM].[AREAKM].&[8.659420013E1],"86,59420013",3688
[DIVADM].[AREAKM].&[8.676129913E1],"86,76129913",1025
[DIVADM].[AREAKM].&[8.708950043E1],"87,08950043",27801
[DIVADM].[AREAKM].&[8.713259888E1],"87,13259888",9799
[DIVADM].[AREAKM].&[8.729889679E1],"87,29889679",26024
[DIVADM].[AREAKM].&[8.776809692E1],"87,76809692",6355
[DIVADM].[AREAKM].&[8.80318985E1],"88,0318985",12368
[DIVADM].[AREAKM].&[8.813480377E1],"88,13480377",5913
[DIVADM].[AREAKM].&[8.820749664E1],"88,20749664",5128
[DIVADM].[AREAKM].&[8.839309692E1],"88,39309692",3700
[DIVADM].[AREAKM].&[8.859889984E1],"88,59889984",21304
[DIVADM].[AREAKM].&[8.880090332E1],"88,80090332",6504
[DIVADM].[AREAKM].&[8.894129944E1],"88,94129944",15421
[DIVADM].[AREAKM].&[8.965699768E1],"89,65699768",7579
[DIVADM].[AREAKM].&[9.001139832E1],"90,01139832",9259
[DIVADM].[AREAKM].&[9.043730164E1],"90,43730164",16463
[DIVADM].[AREAKM].&[9.093769836E1],"90,93769836",266
[DIVADM].[AREAKM].&[9.11446991E1],"91,1446991",881
[DIVADM].[AREAKM].&[9.14910965E1],"91,4910965",14419
[DIVADM].[AREAKM].&[9.192919922E1],"91,92919922",15704
[DIVADM].[AREAKM].&[9.237220001E1],"92,37220001",290
[DIVADM].[AREAKM].&[9.261260223E1],"92,61260223",3227
[DIVADM].[AREAKM].&[9.315480042E1],"93,15480042",22082
[DIVADM].[AREAKM].&[9.334390259E1],"93,34390259",462
[DIVADM].[AREAKM].&[9.372100067E1],"93,72100067",606
[DIVADM].[AREAKM].&[9.387550354E1],"93,87550354",107
[DIVADM].[AREAKM].&[9.401239777E1],"94,01239777",828
[DIVADM].[AREAKM].&[9.414109802E1],"94,14109802",7358
[DIVADM].[AREAKM].&[9.425469971E1],"94,25469971",13321
[DIVADM].[AREAKM].&[9.426679993E1],"94,26679993",10821
[DIVADM].[AREAKM].&[9.430670166E1],"94,30670166",1200
[DIVADM].[AREAKM].&[9.449780273E1],"94,49780273",2523
[DIVADM].[AREAKM].&[9.450160217E1],"94,50160217",25210
[DIVADM].[AREAKM].&[9.485590363E1],"94,85590363",675
[DIVADM].[AREAKM].&[9.532920074E1],"95,32920074",11402
[DIVADM].[AREAKM].&[9.627899933E1],"96,27899933",22027
[DIVADM].[AREAKM].&[9.68859024E1],"96,8859024",1047
[DIVADM].[AREAKM].&[9.690119934E1],"96,90119934",24778
[DIVADM].[AREAKM].&[9.698789978E1],"96,98789978",21885
[DIVADM].[AREAKM].&[9.719059753E1],"97,19059753",441
[DIVADM].[AREAKM].&[9.741010284E1],"97,41010284",2402
[DIVADM].[AREAKM].&[9.763990021E1],"97,63990021",2838
[DIVADM].[AREAKM].&[9.791230011E1],"97,91230011",5820
[DIVADM].[AREAKM].&[9.816760254E1],"98,16760254",12877
[DIVADM].[AREAKM].&[9.829740143E1],"98,29740143",641
[DIVADM].[AREAKM].&[9.839179993E1],"98,39179993",1669
[DIVADM].[AREAKM].&[9.841850281E1],"98,41850281",18254
[DIVADM].[AREAKM].&[9.861769867E1],"98,61769867",9216
[DIVADM].[AREAKM].&[9.865789795E1],"98,65789795",374
[DIVADM].[AREAKM].&[9.886990356E1],"98,86990356",9598
[DIVADM].[AREAKM].&[9.952780151E1],"99,52780151",3016
[DIVADM].[AREAKM].&[1.0102200317E2],"101,02200317",1211
[DIVADM].[AREAKM].&[1.0111000061E2],"101,11000061",2189
[DIVADM].[AREAKM].&[1.0134500122E2],"101,34500122",6471
[DIVADM].[AREAKM].&[1.0170999908E2],"101,70999908",11591
[DIVADM].[AREAKM].&[1.0174700165E2],"101,74700165",1186
[DIVADM].[AREAKM].&[1.0183399963E2],"101,83399963",41188
[DIVADM].[AREAKM].&[1.0193199921E2],"101,93199921",599
[DIVADM].[AREAKM].&[1.0193800354E2],"101,93800354",326
[DIVADM].[AREAKM].&[1.0211000061E2],"102,11000061",9156
[DIVADM].[AREAKM].&[1.0213600159E2],"102,13600159",977
[DIVADM].[AREAKM].&[1.021969986E2],"102,1969986",17780
[DIVADM].[AREAKM].&[1.025530014E2],"102,5530014",49
[DIVADM].[AREAKM].&[1.0282099915E2],"102,82099915",547
[DIVADM].[AREAKM].&[1.0295600128E2],"102,95600128",4333
[DIVADM].[AREAKM].&[1.0306400299E2],"103,06400299",9522
[DIVADM].[AREAKM].&[1.0308300018E2],"103,08300018",1673
[DIVADM].[AREAKM].&[1.0308399963E2],"103,08399963",827
[DIVADM].[AREAKM].&[1.0331800079E2],"103,31800079",1261
[DIVADM].[AREAKM].&[1.0443599701E2],"104,43599701",10672
[DIVADM].[AREAKM].&[1.0446299744E2],"104,46299744",3468
[DIVADM].[AREAKM].&[1.0499199677E2],"104,99199677",2658
[DIVADM].[AREAKM].&[1.052009964E2],"105,2009964",7239
[DIVADM].[AREAKM].&[1.065739975E2],"106,5739975",587
[DIVADM].[AREAKM].&[1.0669799805E2],"106,69799805",301
[DIVADM].[AREAKM].&[1.0705200195E2],"107,05200195",1278
[DIVADM].[AREAKM].&[1.0710199738E2],"107,10199738",2439
[DIVADM].[AREAKM].&[1.0723699951E2],"107,23699951",3503
[DIVADM].[AREAKM].&[1.0742099762E2],"107,42099762",6241
[DIVADM].[AREAKM].&[1.0835399628E2],"108,35399628",387
[DIVADM].[AREAKM].&[1.0868599701E2],"108,68599701",7128
[DIVADM].[AREAKM].&[1.0939399719E2],"109,39399719",1991
[DIVADM].[AREAKM].&[1.0985800171E2],"109,85800171",14428
[DIVADM].[AREAKM].&[1.0998200226E2],"109,98200226",627
[DIVADM].[AREAKM].&[1.1012999725E2],"110,12999725",1667
[DIVADM].[AREAKM].&[1.1038700104E2],"110,38700104",5176
[DIVADM].[AREAKM].&[1.1067500305E2],"110,67500305",6228
[DIVADM].[AREAKM].&[1.1133599854E2],"111,33599854",2785
[DIVADM].[AREAKM].&[1.1202500153E2],"112,02500153",4812
[DIVADM].[AREAKM].&[1.1220600128E2],"112,20600128",8309
[DIVADM].[AREAKM].&[1.1313400269E2],"113,13400269",1134
[DIVADM].[AREAKM].&[1.1314900208E2],"113,14900208",5301
[DIVADM].[AREAKM].&[1.1315000153E2],"113,15000153",473
[DIVADM].[AREAKM].&[1.143730011E2],"114,3730011",1044
[DIVADM].[AREAKM].&[1.1455599976E2],"114,55599976",2249
[DIVADM].[AREAKM].&[1.1479399872E2],"114,79399872",1227
[DIVADM].[AREAKM].&[1.1586799622E2],"115,86799622",10923
[DIVADM].[AREAKM].&[1.1591699982E2],"115,91699982",178
[DIVADM].[AREAKM].&[1.1602500153E2],"116,02500153",15774
[DIVADM].[AREAKM].&[1.1604199982E2],"116,04199982",16004
[DIVADM].[AREAKM].&[1.1753299713E2],"117,53299713",3044
[DIVADM].[AREAKM].&[1.175739975E2],"117,5739975",3958
[DIVADM].[AREAKM].&[1.1760700226E2],"117,60700226",2759
[DIVADM].[AREAKM].&[1.1772000122E2],"117,72000122",1167
[DIVADM].[AREAKM].&[1.1776699829E2],"117,76699829",233
[DIVADM].[AREAKM].&[1.1820500183E2],"118,20500183",901
[DIVADM].[AREAKM].&[1.1845500183E2],"118,45500183",11412
[DIVADM].[AREAKM].&[1.1973899841E2],"119,73899841",5244
[DIVADM].[AREAKM].&[1.1974900055E2],"119,74900055",766
[DIVADM].[AREAKM].&[1.1983300018E2],"119,83300018",11639
[DIVADM].[AREAKM].&[1.2027500153E2],"120,27500153",956
[DIVADM].[AREAKM].&[1.2052500153E2],"120,52500153",27013
[DIVADM].[AREAKM].&[1.2081900024E2],"120,81900024",1190
[DIVADM].[AREAKM].&[1.2093199921E2],"120,93199921",3581
[DIVADM].[AREAKM].&[1.2113300323E2],"121,13300323",7994
[DIVADM].[AREAKM].&[1.2114900208E2],"121,14900208",337
[DIVADM].[AREAKM].&[1.2151200104E2],"121,51200104",1772
[DIVADM].[AREAKM].&[1.2306300354E2],"123,06300354",4506
[DIVADM].[AREAKM].&[1.2307800293E2],"123,07800293",3992
[DIVADM].[AREAKM].&[1.2317900085E2],"123,17900085",1064
[DIVADM].[AREAKM].&[1.2329100037E2],"123,29100037",7518
[DIVADM].[AREAKM].&[1.238010025E2],"123,8010025",3128
[DIVADM].[AREAKM].&[1.2402100372E2],"124,02100372",7608
[DIVADM].[AREAKM].&[1.2464099884E2],"124,64099884",1037
[DIVADM].[AREAKM].&[1.2469400024E2],"124,69400024",16602
[DIVADM].[AREAKM].&[1.2469499969E2],"124,69499969",651
[DIVADM].[AREAKM].&[1.251269989E2],"125,1269989",8135
[DIVADM].[AREAKM].&[1.2527600098E2],"125,27600098",2116
[DIVADM].[AREAKM].&[1.2572899628E2],"125,72899628",12172
[DIVADM].[AREAKM].&[1.2630599976E2],"126,30599976",11465
[DIVADM].[AREAKM].&[1.2656600189E2],"126,56600189",22843
[DIVADM].[AREAKM].&[1.2661399841E2],"126,61399841",1280
[DIVADM].[AREAKM].&[1.2676899719E2],"126,76899719",1900
[DIVADM].[AREAKM].&[1.2697299957E2],"126,97299957",606
[DIVADM].[AREAKM].&[1.2796199799E2],"127,96199799",2533
[DIVADM].[AREAKM].&[1.2818899536E2],"128,18899536",10178
[DIVADM].[AREAKM].&[1.2819299316E2],"128,19299316",13089
[DIVADM].[AREAKM].&[1.2946299744E2],"129,46299744",1878
[DIVADM].[AREAKM].&[1.2971800232E2],"129,71800232",6485
[DIVADM].[AREAKM].&[1.3015899658E2],"130,15899658",4315
[DIVADM].[AREAKM].&[1.3041000366E2],"130,41000366",1091
[DIVADM].[AREAKM].&[1.3088900757E2],"130,88900757",1165
[DIVADM].[AREAKM].&[1.3097399902E2],"130,97399902",986
[DIVADM].[AREAKM].&[1.3143600464E2],"131,43600464",901
[DIVADM].[AREAKM].&[1.3144000244E2],"131,44000244",99
[DIVADM].[AREAKM].&[1.3148899841E2],"131,48899841",5453
[DIVADM].[AREAKM].&[1.3188400269E2],"131,88400269",15340
[DIVADM].[AREAKM].&[1.3262800598E2],"132,62800598",1520
[DIVADM].[AREAKM].&[1.3305499268E2],"133,05499268",238
[DIVADM].[AREAKM].&[1.3344400024E2],"133,44400024",2189
[DIVADM].[AREAKM].&[1.3419000244E2],"134,19000244",9687
[DIVADM].[AREAKM].&[1.3455599976E2],"134,55599976",1683
[DIVADM].[AREAKM].&[1.3492199707E2],"134,92199707",827
[DIVADM].[AREAKM].&[1.3592599487E2],"135,92599487",19785
[DIVADM].[AREAKM].&[1.3649200439E2],"136,49200439",10425
[DIVADM].[AREAKM].&[1.3656700134E2],"136,56700134",2970
[DIVADM].[AREAKM].&[1.3699200439E2],"136,99200439",4831
[DIVADM].[AREAKM].&[1.3739100647E2],"137,39100647",8838
[DIVADM].[AREAKM].&[1.375039978E2],"137,5039978",1488
[DIVADM].[AREAKM].&[1.3766400146E2],"137,66400146",1794
[DIVADM].[AREAKM].&[1.3794000244E2],"137,94000244",11717
[DIVADM].[AREAKM].&[1.3824699402E2],"138,24699402",933
[DIVADM].[AREAKM].&[1.3848599243E2],"138,48599243",9044
[DIVADM].[AREAKM].&[1.3880400085E2],"138,80400085",8029
[DIVADM].[AREAKM].&[1.3993800354E2],"139,93800354",14033
[DIVADM].[AREAKM].&[1.4015100098E2],"140,15100098",1790
[DIVADM].[AREAKM].&[1.4031300354E2],"140,31300354",21228
[DIVADM].[AREAKM].&[1.4059500122E2],"140,59500122",38
[DIVADM].[AREAKM].&[1.4106599426E2],"141,06599426",14234
[DIVADM].[AREAKM].&[1.4135299683E2],"141,35299683",2749
[DIVADM].[AREAKM].&[1.4145599365E2],"141,45599365",4489
[DIVADM].[AREAKM].&[1.4185499573E2],"141,85499573",1597
[DIVADM].[AREAKM].&[1.4196299744E2],"141,96299744",1417
[DIVADM].[AREAKM].&[1.4241900635E2],"142,41900635",1085
[DIVADM].[AREAKM].&[1.4242100525E2],"142,42100525",15773
[DIVADM].[AREAKM].&[1.4386500549E2],"143,86500549",579
[DIVADM].[AREAKM].&[1.4448100281E2],"144,48100281",772
[DIVADM].[AREAKM].&[1.4484100342E2],"144,84100342",6907
[DIVADM].[AREAKM].&[1.459750061E2],"145,9750061",727
[DIVADM].[AREAKM].&[1.4625100708E2],"146,25100708",2920
[DIVADM].[AREAKM].&[1.4626199341E2],"146,26199341",2454
[DIVADM].[AREAKM].&[1.4632400513E2],"146,32400513",4646
[DIVADM].[AREAKM].&[1.4645799255E2],"146,45799255",10241
[DIVADM].[AREAKM].&[1.4768200684E2],"147,68200684",4995
[DIVADM].[AREAKM].&[1.4778999329E2],"147,78999329",17448
[DIVADM].[AREAKM].&[1.4801800537E2],"148,01800537",3069
[DIVADM].[AREAKM].&[1.4830499268E2],"148,30499268",2136
[DIVADM].[AREAKM].&[1.4834599304E2],"148,34599304",6562
[DIVADM].[AREAKM].&[1.4870799255E2],"148,70799255",12413
[DIVADM].[AREAKM].&[1.4877900696E2],"148,77900696",215
[DIVADM].[AREAKM].&[1.4937399292E2],"149,37399292",1991
[DIVADM].[AREAKM].&[1.4969099426E2],"149,69099426",3611
[DIVADM].[AREAKM].&[1.4969799805E2],"149,69799805",499
[DIVADM].[AREAKM].&[1.5016099548E2],"150,16099548",409
[DIVADM].[AREAKM].&[1.5069900513E2],"150,69900513",578
[DIVADM].[AREAKM].&[1.5088299561E2],"150,88299561",1156
[DIVADM].[AREAKM].&[1.5145300293E2],"151,45300293",2083
[DIVADM].[AREAKM].&[1.5157400513E2],"151,57400513",572
[DIVADM].[AREAKM].&[1.5164900208E2],"151,64900208",8124
[DIVADM].[AREAKM].&[1.5187800598E2],"151,87800598",8593
[DIVADM].[AREAKM].&[1.5225500488E2],"152,25500488",3884
[DIVADM].[AREAKM].&[1.5326400757E2],"153,26400757",12667
[DIVADM].[AREAKM].&[1.5344200134E2],"153,44200134",8801
[DIVADM].[AREAKM].&[1.5369299316E2],"153,69299316",6590
[DIVADM].[AREAKM].&[1.5388999939E2],"153,88999939",5957
[DIVADM].[AREAKM].&[1.5433399963E2],"154,33399963",3016
[DIVADM].[AREAKM].&[1.55022995E2],"155,022995",10094
[DIVADM].[AREAKM].&[1.5520799255E2],"155,20799255",2116
[DIVADM].[AREAKM].&[1.5557800293E2],"155,57800293",710
[DIVADM].[AREAKM].&[1.5573800659E2],"155,73800659",7269
[DIVADM].[AREAKM].&[1.5590899658E2],"155,90899658",3573
[DIVADM].[AREAKM].&[1.5639700317E2],"156,39700317",316
[DIVADM].[AREAKM].&[1.5651699829E2],"156,51699829",993
[DIVADM].[AREAKM].&[1.5743499756E2],"157,43499756",4555
[DIVADM].[AREAKM].&[1.5767300415E2],"157,67300415",1975
[DIVADM].[AREAKM].&[1.5790100098E2],"157,90100098",1665
[DIVADM].[AREAKM].&[1.5793600464E2],"157,93600464",12152
[DIVADM].[AREAKM].&[1.5821200562E2],"158,21200562",425
[DIVADM].[AREAKM].&[1.5920899963E2],"159,20899963",1808
[DIVADM].[AREAKM].&[1.592539978E2],"159,2539978",439
[DIVADM].[AREAKM].&[1.6007899475E2],"160,07899475",11083
[DIVADM].[AREAKM].&[1.6080200195E2],"160,80200195",3815
[DIVADM].[AREAKM].&[1.6115699768E2],"161,15699768",13847
[DIVADM].[AREAKM].&[1.6129800415E2],"161,29800415",2793
[DIVADM].[AREAKM].&[1.6142100525E2],"161,42100525",987
[DIVADM].[AREAKM].&[1.6161500549E2],"161,61500549",551
[DIVADM].[AREAKM].&[1.6167900085E2],"161,67900085",6922
[DIVADM].[AREAKM].&[1.6168899536E2],"161,68899536",370
[DIVADM].[AREAKM].&[1.6213400269E2],"162,13400269",1525
[DIVADM].[AREAKM].&[1.6328799438E2],"163,28799438",2681
[DIVADM].[AREAKM].&[1.633730011E2],"163,3730011",25046
[DIVADM].[AREAKM].&[1.6340600586E2],"163,40600586",4804
[DIVADM].[AREAKM].&[1.63875E2],"163,875",3461
[DIVADM].[AREAKM].&[1.6390499878E2],"163,90499878",7803
[DIVADM].[AREAKM].&[1.64022995E2],"164,022995",23162
[DIVADM].[AREAKM].&[1.6425E2],"164,25",705
[DIVADM].[AREAKM].&[1.6428599548E2],"164,28599548",4892
[DIVADM].[AREAKM].&[1.643999939E2],"164,3999939",2010
[DIVADM].[AREAKM].&[1.6496400452E2],"164,96400452",5075
[DIVADM].[AREAKM].&[1.6527099609E2],"165,27099609",6237
[DIVADM].[AREAKM].&[1.6530299377E2],"165,30299377",28
[DIVADM].[AREAKM].&[1.655249939E2],"165,5249939",357
[DIVADM].[AREAKM].&[1.6558700562E2],"165,58700562",2376
[DIVADM].[AREAKM].&[1.6635699463E2],"166,35699463",18290
[DIVADM].[AREAKM].&[1.6807000732E2],"168,07000732",2853
[DIVADM].[AREAKM].&[1.6811199951E2],"168,11199951",15500
[DIVADM].[AREAKM].&[1.6863800049E2],"168,63800049",541
[DIVADM].[AREAKM].&[1.6883500671E2],"168,83500671",11038
[DIVADM].[AREAKM].&[1.69102005E2],"169,102005",2062
[DIVADM].[AREAKM].&[1.7018299866E2],"170,18299866",2751
[DIVADM].[AREAKM].&[1.7126499939E2],"171,26499939",2990
[DIVADM].[AREAKM].&[1.7162199402E2],"171,62199402",4307
[DIVADM].[AREAKM].&[1.7328799438E2],"173,28799438",772
[DIVADM].[AREAKM].&[1.733769989E2],"173,3769989",21942
[DIVADM].[AREAKM].&[1.7379499817E2],"173,79499817",1406
[DIVADM].[AREAKM].&[1.7523199463E2],"175,23199463",596
[DIVADM].[AREAKM].&[1.7611999512E2],"176,11999512",5177
[DIVADM].[AREAKM].&[1.7720799255E2],"177,20799255",1939
[DIVADM].[AREAKM].&[1.781000061E2],"178,1000061",1069
[DIVADM].[AREAKM].&[1.781269989E2],"178,1269989",3071
[DIVADM].[AREAKM].&[1.8052600098E2],"180,52600098",7666
[DIVADM].[AREAKM].&[1.8053500366E2],"180,53500366",1216
[DIVADM].[AREAKM].&[1.8118200684E2],"181,18200684",1266
[DIVADM].[AREAKM].&[1.8265600586E2],"182,65600586",4293
[DIVADM].[AREAKM].&[1.8367500305E2],"183,67500305",354
[DIVADM].[AREAKM].&[1.8413200378E2],"184,13200378",5465
[DIVADM].[AREAKM].&[1.8413999939E2],"184,13999939",12715
[DIVADM].[AREAKM].&[1.8453900146E2],"184,53900146",3686
[DIVADM].[AREAKM].&[1.8535299683E2],"185,35299683",2288
[DIVADM].[AREAKM].&[1.8671099854E2],"186,71099854",12489
[DIVADM].[AREAKM].&[1.8689199829E2],"186,89199829",3034
[DIVADM].[AREAKM].&[1.8709300232E2],"187,09300232",2177
[DIVADM].[AREAKM].&[1.8767900085E2],"187,67900085",17699
[DIVADM].[AREAKM].&[1.8774499512E2],"187,74499512",11748
[DIVADM].[AREAKM].&[1.8833900452E2],"188,33900452",1459
[DIVADM].[AREAKM].&[1.8866200256E2],"188,66200256",10893
[DIVADM].[AREAKM].&[1.8910400391E2],"189,10400391",5407
[DIVADM].[AREAKM].&[1.8993299866E2],"189,93299866",665
[DIVADM].[AREAKM].&[1.9033399963E2],"190,33399963",14347
[DIVADM].[AREAKM].&[1.9035099792E2],"190,35099792",586
[DIVADM].[AREAKM].&[1.9040499878E2],"190,40499878",469
[DIVADM].[AREAKM].&[1.916000061E2],"191,6000061",6991
[DIVADM].[AREAKM].&[1.9198100281E2],"191,98100281",1871
[DIVADM].[AREAKM].&[1.9215400696E2],"192,15400696",1836
[DIVADM].[AREAKM].&[1.9249000549E2],"192,49000549",1057
[DIVADM].[AREAKM].&[1.9251600647E2],"192,51600647",9971
[DIVADM].[AREAKM].&[1.9325E2],"193,25",2944
[DIVADM].[AREAKM].&[1.9391400146E2],"193,91400146",1883
[DIVADM].[AREAKM].&[1.940249939E2],"194,0249939",880
[DIVADM].[AREAKM].&[1.9456799316E2],"194,56799316",1416
[DIVADM].[AREAKM].&[1.947250061E2],"194,7250061",6744
[DIVADM].[AREAKM].&[1.9484500122E2],"194,84500122",14418
[DIVADM].[AREAKM].&[1.949019928E2],"194,9019928",1198
[DIVADM].[AREAKM].&[1.9556199646E2],"195,56199646",7418
[DIVADM].[AREAKM].&[1.9566099548E2],"195,66099548",6275
[DIVADM].[AREAKM].&[1.958999939E2],"195,8999939",7117
[DIVADM].[AREAKM].&[1.9618400574E2],"196,18400574",20065
[DIVADM].[AREAKM].&[1.963730011E2],"196,3730011",4483
[DIVADM].[AREAKM].&[1.9646899414E2],"196,46899414",5620
[DIVADM].[AREAKM].&[1.9758799744E2],"197,58799744",4743
[DIVADM].[AREAKM].&[1.9893299866E2],"198,93299866",2830
[DIVADM].[AREAKM].&[1.9990499878E2],"199,90499878",4838
[DIVADM].[AREAKM].&[2.0034300232E2],"200,34300232",1306
[DIVADM].[AREAKM].&[2.0049000549E2],"200,49000549",3509
[DIVADM].[AREAKM].&[2.0162399292E2],"201,62399292",4252
[DIVADM].[AREAKM].&[2.0391499329E2],"203,91499329",412
[DIVADM].[AREAKM].&[2.0441299438E2],"204,41299438",3599
[DIVADM].[AREAKM].&[2.0484100342E2],"204,84100342",9143
[DIVADM].[AREAKM].&[2.0494000244E2],"204,94000244",2000
[DIVADM].[AREAKM].&[2.0522200012E2],"205,22200012",2143
[DIVADM].[AREAKM].&[2.0565800476E2],"205,65800476",2520
[DIVADM].[AREAKM].&[2.0593800354E2],"205,93800354",11728
[DIVADM].[AREAKM].&[2.0594999695E2],"205,94999695",11057
[DIVADM].[AREAKM].&[2.0644299316E2],"206,44299316",14010
[DIVADM].[AREAKM].&[2.0675500488E2],"206,75500488",46
[DIVADM].[AREAKM].&[2.0697900391E2],"206,97900391",7455
[DIVADM].[AREAKM].&[2.0748599243E2],"207,48599243",947
[DIVADM].[AREAKM].&[2.0769099426E2],"207,69099426",4389
[DIVADM].[AREAKM].&[2.0963000488E2],"209,63000488",5563
[DIVADM].[AREAKM].&[2.1016499329E2],"210,16499329",318
[DIVADM].[AREAKM].&[2.1029899597E2],"210,29899597",3489
[DIVADM].[AREAKM].&[2.1065100098E2],"210,65100098",1983
[DIVADM].[AREAKM].&[2.1252900696E2],"212,52900696",2597
[DIVADM].[AREAKM].&[2.12772995E2],"212,772995",126
[DIVADM].[AREAKM].&[2.1277400208E2],"212,77400208",2636
[DIVADM].[AREAKM].&[2.1292100525E2],"212,92100525",185
[DIVADM].[AREAKM].&[2.1327799988E2],"213,27799988",127
[DIVADM].[AREAKM].&[2.1341799927E2],"213,41799927",796
[DIVADM].[AREAKM].&[2.1379699707E2],"213,79699707",2633
[DIVADM].[AREAKM].&[2.1406300354E2],"214,06300354",1937
[DIVADM].[AREAKM].&[2.1481300354E2],"214,81300354",3825
[DIVADM].[AREAKM].&[2.1504499817E2],"215,04499817",2895
[DIVADM].[AREAKM].&[2.1550799561E2],"215,50799561",644
[DIVADM].[AREAKM].&[2.1551899719E2],"215,51899719",28006
[DIVADM].[AREAKM].&[2.1607000732E2],"216,07000732",658
[DIVADM].[AREAKM].&[2.169019928E2],"216,9019928",887
[DIVADM].[AREAKM].&[2.1765600586E2],"217,65600586",14921
[DIVADM].[AREAKM].&[2.1866400146E2],"218,66400146",1084
[DIVADM].[AREAKM].&[2.1892599487E2],"218,92599487",2754
[DIVADM].[AREAKM].&[2.1930599976E2],"219,30599976",423
[DIVADM].[AREAKM].&[2.19477005E2],"219,477005",145
[DIVADM].[AREAKM].&[2.1949000549E2],"219,49000549",1603
[DIVADM].[AREAKM].&[2.1984899902E2],"219,84899902",1847
[DIVADM].[AREAKM].&[2.2020899963E2],"220,20899963",2654
[DIVADM].[AREAKM].&[2.2028500366E2],"220,28500366",707
[DIVADM].[AREAKM].&[2.2050700378E2],"220,50700378",132
[DIVADM].[AREAKM].&[2.2061199951E2],"220,61199951",410
[DIVADM].[AREAKM].&[2.2084399414E2],"220,84399414",1861
[DIVADM].[AREAKM].&[2.2282899475E2],"222,82899475",2201
[DIVADM].[AREAKM].&[2.2361700439E2],"223,61700439",5326
[DIVADM].[AREAKM].&[2.2472599792E2],"224,72599792",3566
[DIVADM].[AREAKM].&[2.2703199768E2],"227,03199768",9866
[DIVADM].[AREAKM].&[2.2715699768E2],"227,15699768",31960
[DIVADM].[AREAKM].&[2.2761799622E2],"227,61799622",4856
[DIVADM].[AREAKM].&[2.2772900391E2],"227,72900391",7704
[DIVADM].[AREAKM].&[2.2801699829E2],"228,01699829",728
[DIVADM].[AREAKM].&[2.2888200378E2],"228,88200378",7990
[DIVADM].[AREAKM].&[2.3141700745E2],"231,41700745",1884
[DIVADM].[AREAKM].&[2.3152400208E2],"231,52400208",136
[DIVADM].[AREAKM].&[2.3211999512E2],"232,11999512",860
[DIVADM].[AREAKM].&[2.3318899536E2],"233,18899536",4897
[DIVADM].[AREAKM].&[2.337769928E2],"233,7769928",7246
[DIVADM].[AREAKM].&[2.3413299561E2],"234,13299561",1535
[DIVADM].[AREAKM].&[2.3479400635E2],"234,79400635",3314
[DIVADM].[AREAKM].&[2.3518299866E2],"235,18299866",583
[DIVADM].[AREAKM].&[2.3534100342E2],"235,34100342",14756
[DIVADM].[AREAKM].&[2.3535499573E2],"235,35499573",28499
[DIVADM].[AREAKM].&[2.3576100159E2],"235,76100159",1010
[DIVADM].[AREAKM].&[2.3607299805E2],"236,07299805",4761
[DIVADM].[AREAKM].&[2.3639599609E2],"236,39599609",902
[DIVADM].[AREAKM].&[2.3646000671E2],"236,46000671",3697
[DIVADM].[AREAKM].&[2.3880499268E2],"238,80499268",9489
[DIVADM].[AREAKM].&[2.3889599609E2],"238,89599609",5277
[DIVADM].[AREAKM].&[2.4015699768E2],"240,15699768",9647
[DIVADM].[AREAKM].&[2.4054899597E2],"240,54899597",671
[DIVADM].[AREAKM].&[2.4058500671E2],"240,58500671",13127
[DIVADM].[AREAKM].&[2.4137600708E2],"241,37600708",626
[DIVADM].[AREAKM].&[2.424940033E2],"242,4940033",1283
[DIVADM].[AREAKM].&[2.4298199463E2],"242,98199463",2360
[DIVADM].[AREAKM].&[2.4356100464E2],"243,56100464",1518
[DIVADM].[AREAKM].&[2.4382699585E2],"243,82699585",238
[DIVADM].[AREAKM].&[2.441269989E2],"244,1269989",1833
[DIVADM].[AREAKM].&[2.4423300171E2],"244,23300171",1934
[DIVADM].[AREAKM].&[2.4509100342E2],"245,09100342",1374
[DIVADM].[AREAKM].&[2.4567199707E2],"245,67199707",1745
[DIVADM].[AREAKM].&[2.459940033E2],"245,9940033",261
[DIVADM].[AREAKM].&[2.4788800049E2],"247,88800049",713
[DIVADM].[AREAKM].&[2.4830000305E2],"248,30000305",2920
[DIVADM].[AREAKM].&[2.4983999634E2],"249,83999634",748
[DIVADM].[AREAKM].&[2.5047900391E2],"250,47900391",882
[DIVADM].[AREAKM].&[2.5259199524E2],"252,59199524",2555
[DIVADM].[AREAKM].&[2.5632000732E2],"256,32000732",922
[DIVADM].[AREAKM].&[2.579289856E2],"257,9289856",476
[DIVADM].[AREAKM].&[2.6025E2],"260,25",2869
[DIVADM].[AREAKM].&[2.6132598877E2],"261,32598877",127
[DIVADM].[AREAKM].&[2.616539917E2],"261,6539917",7252
[DIVADM].[AREAKM].&[2.6394799805E2],"263,94799805",9860
[DIVADM].[AREAKM].&[2.6485101318E2],"264,85101318",5153
[DIVADM].[AREAKM].&[2.6488900757E2],"264,88900757",8738
[DIVADM].[AREAKM].&[2.6736700439E2],"267,36700439",1725
[DIVADM].[AREAKM].&[2.6770901489E2],"267,70901489",1183
[DIVADM].[AREAKM].&[2.6845700073E2],"268,45700073",4923
[DIVADM].[AREAKM].&[2.6957699585E2],"269,57699585",1276
[DIVADM].[AREAKM].&[2.6982000732E2],"269,82000732",456
[DIVADM].[AREAKM].&[2.7187701416E2],"271,87701416",19728
[DIVADM].[AREAKM].&[2.7335501099E2],"273,35501099",10580
[DIVADM].[AREAKM].&[2.7345999146E2],"273,45999146",2635
[DIVADM].[AREAKM].&[2.7795599365E2],"277,95599365",3829
[DIVADM].[AREAKM].&[2.7810198975E2],"278,10198975",363
[DIVADM].[AREAKM].&[2.7852700806E2],"278,52700806",661
[DIVADM].[AREAKM].&[2.7955099487E2],"279,55099487",3302
[DIVADM].[AREAKM].&[2.8057199097E2],"280,57199097",1391
[DIVADM].[AREAKM].&[2.8073300171E2],"280,73300171",1411
[DIVADM].[AREAKM].&[2.8088699341E2],"280,88699341",29444
[DIVADM].[AREAKM].&[2.8113101196E2],"281,13101196",13659
[DIVADM].[AREAKM].&[2.8172399902E2],"281,72399902",2791
[DIVADM].[AREAKM].&[2.828710022E2],"282,8710022",529
[DIVADM].[AREAKM].&[2.8298400879E2],"282,98400879",14313
[DIVADM].[AREAKM].&[2.8411099243E2],"284,11099243",738
[DIVADM].[AREAKM].&[2.8438699341E2],"284,38699341",2620
[DIVADM].[AREAKM].&[2.8616900635E2],"286,16900635",2647
[DIVADM].[AREAKM].&[2.8623400879E2],"286,23400879",1851
[DIVADM].[AREAKM].&[2.8723098755E2],"287,23098755",24
[DIVADM].[AREAKM].&[2.8826599121E2],"288,26599121",1154
[DIVADM].[AREAKM].&[2.8996200562E2],"289,96200562",155
[DIVADM].[AREAKM].&[2.902749939E2],"290,2749939",596
[DIVADM].[AREAKM].&[2.9048599243E2],"290,48599243",1363
[DIVADM].[AREAKM].&[2.9126800537E2],"291,26800537",176
[DIVADM].[AREAKM].&[2.9216000366E2],"292,16000366",11364
[DIVADM].[AREAKM].&[2.9220001221E2],"292,20001221",2200
[DIVADM].[AREAKM].&[2.9329400635E2],"293,29400635",289
[DIVADM].[AREAKM].&[2.9390600586E2],"293,90600586",3269
[DIVADM].[AREAKM].&[2.9911401367E2],"299,11401367",3642
[DIVADM].[AREAKM].&[2.9994100952E2],"299,94100952",1407
[DIVADM].[AREAKM].&[3.0069500732E2],"300,69500732",1981
[DIVADM].[AREAKM].&[3.0365499878E2],"303,65499878",1597
[DIVADM].[AREAKM].&[3.0620999146E2],"306,20999146",2058
[DIVADM].[AREAKM].&[3.0774798584E2],"307,74798584",728
[DIVADM].[AREAKM].&[3.0937399292E2],"309,37399292",1107
[DIVADM].[AREAKM].&[3.1001000977E2],"310,01000977",7731
[DIVADM].[AREAKM].&[3.1070498657E2],"310,70498657",5901
[DIVADM].[AREAKM].&[3.1275201416E2],"312,75201416",2953
[DIVADM].[AREAKM].&[3.1282199097E2],"312,82199097",1221
[DIVADM].[AREAKM].&[3.1286700439E2],"312,86700439",2325
[DIVADM].[AREAKM].&[3.1298001099E2],"312,98001099",239
[DIVADM].[AREAKM].&[3.1314898682E2],"313,14898682",87
[DIVADM].[AREAKM].&[3.132210083E2],"313,2210083",3636
[DIVADM].[AREAKM].&[3.1508401489E2],"315,08401489",5798
[DIVADM].[AREAKM].&[3.1622900391E2],"316,22900391",11502
[DIVADM].[AREAKM].&[3.1665499878E2],"316,65499878",1170
[DIVADM].[AREAKM].&[3.1842199707E2],"318,42199707",8654
[DIVADM].[AREAKM].&[3.1895498657E2],"318,95498657",4903
[DIVADM].[AREAKM].&[3.1954299927E2],"319,54299927",1747
[DIVADM].[AREAKM].&[3.2004501343E2],"320,04501343",537
[DIVADM].[AREAKM].&[3.2017700195E2],"320,17700195",834
[DIVADM].[AREAKM].&[3.2195498657E2],"321,95498657",1029
[DIVADM].[AREAKM].&[3.2446499634E2],"324,46499634",15713
[DIVADM].[AREAKM].&[3.2685198975E2],"326,85198975",19993
[DIVADM].[AREAKM].&[3.2825E2],"328,25",332
[DIVADM].[AREAKM].&[3.3127600098E2],"331,27600098",2759
[DIVADM].[AREAKM].&[3.3135101318E2],"331,35101318",1515
[DIVADM].[AREAKM].&[3.329119873E2],"332,9119873",4973
[DIVADM].[AREAKM].&[3.3550799561E2],"335,50799561",1538
[DIVADM].[AREAKM].&[3.3881201172E2],"338,81201172",184
[DIVADM].[AREAKM].&[3.3892001343E2],"338,92001343",349
[DIVADM].[AREAKM].&[3.4167498779E2],"341,67498779",219
[DIVADM].[AREAKM].&[3.4200201416E2],"342,00201416",2455
[DIVADM].[AREAKM].&[3.4311999512E2],"343,11999512",5581
[DIVADM].[AREAKM].&[3.4454998779E2],"344,54998779",10206
[DIVADM].[AREAKM].&[3.4596200562E2],"345,96200562",1054
[DIVADM].[AREAKM].&[3.4898001099E2],"348,98001099",2408
[DIVADM].[AREAKM].&[3.5099200439E2],"350,99200439",5270
[DIVADM].[AREAKM].&[3.5167599487E2],"351,67599487",7977
[DIVADM].[AREAKM].&[3.5192599487E2],"351,92599487",5157
[DIVADM].[AREAKM].&[3.5352700806E2],"353,52700806",2383
[DIVADM].[AREAKM].&[3.5522198486E2],"355,22198486",1579
[DIVADM].[AREAKM].&[3.5574899292E2],"355,74899292",497
[DIVADM].[AREAKM].&[3.6056201172E2],"360,56201172",4309
[DIVADM].[AREAKM].&[3.6193499756E2],"361,93499756",2028
[DIVADM].[AREAKM].&[3.655E2],"365,5",13315
[DIVADM].[AREAKM].&[3.6567999268E2],"365,67999268",950
[DIVADM].[AREAKM].&[3.6594000244E2],"365,94000244",4220
[DIVADM].[AREAKM].&[3.6658401489E2],"366,58401489",6142
[DIVADM].[AREAKM].&[3.6706100464E2],"367,06100464",62
[DIVADM].[AREAKM].&[3.6808499146E2],"368,08499146",304
[DIVADM].[AREAKM].&[3.7053500366E2],"370,53500366",460
[DIVADM].[AREAKM].&[3.7156600952E2],"371,56600952",798
[DIVADM].[AREAKM].&[3.7791400146E2],"377,91400146",16
[DIVADM].[AREAKM].&[3.779460144E2],"377,9460144",1818
[DIVADM].[AREAKM].&[3.7983401489E2],"379,83401489",11062
[DIVADM].[AREAKM].&[3.8335800171E2],"383,35800171",111
[DIVADM].[AREAKM].&[3.8398901367E2],"383,98901367",3846
[DIVADM].[AREAKM].&[3.8594699097E2],"385,94699097",3589
[DIVADM].[AREAKM].&[3.9513198853E2],"395,13198853",1595
[DIVADM].[AREAKM].&[3.9726300049E2],"397,26300049",1680
[DIVADM].[AREAKM].&[4.0118798828E2],"401,18798828",4344
[DIVADM].[AREAKM].&[4.0345300293E2],"403,45300293",13609
[DIVADM].[AREAKM].&[4.0760998535E2],"407,60998535",4603
[DIVADM].[AREAKM].&[4.0770599365E2],"407,70599365",814
[DIVADM].[AREAKM].&[4.1277700806E2],"412,77700806",2737
[DIVADM].[AREAKM].&[4.1364300537E2],"413,64300537",16709
[DIVADM].[AREAKM].&[4.1715301514E2],"417,15301514",1276
[DIVADM].[AREAKM].&[4.1755700684E2],"417,55700684",2118
[DIVADM].[AREAKM].&[4.2069400024E2],"420,69400024",4715
[DIVADM].[AREAKM].&[4.2146798706E2],"421,46798706",2344
[DIVADM].[AREAKM].&[4.2162600708E2],"421,62600708",1405
[DIVADM].[AREAKM].&[4.235369873E2],"423,5369873",9025
[DIVADM].[AREAKM].&[4.2628399658E2],"426,28399658",7229
[DIVADM].[AREAKM].&[4.2640701294E2],"426,40701294",14186
[DIVADM].[AREAKM].&[4.2804299927E2],"428,04299927",2885
[DIVADM].[AREAKM].&[4.2974301147E2],"429,74301147",3747
[DIVADM].[AREAKM].&[4.2990100098E2],"429,90100098",5202
[DIVADM].[AREAKM].&[4.3044500732E2],"430,44500732",11728
[DIVADM].[AREAKM].&[4.3202200317E2],"432,02200317",6251
[DIVADM].[AREAKM].&[4.3590600586E2],"435,90600586",478
[DIVADM].[AREAKM].&[4.3681799316E2],"436,81799316",6246
[DIVADM].[AREAKM].&[4.3818499756E2],"438,18499756",9513
[DIVADM].[AREAKM].&[4.4122198486E2],"441,22198486",9223
[DIVADM].[AREAKM].&[4.4200698853E2],"442,00698853",390
[DIVADM].[AREAKM].&[4.4339300537E2],"443,39300537",16934
[DIVADM].[AREAKM].&[4.437749939E2],"443,7749939",5780
[DIVADM].[AREAKM].&[4.4574499512E2],"445,74499512",1991
[DIVADM].[AREAKM].&[4.4613000488E2],"446,13000488",2205
[DIVADM].[AREAKM].&[4.4710699463E2],"447,10699463",5701
[DIVADM].[AREAKM].&[4.484750061E2],"448,4750061",1642
[DIVADM].[AREAKM].&[4.4933599854E2],"449,33599854",4956
[DIVADM].[AREAKM].&[4.5011499023E2],"450,11499023",73
[DIVADM].[AREAKM].&[4.5521398926E2],"455,21398926",4539
[DIVADM].[AREAKM].&[4.5979800415E2],"459,79800415",6888
[DIVADM].[AREAKM].&[4.607869873E2],"460,7869873",1152
[DIVADM].[AREAKM].&[4.7368499756E2],"473,68499756",1451
[DIVADM].[AREAKM].&[4.7511898804E2],"475,11898804",8172
[DIVADM].[AREAKM].&[4.7592001343E2],"475,92001343",7347
[DIVADM].[AREAKM].&[4.7631600952E2],"476,31600952",3970
[DIVADM].[AREAKM].&[4.8036099243E2],"480,36099243",13505
[DIVADM].[AREAKM].&[4.8312399292E2],"483,12399292",458
[DIVADM].[AREAKM].&[4.8416699219E2],"484,16699219",2569
[DIVADM].[AREAKM].&[4.8439099121E2],"484,39099121",2755
[DIVADM].[AREAKM].&[4.8747000122E2],"487,47000122",10928
[DIVADM].[AREAKM].&[4.9732199097E2],"497,32199097",1436
[DIVADM].[AREAKM].&[4.9808099365E2],"498,08099365",576
[DIVADM].[AREAKM].&[5.0224398804E2],"502,24398804",2416
[DIVADM].[AREAKM].&[5.0414898682E2],"504,14898682",175
[DIVADM].[AREAKM].&[5.185E2],"518,5",18727
[DIVADM].[AREAKM].&[5.1978302002E2],"519,78302002",7760
[DIVADM].[AREAKM].&[5.2701202393E2],"527,01202393",1040
[DIVADM].[AREAKM].&[5.28684021E2],"528,684021",253
[DIVADM].[AREAKM].&[5.4028198242E2],"540,28198242",6010
[DIVADM].[AREAKM].&[5.6233300781E2],"562,33300781",1807
[DIVADM].[AREAKM].&[5.707119751E2],"570,7119751",954
[DIVADM].[AREAKM].&[5.7077398682E2],"570,77398682",2864
[DIVADM].[AREAKM].&[5.7324401855E2],"573,24401855",688
[DIVADM].[AREAKM].&[5.7657098389E2],"576,57098389",6549
[DIVADM].[AREAKM].&[5.8499597168E2],"584,99597168",5992
[DIVADM].[AREAKM].&[6.0428601074E2],"604,28601074",20025
[DIVADM].[AREAKM].&[6.1222998047E2],"612,22998047",1724
[DIVADM].[AREAKM].&[6.2743701172E2],"627,43701172",3682
[DIVADM].[AREAKM].&[6.3187799072E2],"631,87799072",3548
[DIVADM].[AREAKM].&[6.3628997803E2],"636,28997803",76
[DIVADM].[AREAKM].&[6.3901599121E2],"639,01599121",4475
[DIVADM].[AREAKM].&[6.6460900879E2],"664,60900879",15850
[DIVADM].[AREAKM].&[6.7199798584E2],"671,99798584",3104
[DIVADM].[AREAKM].&[6.7738098145E2],"677,38098145",16
[DIVADM].[AREAKM].&[6.8435498047E2],"684,35498047",4341
[DIVADM].[AREAKM].&[6.8563201904E2],"685,63201904",2220
[DIVADM].[AREAKM].&[6.9511297607E2],"695,11297607",1143
[DIVADM].[AREAKM].&[6.9731097412E2],"697,31097412",1074
[DIVADM].[AREAKM].&[6.9929199219E2],"699,29199219",2317
[DIVADM].[AREAKM].&[7.2222998047E2],"722,22998047",352
[DIVADM].[AREAKM].&[7.3201702881E2],"732,01702881",32332
[DIVADM].[AREAKM].&[7.399619751E2],"739,9619751",1854
[DIVADM].[AREAKM].&[7.6161499023E2],"761,61499023",21657
[DIVADM].[AREAKM].&[7.6781896973E2],"767,81896973",360
[DIVADM].[AREAKM].&[7.7730499268E2],"777,30499268",6694
[DIVADM].[AREAKM].&[7.8545898438E2],"785,45898438",969
[DIVADM].[AREAKM].&[8.3520898438E2],"835,20898438",403
[DIVADM].[AREAKM].&[8.564119873E2],"856,4119873",236
[DIVADM].[AREAKM].&[8.5823797607E2],"858,23797607",62
[DIVADM].[AREAKM].&[8.7594396973E2],"875,94396973",3774
[DIVADM].[AREAKM].&[8.7896398926E2],"878,96398926",5228
[DIVADM].[AREAKM].&[8.8593798828E2],"885,93798828",3513
[DIVADM].[AREAKM].&[8.9491497803E2],"894,91497803",491
[DIVADM].[AREAKM].&[9.1430603027E2],"914,30603027",9011
[DIVADM].[AREAKM].&[9.1580200195E2],"915,80200195",544
[DIVADM].[AREAKM].&[9.200869751E2],"920,0869751",196
[DIVADM].[AREAKM].&[9.5322601318E2],"953,22601318",1237
[DIVADM].[AREAKM].&[9.7256201172E2],"972,56201172",1098
[DIVADM].[AREAKM].&[9.7396002197E2],"973,96002197",1730
[DIVADM].[AREAKM].&[9.7432202148E2],"974,32202148",1262
[DIVADM].[AREAKM].&[9.7707000732E2],"977,07000732",6146
[DIVADM].[AREAKM].&[1.0214699707E3],"1021,4699707",6088
[DIVADM].[AREAKM].&[1.0437199707E3],"1043,7199707",12751
[DIVADM].[AREAKM].&[1.06554003906E3],"1065,54003906",1216
[DIVADM].[AREAKM].&[1.07379003906E3],"1073,79003906",6961
[DIVADM].[AREAKM].&[1.08908996582E3],"1089,08996582",10538
[DIVADM].[AREAKM].&[1.0937800293E3],"1093,7800293",540
[DIVADM].[AREAKM].&[1.10906005859E3],"1109,06005859",12470
[DIVADM].[AREAKM].&[1.12134997559E3],"1121,34997559",15
[DIVADM].[AREAKM].&[1.13511999512E3],"1135,11999512",881
[DIVADM].[AREAKM].&[1.17204003906E3],"1172,04003906",4315
[DIVADM].[AREAKM].&[1.18375E3],"1183,75",4131
[DIVADM].[AREAKM].&[1.19263000488E3],"1192,63000488",8095
[DIVADM].[AREAKM].&[1.20519995117E3],"1205,19995117",8151
[DIVADM].[AREAKM].&[1.23657995605E3],"1236,57995605",3803
[DIVADM].[AREAKM].&[1.24969995117E3],"1249,69995117",6244
[DIVADM].[AREAKM].&[1.26170996094E3],"1261,70996094",13985
[DIVADM].[AREAKM].&[1.2827800293E3],"1282,7800293",244
[DIVADM].[AREAKM].&[1.38931994629E3],"1389,31994629",4527
[DIVADM].[AREAKM].&[1.47356005859E3],"1473,56005859",363
[DIVADM].[AREAKM].&[1.51275E3],"1512,75",38
[DIVADM].[AREAKM].&[1.54435998535E3],"1544,35998535",720
[DIVADM].[AREAKM].&[1.59918994141E3],"1599,18994141",7246
[DIVADM].[AREAKM].&[1.67956994629E3],"1679,56994629",4792
[DIVADM].[AREAKM].&[1.70383996582E3],"1703,83996582",1996
[DIVADM].[AREAKM].&[1.71295996094E3],"1712,95996094",59391
[DIVADM].[AREAKM].&[1.72757995605E3],"1727,57995605",5967
[DIVADM].[AREAKM].&[1.84968005371E3],"1849,68005371",173
[DIVADM].[AREAKM].&[1.91908996582E3],"1919,08996582",8582
[DIVADM].[AREAKM].&[2.24437011719E3],"2244,37011719",3138
[DIVADM].[AREAKM].&[2.30157006836E3],"2301,57006836",396
[DIVADM].[AREAKM].&[2.86136010742E3],"2861,36010742",302
[DIVADM].[AREAKM].&[3.12329003906E3],"3123,29003906",500
[DIVADM].[AREAKM].&[3.47975E3],"3479,75",561
[DIVADM].[AREAKM].&[5.52331982422E3],"5523,31982422",300
[DIVADM].[AREAKM].&[5.69329003906E3],"5693,29003906",75
[DIVADM].[AREAKM].&[6.60702001953E3],"6607,02001953",297
[DIVADM].[AREAKM].&[7.85318994141E3],"7853,18994141",1214
[DIVADM].[AREAKM].&[8.22528027344E3],"8225,28027344",570
[DIVADM].[AREAKM].&,,4347
