[DMH_INCIDENT].[GeoRefDiv_PolObjId].[GeoRefDiv_PolObjId].[MEMBER_UNIQUE_NAME],[DMH_INCIDENT].[GeoRefDiv_PolObjId].[GeoRefDiv_PolObjId].[MEMBER_CAPTION],[Measures].[SumaIncidentes]
[DMH_INCIDENT].[GeoRefDiv_PolObjId].&,,4343
[DMH_INCIDENT].[GeoRefDiv_PolObjId].&[1],1,98330
[DMH_INCIDENT].[GeoRefDiv_PolObjId].&[2],2,1525
[DMH_INCIDENT].[GeoRefDiv_PolObjId].&[3],3,2116
[DMH_INCIDENT].[GeoRefDiv_PolObjId].&[4],4,6024
[DMH_INCIDENT].[GeoRefDiv_PolObjId].&[5],5,2372
[DMH_INCIDENT].[GeoRefDiv_PolObjId].&[6],6,4614
[DMH_INCIDENT].[GeoRefDiv_PolObjId].&[7],7,3065
[DMH_INCIDENT].[GeoRefDiv_PolObjId].&[8],8,2325
[DMH_INCIDENT].[GeoRefDiv_PolObjId].&[9],9,12172
[DMH_INCIDENT].[GeoRefDiv_PolObjId].&[10],10,9025
[DMH_INCIDENT].[GeoRefDiv_PolObjId].&[11],11,5277
[DMH_INCIDENT].[GeoRefDiv_PolObjId].&[12],12,10294
[DMH_INCIDENT].[GeoRefDiv_PolObjId].&[13],13,1508
[DMH_INCIDENT].[GeoRefDiv_PolObjId].&[14],14,1662
[DMH_INCIDENT].[GeoRefDiv_PolObjId].&[15],15,1277
[DMH_INCIDENT].[GeoRefDiv_PolObjId].&[16],16,425
[DMH_INCIDENT].[GeoRefDiv_PolObjId].&[17],17,25600
[DMH_INCIDENT].[GeoRefDiv_PolObjId].&[18],18,15421
[DMH_INCIDENT].[GeoRefDiv_PolObjId].&[19],19,6404
[DMH_INCIDENT].[GeoRefDiv_PolObjId].&[20],20,1756
[DMH_INCIDENT].[GeoRefDiv_PolObjId].&[21],21,322
[DMH_INCIDENT].[GeoRefDiv_PolObjId].&[22],22,4008
[DMH_INCIDENT].[GeoRefDiv_PolObjId].&[23],23,1790
[DMH_INCIDENT].[GeoRefDiv_PolObjId].&[24],24,1216
[DMH_INCIDENT].[GeoRefDiv_PolObjId].&[25],25,25736
[DMH_INCIDENT].[GeoRefDiv_PolObjId].&[26],26,12413
[DMH_INCIDENT].[GeoRefDiv_PolObjId].&[27],27,160009
[DMH_INCIDENT].[GeoRefDiv_PolObjId].&[28],28,3224
[DMH_INCIDENT].[GeoRefDiv_PolObjId].&[29],29,14431
[DMH_INCIDENT].[GeoRefDiv_PolObjId].&[30],30,2520
[DMH_INCIDENT].[GeoRefDiv_PolObjId].&[31],31,451
[DMH_INCIDENT].[GeoRefDiv_PolObjId].&[32],32,22
[DMH_INCIDENT].[GeoRefDiv_PolObjId].&[33],33,5177
[DMH_INCIDENT].[GeoRefDiv_PolObjId].&[34],34,3612
[DMH_INCIDENT].[GeoRefDiv_PolObjId].&[35],35,1194
[DMH_INCIDENT].[GeoRefDiv_PolObjId].&[36],36,2023
[DMH_INCIDENT].[GeoRefDiv_PolObjId].&[37],37,5802
[DMH_INCIDENT].[GeoRefDiv_PolObjId].&[38],38,630
[DMH_INCIDENT].[GeoRefDiv_PolObjId].&[39],39,4177
[DMH_INCIDENT].[GeoRefDiv_PolObjId].&[40],40,564
[DMH_INCIDENT].[GeoRefDiv_PolObjId].&[41],41,1214
[DMH_INCIDENT].[GeoRefDiv_PolObjId].&[42],42,473
[DMH_INCIDENT].[GeoRefDiv_PolObjId].&[43],43,9166
[DMH_INCIDENT].[GeoRefDiv_PolObjId].&[44],44,238
[DMH_INCIDENT].[GeoRefDiv_PolObjId].&[45],45,1665
[DMH_INCIDENT].[GeoRefDiv_PolObjId].&[46],46,2986
[DMH_INCIDENT].[GeoRefDiv_PolObjId].&[47],47,7807
[DMH_INCIDENT].[GeoRefDiv_PolObjId].&[48],48,1991
[DMH_INCIDENT].[GeoRefDiv_PolObjId].&[49],49,529
[DMH_INCIDENT].[GeoRefDiv_PolObjId].&[50],50,317
[DMH_INCIDENT].[GeoRefDiv_PolObjId].&[51],51,27858
[DMH_INCIDENT].[GeoRefDiv_PolObjId].&[52],52,2229
[DMH_INCIDENT].[GeoRefDiv_PolObjId].&[53],53,422
[DMH_INCIDENT].[GeoRefDiv_PolObjId].&[54],54,397
[DMH_INCIDENT].[GeoRefDiv_PolObjId].&[55],55,4812
[DMH_INCIDENT].[GeoRefDiv_PolObjId].&[56],56,72
[DMH_INCIDENT].[GeoRefDiv_PolObjId].&[57],57,9085
[DMH_INCIDENT].[GeoRefDiv_PolObjId].&[58],58,1164
[DMH_INCIDENT].[GeoRefDiv_PolObjId].&[59],59,208729
[DMH_INCIDENT].[GeoRefDiv_PolObjId].&[60],60,4357
[DMH_INCIDENT].[GeoRefDiv_PolObjId].&[61],61,5071
[DMH_INCIDENT].[GeoRefDiv_PolObjId].&[62],62,14567
[DMH_INCIDENT].[GeoRefDiv_PolObjId].&[63],63,1880
[DMH_INCIDENT].[GeoRefDiv_PolObjId].&[64],64,9513
[DMH_INCIDENT].[GeoRefDiv_PolObjId].&[65],65,3079
[DMH_INCIDENT].[GeoRefDiv_PolObjId].&[66],66,3931
[DMH_INCIDENT].[GeoRefDiv_PolObjId].&[67],67,10425
[DMH_INCIDENT].[GeoRefDiv_PolObjId].&[68],68,16051
[DMH_INCIDENT].[GeoRefDiv_PolObjId].&[69],69,4293
[DMH_INCIDENT].[GeoRefDiv_PolObjId].&[70],70,50996
[DMH_INCIDENT].[GeoRefDiv_PolObjId].&[71],71,2294
[DMH_INCIDENT].[GeoRefDiv_PolObjId].&[72],72,591
[DMH_INCIDENT].[GeoRefDiv_PolObjId].&[73],73,3815
[DMH_INCIDENT].[GeoRefDiv_PolObjId].&[74],74,6246
[DMH_INCIDENT].[GeoRefDiv_PolObjId].&[75],75,87
[DMH_INCIDENT].[GeoRefDiv_PolObjId].&[76],76,290
[DMH_INCIDENT].[GeoRefDiv_PolObjId].&[77],77,37182
[DMH_INCIDENT].[GeoRefDiv_PolObjId].&[78],78,456
[DMH_INCIDENT].[GeoRefDiv_PolObjId].&[79],79,1091
[DMH_INCIDENT].[GeoRefDiv_PolObjId].&[80],80,2149
[DMH_INCIDENT].[GeoRefDiv_PolObjId].&[81],81,947
[DMH_INCIDENT].[GeoRefDiv_PolObjId].&[82],82,1416
[DMH_INCIDENT].[GeoRefDiv_PolObjId].&[83],83,3489
[DMH_INCIDENT].[GeoRefDiv_PolObjId].&[84],84,46645
[DMH_INCIDENT].[GeoRefDiv_PolObjId].&[85],85,1618
[DMH_INCIDENT].[GeoRefDiv_PolObjId].&[86],86,1836
[DMH_INCIDENT].[GeoRefDiv_PolObjId].&[87],87,3770
[DMH_INCIDENT].[GeoRefDiv_PolObjId].&[88],88,2264
[DMH_INCIDENT].[GeoRefDiv_PolObjId].&[89],89,8001
[DMH_INCIDENT].[GeoRefDiv_PolObjId].&[90],90,20131
[DMH_INCIDENT].[GeoRefDiv_PolObjId].&[91],91,576
[DMH_INCIDENT].[GeoRefDiv_PolObjId].&[92],92,1087
[DMH_INCIDENT].[GeoRefDiv_PolObjId].&[93],93,411
[DMH_INCIDENT].[GeoRefDiv_PolObjId].&[94],94,6694
[DMH_INCIDENT].[GeoRefDiv_PolObjId].&[95],95,1283
[DMH_INCIDENT].[GeoRefDiv_PolObjId].&[96],96,498
[DMH_INCIDENT].[GeoRefDiv_PolObjId].&[97],97,593
[DMH_INCIDENT].[GeoRefDiv_PolObjId].&[98],98,120
[DMH_INCIDENT].[GeoRefDiv_PolObjId].&[99],99,453392
[DMH_INCIDENT].[GeoRefDiv_PolObjId].&[100],100,589
[DMH_INCIDENT].[GeoRefDiv_PolObjId].&[101],101,5864
[DMH_INCIDENT].[GeoRefDiv_PolObjId].&[102],102,1983
[DMH_INCIDENT].[GeoRefDiv_PolObjId].&[103],103,579
[DMH_INCIDENT].[GeoRefDiv_PolObjId].&[104],104,2819
[DMH_INCIDENT].[GeoRefDiv_PolObjId].&[105],105,1389
[DMH_INCIDENT].[GeoRefDiv_PolObjId].&[106],106,1814
[DMH_INCIDENT].[GeoRefDiv_PolObjId].&[107],107,1901
[DMH_INCIDENT].[GeoRefDiv_PolObjId].&[108],108,3996
[DMH_INCIDENT].[GeoRefDiv_PolObjId].&[109],109,15543
[DMH_INCIDENT].[GeoRefDiv_PolObjId].&[110],110,12142
[DMH_INCIDENT].[GeoRefDiv_PolObjId].&[111],111,1730
[DMH_INCIDENT].[GeoRefDiv_PolObjId].&[112],112,666
[DMH_INCIDENT].[GeoRefDiv_PolObjId].&[113],113,1315
[DMH_INCIDENT].[GeoRefDiv_PolObjId].&[114],114,889
[DMH_INCIDENT].[GeoRefDiv_PolObjId].&[115],115,181
[DMH_INCIDENT].[GeoRefDiv_PolObjId].&[116],116,103
[DMH_INCIDENT].[GeoRefDiv_PolObjId].&[117],117,112
[DMH_INCIDENT].[GeoRefDiv_PolObjId].&[118],118,1461
[DMH_INCIDENT].[GeoRefDiv_PolObjId].&[119],119,3016
[DMH_INCIDENT].[GeoRefDiv_PolObjId].&[120],120,10426
[DMH_INCIDENT].[GeoRefDiv_PolObjId].&[121],121,130
[DMH_INCIDENT].[GeoRefDiv_PolObjId].&[122],122,2201
[DMH_INCIDENT].[GeoRefDiv_PolObjId].&[123],123,820
[DMH_INCIDENT].[GeoRefDiv_PolObjId].&[124],124,1424
[DMH_INCIDENT].[GeoRefDiv_PolObjId].&[125],125,9743
[DMH_INCIDENT].[GeoRefDiv_PolObjId].&[126],126,7849
[DMH_INCIDENT].[GeoRefDiv_PolObjId].&[127],127,567
[DMH_INCIDENT].[GeoRefDiv_PolObjId].&[128],128,251
[DMH_INCIDENT].[GeoRefDiv_PolObjId].&[129],129,744
[DMH_INCIDENT].[GeoRefDiv_PolObjId].&[130],130,954
[DMH_INCIDENT].[GeoRefDiv_PolObjId].&[131],131,10698
[DMH_INCIDENT].[GeoRefDiv_PolObjId].&[132],132,2864
[DMH_INCIDENT].[GeoRefDiv_PolObjId].&[133],133,2920
[DMH_INCIDENT].[GeoRefDiv_PolObjId].&[134],134,168
[DMH_INCIDENT].[GeoRefDiv_PolObjId].&[135],135,512
[DMH_INCIDENT].[GeoRefDiv_PolObjId].&[136],136,238
[DMH_INCIDENT].[GeoRefDiv_PolObjId].&[137],137,11090
[DMH_INCIDENT].[GeoRefDiv_PolObjId].&[138],138,1929
[DMH_INCIDENT].[GeoRefDiv_PolObjId].&[139],139,2229
[DMH_INCIDENT].[GeoRefDiv_PolObjId].&[140],140,345
[DMH_INCIDENT].[GeoRefDiv_PolObjId].&[141],141,311
[DMH_INCIDENT].[GeoRefDiv_PolObjId].&[142],142,93
[DMH_INCIDENT].[GeoRefDiv_PolObjId].&[143],143,11062
[DMH_INCIDENT].[GeoRefDiv_PolObjId].&[144],144,3105
[DMH_INCIDENT].[GeoRefDiv_PolObjId].&[145],145,582
[DMH_INCIDENT].[GeoRefDiv_PolObjId].&[146],146,732
[DMH_INCIDENT].[GeoRefDiv_PolObjId].&[147],147,375
[DMH_INCIDENT].[GeoRefDiv_PolObjId].&[148],148,1002
[DMH_INCIDENT].[GeoRefDiv_PolObjId].&[149],149,125
[DMH_INCIDENT].[GeoRefDiv_PolObjId].&[150],150,221
[DMH_INCIDENT].[GeoRefDiv_PolObjId].&[151],151,14362
[DMH_INCIDENT].[GeoRefDiv_PolObjId].&[152],152,289115
[DMH_INCIDENT].[GeoRefDiv_PolObjId].&[153],153,2374
[DMH_INCIDENT].[GeoRefDiv_PolObjId].&[154],154,176
[DMH_INCIDENT].[GeoRefDiv_PolObjId].&[155],155,3842
[DMH_INCIDENT].[GeoRefDiv_PolObjId].&[156],156,1165
[DMH_INCIDENT].[GeoRefDiv_PolObjId].&[157],157,9767
[DMH_INCIDENT].[GeoRefDiv_PolObjId].&[158],158,933
[DMH_INCIDENT].[GeoRefDiv_PolObjId].&[159],159,9311
[DMH_INCIDENT].[GeoRefDiv_PolObjId].&[160],160,3366
[DMH_INCIDENT].[GeoRefDiv_PolObjId].&[161],161,3384
[DMH_INCIDENT].[GeoRefDiv_PolObjId].&[162],162,261
[DMH_INCIDENT].[GeoRefDiv_PolObjId].&[163],163,29
[DMH_INCIDENT].[GeoRefDiv_PolObjId].&[164],164,9971
[DMH_INCIDENT].[GeoRefDiv_PolObjId].&[165],165,2278
[DMH_INCIDENT].[GeoRefDiv_PolObjId].&[166],166,23
[DMH_INCIDENT].[GeoRefDiv_PolObjId].&[167],167,1512
[DMH_INCIDENT].[GeoRefDiv_PolObjId].&[168],168,42
[DMH_INCIDENT].[GeoRefDiv_PolObjId].&[169],169,28
[DMH_INCIDENT].[GeoRefDiv_PolObjId].&[170],170,16
[DMH_INCIDENT].[GeoRefDiv_PolObjId].&[171],171,294
[DMH_INCIDENT].[GeoRefDiv_PolObjId].&[172],172,244
[DMH_INCIDENT].[GeoRefDiv_PolObjId].&[173],173,850
[DMH_INCIDENT].[GeoRefDiv_PolObjId].&[174],174,33
[DMH_INCIDENT].[GeoRefDiv_PolObjId].&[175],175,744
[DMH_INCIDENT].[GeoRefDiv_PolObjId].&[176],176,14072
[DMH_INCIDENT].[GeoRefDiv_PolObjId].&[177],177,491
[DMH_INCIDENT].[GeoRefDiv_PolObjId].&[178],178,641
[DMH_INCIDENT].[GeoRefDiv_PolObjId].&[179],179,377
[DMH_INCIDENT].[GeoRefDiv_PolObjId].&[180],180,49
[DMH_INCIDENT].[GeoRefDiv_PolObjId].&[181],181,349
[DMH_INCIDENT].[GeoRefDiv_PolObjId].&[182],182,1835
[DMH_INCIDENT].[GeoRefDiv_PolObjId].&[183],183,1642
[DMH_INCIDENT].[GeoRefDiv_PolObjId].&[184],184,2920
[DMH_INCIDENT].[GeoRefDiv_PolObjId].&[185],185,56079
[DMH_INCIDENT].[GeoRefDiv_PolObjId].&[186],186,2317
[DMH_INCIDENT].[GeoRefDiv_PolObjId].&[187],187,1290
[DMH_INCIDENT].[GeoRefDiv_PolObjId].&[188],188,2343
[DMH_INCIDENT].[GeoRefDiv_PolObjId].&[189],189,4611
[DMH_INCIDENT].[GeoRefDiv_PolObjId].&[190],190,31984
[DMH_INCIDENT].[GeoRefDiv_PolObjId].&[191],191,540
[DMH_INCIDENT].[GeoRefDiv_PolObjId].&[192],192,36
[DMH_INCIDENT].[GeoRefDiv_PolObjId].&[193],193,826
[DMH_INCIDENT].[GeoRefDiv_PolObjId].&[194],194,586
[DMH_INCIDENT].[GeoRefDiv_PolObjId].&[195],195,23
[DMH_INCIDENT].[GeoRefDiv_PolObjId].&[196],196,787
[DMH_INCIDENT].[GeoRefDiv_PolObjId].&[197],197,289
[DMH_INCIDENT].[GeoRefDiv_PolObjId].&[198],198,130
[DMH_INCIDENT].[GeoRefDiv_PolObjId].&[199],199,412
[DMH_INCIDENT].[GeoRefDiv_PolObjId].&[200],200,127
[DMH_INCIDENT].[GeoRefDiv_PolObjId].&[201],201,605
[DMH_INCIDENT].[GeoRefDiv_PolObjId].&[202],202,784
[DMH_INCIDENT].[GeoRefDiv_PolObjId].&[203],203,34922
[DMH_INCIDENT].[GeoRefDiv_PolObjId].&[204],204,1044
[DMH_INCIDENT].[GeoRefDiv_PolObjId].&[205],205,9687
[DMH_INCIDENT].[GeoRefDiv_PolObjId].&[206],206,8518
[DMH_INCIDENT].[GeoRefDiv_PolObjId].&[207],207,887
[DMH_INCIDENT].[GeoRefDiv_PolObjId].&[208],208,175
[DMH_INCIDENT].[GeoRefDiv_PolObjId].&[209],209,2636
[DMH_INCIDENT].[GeoRefDiv_PolObjId].&[210],210,1818
[DMH_INCIDENT].[GeoRefDiv_PolObjId].&[211],211,3128
[DMH_INCIDENT].[GeoRefDiv_PolObjId].&[212],212,475461
[DMH_INCIDENT].[GeoRefDiv_PolObjId].&[213],213,12436
[DMH_INCIDENT].[GeoRefDiv_PolObjId].&[214],214,1490
[DMH_INCIDENT].[GeoRefDiv_PolObjId].&[215],215,2953
[DMH_INCIDENT].[GeoRefDiv_PolObjId].&[216],216,8751
[DMH_INCIDENT].[GeoRefDiv_PolObjId].&[217],217,4252
[DMH_INCIDENT].[GeoRefDiv_PolObjId].&[218],218,4800
[DMH_INCIDENT].[GeoRefDiv_PolObjId].&[219],219,31808
[DMH_INCIDENT].[GeoRefDiv_PolObjId].&[220],220,41257
[DMH_INCIDENT].[GeoRefDiv_PolObjId].&[221],221,2104
[DMH_INCIDENT].[GeoRefDiv_PolObjId].&[222],222,3510
[DMH_INCIDENT].[GeoRefDiv_PolObjId].&[223],223,8830
[DMH_INCIDENT].[GeoRefDiv_PolObjId].&[224],224,22092
[DMH_INCIDENT].[GeoRefDiv_PolObjId].&[225],225,993
[DMH_INCIDENT].[GeoRefDiv_PolObjId].&[226],226,1074
[DMH_INCIDENT].[GeoRefDiv_PolObjId].&[227],227,2597
[DMH_INCIDENT].[GeoRefDiv_PolObjId].&[228],228,643
[DMH_INCIDENT].[GeoRefDiv_PolObjId].&[229],229,158
[DMH_INCIDENT].[GeoRefDiv_PolObjId].&[230],230,5203
[DMH_INCIDENT].[GeoRefDiv_PolObjId].&[231],231,300
[DMH_INCIDENT].[GeoRefDiv_PolObjId].&[232],232,62
[DMH_INCIDENT].[GeoRefDiv_PolObjId].&[233],233,97864
[DMH_INCIDENT].[GeoRefDiv_PolObjId].&[234],234,2712
[DMH_INCIDENT].[GeoRefDiv_PolObjId].&[235],235,4084
[DMH_INCIDENT].[GeoRefDiv_PolObjId].&[236],236,4774
[DMH_INCIDENT].[GeoRefDiv_PolObjId].&[237],237,78
[DMH_INCIDENT].[GeoRefDiv_PolObjId].&[238],238,4589
[DMH_INCIDENT].[GeoRefDiv_PolObjId].&[239],239,7875
[DMH_INCIDENT].[GeoRefDiv_PolObjId].&[240],240,10031
[DMH_INCIDENT].[GeoRefDiv_PolObjId].&[241],241,1633
[DMH_INCIDENT].[GeoRefDiv_PolObjId].&[242],242,238
[DMH_INCIDENT].[GeoRefDiv_PolObjId].&[243],243,16352
[DMH_INCIDENT].[GeoRefDiv_PolObjId].&[244],244,319
[DMH_INCIDENT].[GeoRefDiv_PolObjId].&[245],245,172
[DMH_INCIDENT].[GeoRefDiv_PolObjId].&[246],246,91
[DMH_INCIDENT].[GeoRefDiv_PolObjId].&[247],247,9422
[DMH_INCIDENT].[GeoRefDiv_PolObjId].&[248],248,924
[DMH_INCIDENT].[GeoRefDiv_PolObjId].&[249],249,1051
[DMH_INCIDENT].[GeoRefDiv_PolObjId].&[250],250,2307
[DMH_INCIDENT].[GeoRefDiv_PolObjId].&[251],251,2982
[DMH_INCIDENT].[GeoRefDiv_PolObjId].&[252],252,2391
[DMH_INCIDENT].[GeoRefDiv_PolObjId].&[253],253,2118
[DMH_INCIDENT].[GeoRefDiv_PolObjId].&[254],254,1262
[DMH_INCIDENT].[GeoRefDiv_PolObjId].&[255],255,545
[DMH_INCIDENT].[GeoRefDiv_PolObjId].&[256],256,2406
[DMH_INCIDENT].[GeoRefDiv_PolObjId].&[257],257,2897
[DMH_INCIDENT].[GeoRefDiv_PolObjId].&[258],258,1451
[DMH_INCIDENT].[GeoRefDiv_PolObjId].&[259],259,11330
[DMH_INCIDENT].[GeoRefDiv_PolObjId].&[260],260,8114
[DMH_INCIDENT].[GeoRefDiv_PolObjId].&[261],261,1140
[DMH_INCIDENT].[GeoRefDiv_PolObjId].&[262],262,4427
[DMH_INCIDENT].[GeoRefDiv_PolObjId].&[263],263,2284
[DMH_INCIDENT].[GeoRefDiv_PolObjId].&[264],264,74
[DMH_INCIDENT].[GeoRefDiv_PolObjId].&[265],265,62
[DMH_INCIDENT].[GeoRefDiv_PolObjId].&[266],266,854
[DMH_INCIDENT].[GeoRefDiv_PolObjId].&[267],267,258
[DMH_INCIDENT].[GeoRefDiv_PolObjId].&[268],268,5740
[DMH_INCIDENT].[GeoRefDiv_PolObjId].&[269],269,250
[DMH_INCIDENT].[GeoRefDiv_PolObjId].&[270],270,725
[DMH_INCIDENT].[GeoRefDiv_PolObjId].&[271],271,2823
[DMH_INCIDENT].[GeoRefDiv_PolObjId].&[272],272,779
[DMH_INCIDENT].[GeoRefDiv_PolObjId].&[273],273,21
[DMH_INCIDENT].[GeoRefDiv_PolObjId].&[274],274,2416
[DMH_INCIDENT].[GeoRefDiv_PolObjId].&[275],275,116974
[DMH_INCIDENT].[GeoRefDiv_PolObjId].&[276],276,1228
[DMH_INCIDENT].[GeoRefDiv_PolObjId].&[277],277,1410
[DMH_INCIDENT].[GeoRefDiv_PolObjId].&[278],278,2004
[DMH_INCIDENT].[GeoRefDiv_PolObjId].&[279],279,1214
[DMH_INCIDENT].[GeoRefDiv_PolObjId].&[280],280,349
[DMH_INCIDENT].[GeoRefDiv_PolObjId].&[281],281,15
[DMH_INCIDENT].[GeoRefDiv_PolObjId].&[282],282,75
[DMH_INCIDENT].[GeoRefDiv_PolObjId].&[283],283,302
[DMH_INCIDENT].[GeoRefDiv_PolObjId].&[284],284,6643
[DMH_INCIDENT].[GeoRefDiv_PolObjId].&[285],285,12128
[DMH_INCIDENT].[GeoRefDiv_PolObjId].&[286],286,1030
[DMH_INCIDENT].[GeoRefDiv_PolObjId].&[287],287,2423
[DMH_INCIDENT].[GeoRefDiv_PolObjId].&[288],288,1349
[DMH_INCIDENT].[GeoRefDiv_PolObjId].&[289],289,4309
[DMH_INCIDENT].[GeoRefDiv_PolObjId].&[290],290,2687
[DMH_INCIDENT].[GeoRefDiv_PolObjId].&[291],291,15603
[DMH_INCIDENT].[GeoRefDiv_PolObjId].&[292],292,2917
[DMH_INCIDENT].[GeoRefDiv_PolObjId].&[293],293,719
[DMH_INCIDENT].[GeoRefDiv_PolObjId].&[294],294,4475
[DMH_INCIDENT].[GeoRefDiv_PolObjId].&[295],295,570
[DMH_INCIDENT].[GeoRefDiv_PolObjId].&[296],296,43887
[DMH_INCIDENT].[GeoRefDiv_PolObjId].&[297],297,45644
[DMH_INCIDENT].[GeoRefDiv_PolObjId].&[298],298,307
[DMH_INCIDENT].[GeoRefDiv_PolObjId].&[299],299,14347
[DMH_INCIDENT].[GeoRefDiv_PolObjId].&[300],300,335428
[DMH_INCIDENT].[GeoRefDiv_PolObjId].&[301],301,156923
[DMH_INCIDENT].[GeoRefDiv_PolObjId].&[302],302,69271
[DMH_INCIDENT].[GeoRefDiv_PolObjId].&[303],303,218
[DMH_INCIDENT].[GeoRefDiv_PolObjId].&[304],304,6504
[DMH_INCIDENT].[GeoRefDiv_PolObjId].&[305],305,26669
[DMH_INCIDENT].[GeoRefDiv_PolObjId].&[306],306,1190
[DMH_INCIDENT].[GeoRefDiv_PolObjId].&[307],307,6877
[DMH_INCIDENT].[GeoRefDiv_PolObjId].&[308],308,26488
[DMH_INCIDENT].[GeoRefDiv_PolObjId].&[309],309,8044
[DMH_INCIDENT].[GeoRefDiv_PolObjId].&[310],310,22218
[DMH_INCIDENT].[GeoRefDiv_PolObjId].&[311],311,6010
[DMH_INCIDENT].[GeoRefDiv_PolObjId].&[312],312,1374
[DMH_INCIDENT].[GeoRefDiv_PolObjId].&[313],313,8135
[DMH_INCIDENT].[GeoRefDiv_PolObjId].&[314],314,21588
[DMH_INCIDENT].[GeoRefDiv_PolObjId].&[315],315,3825
[DMH_INCIDENT].[GeoRefDiv_PolObjId].&[316],316,2181
[DMH_INCIDENT].[GeoRefDiv_PolObjId].&[317],317,1048
[DMH_INCIDENT].[GeoRefDiv_PolObjId].&[318],318,35460
[DMH_INCIDENT].[GeoRefDiv_PolObjId].&[319],319,21729
[DMH_INCIDENT].[GeoRefDiv_PolObjId].&[320],320,51986
[DMH_INCIDENT].[GeoRefDiv_PolObjId].&[321],321,1771
[DMH_INCIDENT].[GeoRefDiv_PolObjId].&[322],322,24450
[DMH_INCIDENT].[GeoRefDiv_PolObjId].&[323],323,64561
[DMH_INCIDENT].[GeoRefDiv_PolObjId].&[324],324,2049
[DMH_INCIDENT].[GeoRefDiv_PolObjId].&[325],325,13723
[DMH_INCIDENT].[GeoRefDiv_PolObjId].&[326],326,105353
[DMH_INCIDENT].[GeoRefDiv_PolObjId].&[327],327,38004
[DMH_INCIDENT].[GeoRefDiv_PolObjId].&[328],328,6677
[DMH_INCIDENT].[GeoRefDiv_PolObjId].&[329],329,63052
[DMH_INCIDENT].[GeoRefDiv_PolObjId].&[330],330,6002
[DMH_INCIDENT].[GeoRefDiv_PolObjId].&[331],331,4973
[DMH_INCIDENT].[GeoRefDiv_PolObjId].&[332],332,1680
[DMH_INCIDENT].[GeoRefDiv_PolObjId].&[333],333,1325
[DMH_INCIDENT].[GeoRefDiv_PolObjId].&[334],334,4001
[DMH_INCIDENT].[GeoRefDiv_PolObjId].&[335],335,75523
[DMH_INCIDENT].[GeoRefDiv_PolObjId].&[336],336,28499
[DMH_INCIDENT].[GeoRefDiv_PolObjId].&[337],337,22121
[DMH_INCIDENT].[GeoRefDiv_PolObjId].&[338],338,1794
[DMH_INCIDENT].[GeoRefDiv_PolObjId].&[339],339,13505
[DMH_INCIDENT].[GeoRefDiv_PolObjId].&[340],340,23330
[DMH_INCIDENT].[GeoRefDiv_PolObjId].&[341],341,24630
[DMH_INCIDENT].[GeoRefDiv_PolObjId].&[342],342,2231
[DMH_INCIDENT].[GeoRefDiv_PolObjId].&[343],343,4487
[DMH_INCIDENT].[GeoRefDiv_PolObjId].&[344],344,2598
[DMH_INCIDENT].[GeoRefDiv_PolObjId].&[345],345,1909
[DMH_INCIDENT].[GeoRefDiv_PolObjId].&[346],346,8528
[DMH_INCIDENT].[GeoRefDiv_PolObjId].&[347],347,381
[DMH_INCIDENT].[GeoRefDiv_PolObjId].&[348],348,9474
[DMH_INCIDENT].[GeoRefDiv_PolObjId].&[349],349,4923
[DMH_INCIDENT].[GeoRefDiv_PolObjId].&[350],350,9786
[DMH_INCIDENT].[GeoRefDiv_PolObjId].&[351],351,12211
[DMH_INCIDENT].[GeoRefDiv_PolObjId].&[352],352,2567
[DMH_INCIDENT].[GeoRefDiv_PolObjId].&[353],353,16092
[DMH_INCIDENT].[GeoRefDiv_PolObjId].&[354],354,1443
[DMH_INCIDENT].[GeoRefDiv_PolObjId].&[355],355,25094
[DMH_INCIDENT].[GeoRefDiv_PolObjId].&[356],356,28007
[DMH_INCIDENT].[GeoRefDiv_PolObjId].&[357],357,4164
[DMH_INCIDENT].[GeoRefDiv_PolObjId].&[358],358,4390
[DMH_INCIDENT].[GeoRefDiv_PolObjId].&[359],359,2664
[DMH_INCIDENT].[GeoRefDiv_PolObjId].&[360],360,4716
[DMH_INCIDENT].[GeoRefDiv_PolObjId].&[361],361,3581
[DMH_INCIDENT].[GeoRefDiv_PolObjId].&[362],362,11759
[DMH_INCIDENT].[GeoRefDiv_PolObjId].&[363],363,1891
[DMH_INCIDENT].[GeoRefDiv_PolObjId].&[364],364,28120
[DMH_INCIDENT].[GeoRefDiv_PolObjId].&[365],365,16034
[DMH_INCIDENT].[GeoRefDiv_PolObjId].&[366],366,5128
[DMH_INCIDENT].[GeoRefDiv_PolObjId].&[367],367,4182
[DMH_INCIDENT].[GeoRefDiv_PolObjId].&[368],368,40750
[DMH_INCIDENT].[GeoRefDiv_PolObjId].&[369],369,365
[DMH_INCIDENT].[GeoRefDiv_PolObjId].&[370],370,2346
[DMH_INCIDENT].[GeoRefDiv_PolObjId].&[371],371,1428
[DMH_INCIDENT].[GeoRefDiv_PolObjId].&[372],372,5201
[DMH_INCIDENT].[GeoRefDiv_PolObjId].&[373],373,12040
[DMH_INCIDENT].[GeoRefDiv_PolObjId].&[374],374,7249
[DMH_INCIDENT].[GeoRefDiv_PolObjId].&[375],375,888
[DMH_INCIDENT].[GeoRefDiv_PolObjId].&[376],376,10511
[DMH_INCIDENT].[GeoRefDiv_PolObjId].&[377],377,372
[DMH_INCIDENT].[GeoRefDiv_PolObjId].&[378],378,727
[DMH_INCIDENT].[GeoRefDiv_PolObjId].&[379],379,732
[DMH_INCIDENT].[GeoRefDiv_PolObjId].&[380],380,10821
[DMH_INCIDENT].[GeoRefDiv_PolObjId].&[381],381,1252
[DMH_INCIDENT].[GeoRefDiv_PolObjId].&[382],382,1034
[DMH_INCIDENT].[GeoRefDiv_PolObjId].&[383],383,39887
[DMH_INCIDENT].[GeoRefDiv_PolObjId].&[384],384,2386
[DMH_INCIDENT].[GeoRefDiv_PolObjId].&[385],385,723
[DMH_INCIDENT].[GeoRefDiv_PolObjId].&[386],386,798
[DMH_INCIDENT].[GeoRefDiv_PolObjId].&[387],387,1066
[DMH_INCIDENT].[GeoRefDiv_PolObjId].&[388],388,1163
[DMH_INCIDENT].[GeoRefDiv_PolObjId].&[389],389,3645
[DMH_INCIDENT].[GeoRefDiv_PolObjId].&[390],390,3503
[DMH_INCIDENT].[GeoRefDiv_PolObjId].&[391],391,3832
[DMH_INCIDENT].[GeoRefDiv_PolObjId].&[392],392,26789
[DMH_INCIDENT].[GeoRefDiv_PolObjId].&[393],393,146
[DMH_INCIDENT].[GeoRefDiv_PolObjId].&[394],394,980
[DMH_INCIDENT].[GeoRefDiv_PolObjId].&[395],395,587
[DMH_INCIDENT].[GeoRefDiv_PolObjId].&[396],396,1856
[DMH_INCIDENT].[GeoRefDiv_PolObjId].&[397],397,3713
[DMH_INCIDENT].[GeoRefDiv_PolObjId].&[398],398,551
[DMH_INCIDENT].[GeoRefDiv_PolObjId].&[399],399,3033
[DMH_INCIDENT].[GeoRefDiv_PolObjId].&[400],400,11914
[DMH_INCIDENT].[GeoRefDiv_PolObjId].&[401],401,746
[DMH_INCIDENT].[GeoRefDiv_PolObjId].&[402],402,184712
[DMH_INCIDENT].[GeoRefDiv_PolObjId].&[403],403,2555
[DMH_INCIDENT].[GeoRefDiv_PolObjId].&[404],404,7760
[DMH_INCIDENT].[GeoRefDiv_PolObjId].&[405],405,5701
[DMH_INCIDENT].[GeoRefDiv_PolObjId].&[406],406,5228
[DMH_INCIDENT].[GeoRefDiv_PolObjId].&[407],407,2205
[DMH_INCIDENT].[GeoRefDiv_PolObjId].&[408],408,7246
[DMH_INCIDENT].[GeoRefDiv_PolObjId].&[409],409,10972
[DMH_INCIDENT].[GeoRefDiv_PolObjId].&[410],410,1098
[DMH_INCIDENT].[GeoRefDiv_PolObjId].&[411],411,2497
[DMH_INCIDENT].[GeoRefDiv_PolObjId].&[412],412,516
[DMH_INCIDENT].[GeoRefDiv_PolObjId].&[413],413,8151
[DMH_INCIDENT].[GeoRefDiv_PolObjId].&[414],414,4746
[DMH_INCIDENT].[GeoRefDiv_PolObjId].&[415],415,16
[DMH_INCIDENT].[GeoRefDiv_PolObjId].&[416],416,24
[DMH_INCIDENT].[GeoRefDiv_PolObjId].&[417],417,46
[DMH_INCIDENT].[GeoRefDiv_PolObjId].&[418],418,42652
[DMH_INCIDENT].[GeoRefDiv_PolObjId].&[419],419,4449
[DMH_INCIDENT].[GeoRefDiv_PolObjId].&[420],420,76
[DMH_INCIDENT].[GeoRefDiv_PolObjId].&[421],421,1795
[DMH_INCIDENT].[GeoRefDiv_PolObjId].&[422],422,4408
[DMH_INCIDENT].[GeoRefDiv_PolObjId].&[423],423,2709
[DMH_INCIDENT].[GeoRefDiv_PolObjId].&[424],424,381
[DMH_INCIDENT].[GeoRefDiv_PolObjId].&[425],425,64
[DMH_INCIDENT].[GeoRefDiv_PolObjId].&[426],426,472
[DMH_INCIDENT].[GeoRefDiv_PolObjId].&[427],427,28
[DMH_INCIDENT].[GeoRefDiv_PolObjId].&[428],428,47
[DMH_INCIDENT].[GeoRefDiv_PolObjId].&[429],429,10538
[DMH_INCIDENT].[GeoRefDiv_PolObjId].&[430],430,140
[DMH_INCIDENT].[GeoRefDiv_PolObjId].&[431],431,2541
[DMH_INCIDENT].[GeoRefDiv_PolObjId].&[432],432,6611
[DMH_INCIDENT].[GeoRefDiv_PolObjId].&[433],433,396
[DMH_INCIDENT].[GeoRefDiv_PolObjId].&[434],434,635
[DMH_INCIDENT].[GeoRefDiv_PolObjId].&[435],435,143573
[DMH_INCIDENT].[GeoRefDiv_PolObjId].&[436],436,3803
[DMH_INCIDENT].[GeoRefDiv_PolObjId].&[437],437,16709
[DMH_INCIDENT].[GeoRefDiv_PolObjId].&[438],438,140
[DMH_INCIDENT].[GeoRefDiv_PolObjId].&[439],439,2189
[DMH_INCIDENT].[GeoRefDiv_PolObjId].&[440],440,33
[DMH_INCIDENT].[GeoRefDiv_PolObjId].&[441],441,415
[DMH_INCIDENT].[GeoRefDiv_PolObjId].&[442],442,363
[DMH_INCIDENT].[GeoRefDiv_PolObjId].&[443],443,1439
[DMH_INCIDENT].[GeoRefDiv_PolObjId].&[444],444,2058
[DMH_INCIDENT].[GeoRefDiv_PolObjId].&[445],445,1152
[DMH_INCIDENT].[GeoRefDiv_PolObjId].&[446],446,1747
[DMH_INCIDENT].[GeoRefDiv_PolObjId].&[447],447,145
[DMH_INCIDENT].[GeoRefDiv_PolObjId].&[448],448,34
[DMH_INCIDENT].[GeoRefDiv_PolObjId].&[449],449,297
[DMH_INCIDENT].[GeoRefDiv_PolObjId].&[450],450,4
[DMH_INCIDENT].[GeoRefDiv_PolObjId].&[451],451,339
[DMH_INCIDENT].[GeoRefDiv_PolObjId].&[452],452,16
[DMH_INCIDENT].[GeoRefDiv_PolObjId].&[453],453,22289
[DMH_INCIDENT].[GeoRefDiv_PolObjId].&[454],454,1006
[DMH_INCIDENT].[GeoRefDiv_PolObjId].&[455],455,313
[DMH_INCIDENT].[GeoRefDiv_PolObjId].&[456],456,827
[DMH_INCIDENT].[GeoRefDiv_PolObjId].&[457],457,2620
[DMH_INCIDENT].[GeoRefDiv_PolObjId].&[458],458,8430
[DMH_INCIDENT].[GeoRefDiv_PolObjId].&[459],459,283
[DMH_INCIDENT].[GeoRefDiv_PolObjId].&[460],460,1037
[DMH_INCIDENT].[GeoRefDiv_PolObjId].&[461],461,589
[DMH_INCIDENT].[GeoRefDiv_PolObjId].&[462],462,7615
[DMH_INCIDENT].[GeoRefDiv_PolObjId].&[463],463,6571
[DMH_INCIDENT].[GeoRefDiv_PolObjId].&[464],464,880
[DMH_INCIDENT].[GeoRefDiv_PolObjId].&[465],465,403
[DMH_INCIDENT].[GeoRefDiv_PolObjId].&[466],466,746
[DMH_INCIDENT].[GeoRefDiv_PolObjId].&[467],467,397
[DMH_INCIDENT].[GeoRefDiv_PolObjId].&[468],468,677633
[DMH_INCIDENT].[GeoRefDiv_PolObjId].&[469],469,12754
[DMH_INCIDENT].[GeoRefDiv_PolObjId].&[470],470,7704
[DMH_INCIDENT].[GeoRefDiv_PolObjId].&[471],471,13995
[DMH_INCIDENT].[GeoRefDiv_PolObjId].&[472],472,7288
[DMH_INCIDENT].[GeoRefDiv_PolObjId].&[473],473,9531
[DMH_INCIDENT].[GeoRefDiv_PolObjId].&[474],474,2647
[DMH_INCIDENT].[GeoRefDiv_PolObjId].&[475],475,2383
[DMH_INCIDENT].[GeoRefDiv_PolObjId].&[476],476,2533
[DMH_INCIDENT].[GeoRefDiv_PolObjId].&[477],477,2751
[DMH_INCIDENT].[GeoRefDiv_PolObjId].&[478],478,478
[DMH_INCIDENT].[GeoRefDiv_PolObjId].&[479],479,3841162
[DMH_INCIDENT].[GeoRefDiv_PolObjId].&[480],480,4251
[DMH_INCIDENT].[GeoRefDiv_PolObjId].&[481],481,20849
[DMH_INCIDENT].[GeoRefDiv_PolObjId].&[482],482,2824
[DMH_INCIDENT].[GeoRefDiv_PolObjId].&[483],483,8556
[DMH_INCIDENT].[GeoRefDiv_PolObjId].&[484],484,249814
[DMH_INCIDENT].[GeoRefDiv_PolObjId].&[485],485,598475
[DMH_INCIDENT].[GeoRefDiv_PolObjId].&[486],486,6514
[DMH_INCIDENT].[GeoRefDiv_PolObjId].&[487],487,8910
[DMH_INCIDENT].[GeoRefDiv_PolObjId].&[488],488,12257
[DMH_INCIDENT].[GeoRefDiv_PolObjId].&[489],489,22850
[DMH_INCIDENT].[GeoRefDiv_PolObjId].&[490],490,19993
[DMH_INCIDENT].[GeoRefDiv_PolObjId].&[491],491,5850
[DMH_INCIDENT].[GeoRefDiv_PolObjId].&[492],492,239
[DMH_INCIDENT].[GeoRefDiv_PolObjId].&[493],493,2636
[DMH_INCIDENT].[GeoRefDiv_PolObjId].&[494],494,4633
[DMH_INCIDENT].[GeoRefDiv_PolObjId].&[495],495,5992
[DMH_INCIDENT].[GeoRefDiv_PolObjId].&[496],496,6146
[DMH_INCIDENT].[GeoRefDiv_PolObjId].&[497],497,7839
[DMH_INCIDENT].[GeoRefDiv_PolObjId].&[498],498,1323
[DMH_INCIDENT].[GeoRefDiv_PolObjId].&[499],499,8006
[DMH_INCIDENT].[GeoRefDiv_PolObjId].&[500],500,3958
[DMH_INCIDENT].[GeoRefDiv_PolObjId].&[501],501,29427
[DMH_INCIDENT].[GeoRefDiv_PolObjId].&[502],502,10893
[DMH_INCIDENT].[GeoRefDiv_PolObjId].&[503],503,4210
[DMH_INCIDENT].[GeoRefDiv_PolObjId].&[504],504,13315
[DMH_INCIDENT].[GeoRefDiv_PolObjId].&[505],505,2473
[DMH_INCIDENT].[GeoRefDiv_PolObjId].&[506],506,15417
[DMH_INCIDENT].[GeoRefDiv_PolObjId].&[507],507,8838
[DMH_INCIDENT].[GeoRefDiv_PolObjId].&[508],508,17766
[DMH_INCIDENT].[GeoRefDiv_PolObjId].&[509],509,25000
[DMH_INCIDENT].[GeoRefDiv_PolObjId].&[510],510,4730
[DMH_INCIDENT].[GeoRefDiv_PolObjId].&[511],511,10998
[DMH_INCIDENT].[GeoRefDiv_PolObjId].&[512],512,2259
[DMH_INCIDENT].[GeoRefDiv_PolObjId].&[513],513,366
[DMH_INCIDENT].[GeoRefDiv_PolObjId].&[514],514,35201
[DMH_INCIDENT].[GeoRefDiv_PolObjId].&[515],515,868
[DMH_INCIDENT].[GeoRefDiv_PolObjId].&[516],516,1411
[DMH_INCIDENT].[GeoRefDiv_PolObjId].&[517],517,1549
[DMH_INCIDENT].[GeoRefDiv_PolObjId].&[518],518,1151
[DMH_INCIDENT].[GeoRefDiv_PolObjId].&[519],519,2183
[DMH_INCIDENT].[GeoRefDiv_PolObjId].&[520],520,897
[DMH_INCIDENT].[GeoRefDiv_PolObjId].&[521],521,1324
[DMH_INCIDENT].[GeoRefDiv_PolObjId].&[522],522,635
[DMH_INCIDENT].[GeoRefDiv_PolObjId].&[523],523,879
[DMH_INCIDENT].[GeoRefDiv_PolObjId].&[524],524,598
[DMH_INCIDENT].[GeoRefDiv_PolObjId].&[525],525,813
[DMH_INCIDENT].[GeoRefDiv_PolObjId].&[526],526,15584
[DMH_INCIDENT].[GeoRefDiv_PolObjId].&[527],527,665
[DMH_INCIDENT].[GeoRefDiv_PolObjId].&[528],528,1726
[DMH_INCIDENT].[GeoRefDiv_PolObjId].&[529],529,3377
[DMH_INCIDENT].[GeoRefDiv_PolObjId].&[530],530,210
[DMH_INCIDENT].[GeoRefDiv_PolObjId].&[531],531,3185
[DMH_INCIDENT].[GeoRefDiv_PolObjId].&[532],532,511
[DMH_INCIDENT].[GeoRefDiv_PolObjId].&[533],533,697
[DMH_INCIDENT].[GeoRefDiv_PolObjId].&[534],534,4326
[DMH_INCIDENT].[GeoRefDiv_PolObjId].&[535],535,393
[DMH_INCIDENT].[GeoRefDiv_PolObjId].&[536],536,1207
[DMH_INCIDENT].[GeoRefDiv_PolObjId].&[537],537,210
[DMH_INCIDENT].[GeoRefDiv_PolObjId].&[538],538,14398
[DMH_INCIDENT].[GeoRefDiv_PolObjId].&[539],539,4539
[DMH_INCIDENT].[GeoRefDiv_PolObjId].&[540],540,249
[DMH_INCIDENT].[GeoRefDiv_PolObjId].&[541],541,9970
[DMH_INCIDENT].[GeoRefDiv_PolObjId].&[542],542,1095
[DMH_INCIDENT].[GeoRefDiv_PolObjId].&[543],543,1057
[DMH_INCIDENT].[GeoRefDiv_PolObjId].&[544],544,437
[DMH_INCIDENT].[GeoRefDiv_PolObjId].&[545],545,1171
[DMH_INCIDENT].[GeoRefDiv_PolObjId].&[546],546,1763
[DMH_INCIDENT].[GeoRefDiv_PolObjId].&[547],547,707
[DMH_INCIDENT].[GeoRefDiv_PolObjId].&[548],548,2270
[DMH_INCIDENT].[GeoRefDiv_PolObjId].&[549],549,999
[DMH_INCIDENT].[GeoRefDiv_PolObjId].&[550],550,5380
[DMH_INCIDENT].[GeoRefDiv_PolObjId].&[551],551,389
[DMH_INCIDENT].[GeoRefDiv_PolObjId].&[552],552,956
[DMH_INCIDENT].[GeoRefDiv_PolObjId].&[553],553,443
[DMH_INCIDENT].[GeoRefDiv_PolObjId].&[554],554,514
[DMH_INCIDENT].[GeoRefDiv_PolObjId].&[555],555,900
[DMH_INCIDENT].[GeoRefDiv_PolObjId].&[556],556,620
[DMH_INCIDENT].[GeoRefDiv_PolObjId].&[557],557,752
[DMH_INCIDENT].[GeoRefDiv_PolObjId].&[558],558,242
[DMH_INCIDENT].[GeoRefDiv_PolObjId].&[559],559,640
[DMH_INCIDENT].[GeoRefDiv_PolObjId].&[560],560,1903
[DMH_INCIDENT].[GeoRefDiv_PolObjId].&[561],561,22066
[DMH_INCIDENT].[GeoRefDiv_PolObjId].&[562],562,460
[DMH_INCIDENT].[GeoRefDiv_PolObjId].&[563],563,78448
[DMH_INCIDENT].[GeoRefDiv_PolObjId].&[564],564,2843
[DMH_INCIDENT].[GeoRefDiv_PolObjId].&[565],565,4818
[DMH_INCIDENT].[GeoRefDiv_PolObjId].&[566],566,10018
[DMH_INCIDENT].[GeoRefDiv_PolObjId].&[567],567,2472
[DMH_INCIDENT].[GeoRefDiv_PolObjId].&[568],568,563
[DMH_INCIDENT].[GeoRefDiv_PolObjId].&[569],569,293
[DMH_INCIDENT].[GeoRefDiv_PolObjId].&[570],570,2197
[DMH_INCIDENT].[GeoRefDiv_PolObjId].&[571],571,273
[DMH_INCIDENT].[GeoRefDiv_PolObjId].&[572],572,13911
[DMH_INCIDENT].[GeoRefDiv_PolObjId].&[573],573,1718
[DMH_INCIDENT].[GeoRefDiv_PolObjId].&[574],574,1317
[DMH_INCIDENT].[GeoRefDiv_PolObjId].&[575],575,536
[DMH_INCIDENT].[GeoRefDiv_PolObjId].&[576],576,475
[DMH_INCIDENT].[GeoRefDiv_PolObjId].&[577],577,18362
[DMH_INCIDENT].[GeoRefDiv_PolObjId].&[578],578,827
[DMH_INCIDENT].[GeoRefDiv_PolObjId].&[579],579,645
[DMH_INCIDENT].[GeoRefDiv_PolObjId].&[580],580,543
[DMH_INCIDENT].[GeoRefDiv_PolObjId].&[581],581,959
[DMH_INCIDENT].[GeoRefDiv_PolObjId].&[582],582,2253
[DMH_INCIDENT].[GeoRefDiv_PolObjId].&[583],583,1975
[DMH_INCIDENT].[GeoRefDiv_PolObjId].&[584],584,699
[DMH_INCIDENT].[GeoRefDiv_PolObjId].&[585],585,374
[DMH_INCIDENT].[GeoRefDiv_PolObjId].&[586],586,1478
[DMH_INCIDENT].[GeoRefDiv_PolObjId].&[587],587,427
[DMH_INCIDENT].[GeoRefDiv_PolObjId].&[588],588,2265
[DMH_INCIDENT].[GeoRefDiv_PolObjId].&[589],589,69222
[DMH_INCIDENT].[GeoRefDiv_PolObjId].&[590],590,2758
[DMH_INCIDENT].[GeoRefDiv_PolObjId].&[591],591,5748
[DMH_INCIDENT].[GeoRefDiv_PolObjId].&[592],592,7397
[DMH_INCIDENT].[GeoRefDiv_PolObjId].&[593],593,5132
[DMH_INCIDENT].[GeoRefDiv_PolObjId].&[594],594,1645
[DMH_INCIDENT].[GeoRefDiv_PolObjId].&[595],595,3212
[DMH_INCIDENT].[GeoRefDiv_PolObjId].&[596],596,504339
[DMH_INCIDENT].[GeoRefDiv_PolObjId].&[597],597,7949
[DMH_INCIDENT].[GeoRefDiv_PolObjId].&[598],598,29427
[DMH_INCIDENT].[GeoRefDiv_PolObjId].&[599],599,4171
[DMH_INCIDENT].[GeoRefDiv_PolObjId].&[600],600,1937
[DMH_INCIDENT].[GeoRefDiv_PolObjId].&[601],601,1051
[DMH_INCIDENT].[GeoRefDiv_PolObjId].&[602],602,2957
[DMH_INCIDENT].[GeoRefDiv_PolObjId].&[603],603,778
[DMH_INCIDENT].[GeoRefDiv_PolObjId].&[604],604,654
[DMH_INCIDENT].[GeoRefDiv_PolObjId].&[605],605,133
[DMH_INCIDENT].[GeoRefDiv_PolObjId].&[606],606,367
[DMH_INCIDENT].[GeoRefDiv_PolObjId].&[607],607,107
[DMH_INCIDENT].[GeoRefDiv_PolObjId].&[608],608,7393
[DMH_INCIDENT].[GeoRefDiv_PolObjId].&[609],609,1562
[DMH_INCIDENT].[GeoRefDiv_PolObjId].&[610],610,1515
[DMH_INCIDENT].[GeoRefDiv_PolObjId].&[611],611,41798
[DMH_INCIDENT].[GeoRefDiv_PolObjId].&[612],612,7672
[DMH_INCIDENT].[GeoRefDiv_PolObjId].&[613],613,5614
[DMH_INCIDENT].[GeoRefDiv_PolObjId].&[614],614,4307
[DMH_INCIDENT].[GeoRefDiv_PolObjId].&[615],615,8801
[DMH_INCIDENT].[GeoRefDiv_PolObjId].&[616],616,80960
[DMH_INCIDENT].[GeoRefDiv_PolObjId].&[617],617,6424
[DMH_INCIDENT].[GeoRefDiv_PolObjId].&[618],618,138
[DMH_INCIDENT].[GeoRefDiv_PolObjId].&[619],619,98121
[DMH_INCIDENT].[GeoRefDiv_PolObjId].&[620],620,9699
[DMH_INCIDENT].[GeoRefDiv_PolObjId].&[621],621,3726
[DMH_INCIDENT].[GeoRefDiv_PolObjId].&[622],622,5697
[DMH_INCIDENT].[GeoRefDiv_PolObjId].&[623],623,3611
[DMH_INCIDENT].[GeoRefDiv_PolObjId].&[624],624,448
[DMH_INCIDENT].[GeoRefDiv_PolObjId].&[625],625,1888
[DMH_INCIDENT].[GeoRefDiv_PolObjId].&[626],626,20661
[DMH_INCIDENT].[GeoRefDiv_PolObjId].&[627],627,772
[DMH_INCIDENT].[GeoRefDiv_PolObjId].&[628],628,331
[DMH_INCIDENT].[GeoRefDiv_PolObjId].&[629],629,1067
[DMH_INCIDENT].[GeoRefDiv_PolObjId].&[630],630,268
[DMH_INCIDENT].[GeoRefDiv_PolObjId].&[631],631,306
[DMH_INCIDENT].[GeoRefDiv_PolObjId].&[632],632,2759
[DMH_INCIDENT].[GeoRefDiv_PolObjId].&[633],633,18245
[DMH_INCIDENT].[GeoRefDiv_PolObjId].&[634],634,220
[DMH_INCIDENT].[GeoRefDiv_PolObjId].&[635],635,221
[DMH_INCIDENT].[GeoRefDiv_PolObjId].&[636],636,409
[DMH_INCIDENT].[GeoRefDiv_PolObjId].&[637],637,100263
[DMH_INCIDENT].[GeoRefDiv_PolObjId].&[638],638,4203
[DMH_INCIDENT].[GeoRefDiv_PolObjId].&[639],639,1525
[DMH_INCIDENT].[GeoRefDiv_PolObjId].&[640],640,3248
[DMH_INCIDENT].[GeoRefDiv_PolObjId].&[641],641,1593
[DMH_INCIDENT].[GeoRefDiv_PolObjId].&[642],642,1503
[DMH_INCIDENT].[GeoRefDiv_PolObjId].&[643],643,2673
[DMH_INCIDENT].[GeoRefDiv_PolObjId].&[644],644,1667
[DMH_INCIDENT].[GeoRefDiv_PolObjId].&[645],645,13915
[DMH_INCIDENT].[GeoRefDiv_PolObjId].&[646],646,184
[DMH_INCIDENT].[GeoRefDiv_PolObjId].&[647],647,430
[DMH_INCIDENT].[GeoRefDiv_PolObjId].&[648],648,292
[DMH_INCIDENT].[GeoRefDiv_PolObjId].&[649],649,650
[DMH_INCIDENT].[GeoRefDiv_PolObjId].&[650],650,1404
[DMH_INCIDENT].[GeoRefDiv_PolObjId].&[651],651,1569
[DMH_INCIDENT].[GeoRefDiv_PolObjId].&[652],652,545
[DMH_INCIDENT].[GeoRefDiv_PolObjId].&[653],653,485
[DMH_INCIDENT].[GeoRefDiv_PolObjId].&[654],654,272
[DMH_INCIDENT].[GeoRefDiv_PolObjId].&[655],655,1728
[DMH_INCIDENT].[GeoRefDiv_PolObjId].&[656],656,143
[DMH_INCIDENT].[GeoRefDiv_PolObjId].&[657],657,252
[DMH_INCIDENT].[GeoRefDiv_PolObjId].&[658],658,49
[DMH_INCIDENT].[GeoRefDiv_PolObjId].&[659],659,3952576
[DMH_INCIDENT].[GeoRefDiv_PolObjId].&[660],660,17813
[DMH_INCIDENT].[GeoRefDiv_PolObjId].&[661],661,5153
[DMH_INCIDENT].[GeoRefDiv_PolObjId].&[662],662,22215
[DMH_INCIDENT].[GeoRefDiv_PolObjId].&[663],663,3498
[DMH_INCIDENT].[GeoRefDiv_PolObjId].&[664],664,8029
[DMH_INCIDENT].[GeoRefDiv_PolObjId].&[665],665,27014
[DMH_INCIDENT].[GeoRefDiv_PolObjId].&[666],666,18079
[DMH_INCIDENT].[GeoRefDiv_PolObjId].&[667],667,58942
[DMH_INCIDENT].[GeoRefDiv_PolObjId].&[668],668,9998
[DMH_INCIDENT].[GeoRefDiv_PolObjId].&[669],669,796
[DMH_INCIDENT].[GeoRefDiv_PolObjId].&[670],670,156729
[DMH_INCIDENT].[GeoRefDiv_PolObjId].&[671],671,4573
[DMH_INCIDENT].[GeoRefDiv_PolObjId].&[672],672,6811
[DMH_INCIDENT].[GeoRefDiv_PolObjId].&[673],673,7647
[DMH_INCIDENT].[GeoRefDiv_PolObjId].&[674],674,11412
[DMH_INCIDENT].[GeoRefDiv_PolObjId].&[675],675,377282
[DMH_INCIDENT].[GeoRefDiv_PolObjId].&[676],676,61243
[DMH_INCIDENT].[GeoRefDiv_PolObjId].&[677],677,8119
[DMH_INCIDENT].[GeoRefDiv_PolObjId].&[678],678,1488
[DMH_INCIDENT].[GeoRefDiv_PolObjId].&[679],679,54995
[DMH_INCIDENT].[GeoRefDiv_PolObjId].&[680],680,217135
[DMH_INCIDENT].[GeoRefDiv_PolObjId].&[681],681,7682
[DMH_INCIDENT].[GeoRefDiv_PolObjId].&[682],682,5862
[DMH_INCIDENT].[GeoRefDiv_PolObjId].&[683],683,6354
[DMH_INCIDENT].[GeoRefDiv_PolObjId].&[684],684,65999
[DMH_INCIDENT].[GeoRefDiv_PolObjId].&[685],685,6528
[DMH_INCIDENT].[GeoRefDiv_PolObjId].&[686],686,7579
[DMH_INCIDENT].[GeoRefDiv_PolObjId].&[687],687,7482
[DMH_INCIDENT].[GeoRefDiv_PolObjId].&[688],688,9004
[DMH_INCIDENT].[GeoRefDiv_PolObjId].&[689],689,46750
[DMH_INCIDENT].[GeoRefDiv_PolObjId].&[690],690,11737
[DMH_INCIDENT].[GeoRefDiv_PolObjId].&[691],691,41455
[DMH_INCIDENT].[GeoRefDiv_PolObjId].&[692],692,2189
[DMH_INCIDENT].[GeoRefDiv_PolObjId].&[693],693,4932
[DMH_INCIDENT].[GeoRefDiv_PolObjId].&[694],694,96994
[DMH_INCIDENT].[GeoRefDiv_PolObjId].&[695],695,19785
[DMH_INCIDENT].[GeoRefDiv_PolObjId].&[696],696,21309
[DMH_INCIDENT].[GeoRefDiv_PolObjId].&[697],697,18749
[DMH_INCIDENT].[GeoRefDiv_PolObjId].&[698],698,2684
[DMH_INCIDENT].[GeoRefDiv_PolObjId].&[699],699,1284
[DMH_INCIDENT].[GeoRefDiv_PolObjId].&[700],700,2838
[DMH_INCIDENT].[GeoRefDiv_PolObjId].&[701],701,34067
[DMH_INCIDENT].[GeoRefDiv_PolObjId].&[702],702,6339
[DMH_INCIDENT].[GeoRefDiv_PolObjId].&[703],703,7128
[DMH_INCIDENT].[GeoRefDiv_PolObjId].&[704],704,30306
[DMH_INCIDENT].[GeoRefDiv_PolObjId].&[705],705,70833
[DMH_INCIDENT].[GeoRefDiv_PolObjId].&[706],706,13089
[DMH_INCIDENT].[GeoRefDiv_PolObjId].&[707],707,4804
[DMH_INCIDENT].[GeoRefDiv_PolObjId].&[708],708,11269
[DMH_INCIDENT].[GeoRefDiv_PolObjId].&[709],709,18275
[DMH_INCIDENT].[GeoRefDiv_PolObjId].&[710],710,29779
[DMH_INCIDENT].[GeoRefDiv_PolObjId].&[711],711,12667
[DMH_INCIDENT].[GeoRefDiv_PolObjId].&[712],712,10928
[DMH_INCIDENT].[GeoRefDiv_PolObjId].&[713],713,418303
[DMH_INCIDENT].[GeoRefDiv_PolObjId].&[714],714,648
[DMH_INCIDENT].[GeoRefDiv_PolObjId].&[715],715,1875
[DMH_INCIDENT].[GeoRefDiv_PolObjId].&[716],716,2439
[DMH_INCIDENT].[GeoRefDiv_PolObjId].&[717],717,1211
[DMH_INCIDENT].[GeoRefDiv_PolObjId].&[718],718,326
[DMH_INCIDENT].[GeoRefDiv_PolObjId].&[719],719,11057
[DMH_INCIDENT].[GeoRefDiv_PolObjId].&[720],720,1850
[DMH_INCIDENT].[GeoRefDiv_PolObjId].&[721],721,2587
[DMH_INCIDENT].[GeoRefDiv_PolObjId].&[722],722,1019
[DMH_INCIDENT].[GeoRefDiv_PolObjId].&[723],723,2036
[DMH_INCIDENT].[GeoRefDiv_PolObjId].&[724],724,7279
[DMH_INCIDENT].[GeoRefDiv_PolObjId].&[725],725,671
[DMH_INCIDENT].[GeoRefDiv_PolObjId].&[726],726,605
[DMH_INCIDENT].[GeoRefDiv_PolObjId].&[727],727,20181
[DMH_INCIDENT].[GeoRefDiv_PolObjId].&[728],728,765
[DMH_INCIDENT].[GeoRefDiv_PolObjId].&[729],729,889
[DMH_INCIDENT].[GeoRefDiv_PolObjId].&[730],730,405
[DMH_INCIDENT].[GeoRefDiv_PolObjId].&[731],731,374
[DMH_INCIDENT].[GeoRefDiv_PolObjId].&[732],732,45855
[DMH_INCIDENT].[GeoRefDiv_PolObjId].&[733],733,3599
[DMH_INCIDENT].[GeoRefDiv_PolObjId].&[734],734,580
[DMH_INCIDENT].[GeoRefDiv_PolObjId].&[735],735,3069
[DMH_INCIDENT].[GeoRefDiv_PolObjId].&[736],736,130
[DMH_INCIDENT].[GeoRefDiv_PolObjId].&[737],737,9647
[DMH_INCIDENT].[GeoRefDiv_PolObjId].&[738],738,382
[DMH_INCIDENT].[GeoRefDiv_PolObjId].&[739],739,1139
[DMH_INCIDENT].[GeoRefDiv_PolObjId].&[740],740,1052
[DMH_INCIDENT].[GeoRefDiv_PolObjId].&[741],741,169
[DMH_INCIDENT].[GeoRefDiv_PolObjId].&[742],742,2543
[DMH_INCIDENT].[GeoRefDiv_PolObjId].&[743],743,340
[DMH_INCIDENT].[GeoRefDiv_PolObjId].&[744],744,401
[DMH_INCIDENT].[GeoRefDiv_PolObjId].&[745],745,420
[DMH_INCIDENT].[GeoRefDiv_PolObjId].&[746],746,196
[DMH_INCIDENT].[GeoRefDiv_PolObjId].&[747],747,4068
[DMH_INCIDENT].[GeoRefDiv_PolObjId].&[748],748,663
[DMH_INCIDENT].[GeoRefDiv_PolObjId].&[749],749,743
[DMH_INCIDENT].[GeoRefDiv_PolObjId].&[750],750,770
[DMH_INCIDENT].[GeoRefDiv_PolObjId].&[751],751,788
[DMH_INCIDENT].[GeoRefDiv_PolObjId].&[752],752,572
[DMH_INCIDENT].[GeoRefDiv_PolObjId].&[753],753,237
[DMH_INCIDENT].[GeoRefDiv_PolObjId].&[754],754,3256
[DMH_INCIDENT].[GeoRefDiv_PolObjId].&[755],755,1233
[DMH_INCIDENT].[GeoRefDiv_PolObjId].&[756],756,1969
[DMH_INCIDENT].[GeoRefDiv_PolObjId].&[757],757,618
[DMH_INCIDENT].[GeoRefDiv_PolObjId].&[758],758,651
[DMH_INCIDENT].[GeoRefDiv_PolObjId].&[759],759,17442
[DMH_INCIDENT].[GeoRefDiv_PolObjId].&[760],760,462
[DMH_INCIDENT].[GeoRefDiv_PolObjId].&[761],761,201
[DMH_INCIDENT].[GeoRefDiv_PolObjId].&[762],762,933
[DMH_INCIDENT].[GeoRefDiv_PolObjId].&[763],763,9223
[DMH_INCIDENT].[GeoRefDiv_PolObjId].&[764],764,296
[DMH_INCIDENT].[GeoRefDiv_PolObjId].&[765],765,661
[DMH_INCIDENT].[GeoRefDiv_PolObjId].&[766],766,465
[DMH_INCIDENT].[GeoRefDiv_PolObjId].&[767],767,354
[DMH_INCIDENT].[GeoRefDiv_PolObjId].&[768],768,255
[DMH_INCIDENT].[GeoRefDiv_PolObjId].&[769],769,691
[DMH_INCIDENT].[GeoRefDiv_PolObjId].&[770],770,635
[DMH_INCIDENT].[GeoRefDiv_PolObjId].&[771],771,9489
[DMH_INCIDENT].[GeoRefDiv_PolObjId].&[772],772,360
[DMH_INCIDENT].[GeoRefDiv_PolObjId].&[773],773,250
[DMH_INCIDENT].[GeoRefDiv_PolObjId].&[774],774,412
[DMH_INCIDENT].[GeoRefDiv_PolObjId].&[775],775,579
[DMH_INCIDENT].[GeoRefDiv_PolObjId].&[776],776,367
[DMH_INCIDENT].[GeoRefDiv_PolObjId].&[777],777,9601
[DMH_INCIDENT].[GeoRefDiv_PolObjId].&[778],778,478
[DMH_INCIDENT].[GeoRefDiv_PolObjId].&[779],779,244
[DMH_INCIDENT].[GeoRefDiv_PolObjId].&[780],780,332
[DMH_INCIDENT].[GeoRefDiv_PolObjId].&[781],781,750
[DMH_INCIDENT].[GeoRefDiv_PolObjId].&[782],782,389
[DMH_INCIDENT].[GeoRefDiv_PolObjId].&[783],783,606
[DMH_INCIDENT].[GeoRefDiv_PolObjId].&[784],784,404
[DMH_INCIDENT].[GeoRefDiv_PolObjId].&[785],785,569
[DMH_INCIDENT].[GeoRefDiv_PolObjId].&[786],786,1567
[DMH_INCIDENT].[GeoRefDiv_PolObjId].&[787],787,266
[DMH_INCIDENT].[GeoRefDiv_PolObjId].&[788],788,1418
[DMH_INCIDENT].[GeoRefDiv_PolObjId].&[789],789,120
[DMH_INCIDENT].[GeoRefDiv_PolObjId].&[790],790,266
[DMH_INCIDENT].[GeoRefDiv_PolObjId].&[791],791,6744
[DMH_INCIDENT].[GeoRefDiv_PolObjId].&[792],792,107
[DMH_INCIDENT].[GeoRefDiv_PolObjId].&[793],793,665
[DMH_INCIDENT].[GeoRefDiv_PolObjId].&[794],794,136
[DMH_INCIDENT].[GeoRefDiv_PolObjId].&[795],795,596
[DMH_INCIDENT].[GeoRefDiv_PolObjId].&[796],796,99
[DMH_INCIDENT].[GeoRefDiv_PolObjId].&[797],797,410
[DMH_INCIDENT].[GeoRefDiv_PolObjId].&[798],798,276
[DMH_INCIDENT].[GeoRefDiv_PolObjId].&[799],799,533
[DMH_INCIDENT].[GeoRefDiv_PolObjId].&[800],800,3261
[DMH_INCIDENT].[GeoRefDiv_PolObjId].&[801],801,222
[DMH_INCIDENT].[GeoRefDiv_PolObjId].&[802],802,1278
[DMH_INCIDENT].[GeoRefDiv_PolObjId].&[803],803,2092
[DMH_INCIDENT].[GeoRefDiv_PolObjId].&[804],804,220
[DMH_INCIDENT].[GeoRefDiv_PolObjId].&[805],805,240839
[DMH_INCIDENT].[GeoRefDiv_PolObjId].&[806],806,5820
[DMH_INCIDENT].[GeoRefDiv_PolObjId].&[807],807,15350
[DMH_INCIDENT].[GeoRefDiv_PolObjId].&[808],808,19055
[DMH_INCIDENT].[GeoRefDiv_PolObjId].&[809],809,12489
[DMH_INCIDENT].[GeoRefDiv_PolObjId].&[810],810,15328
[DMH_INCIDENT].[GeoRefDiv_PolObjId].&[811],811,2974
[DMH_INCIDENT].[GeoRefDiv_PolObjId].&[812],812,6228
[DMH_INCIDENT].[GeoRefDiv_PolObjId].&[813],813,33115
[DMH_INCIDENT].[GeoRefDiv_PolObjId].&[814],814,25046
[DMH_INCIDENT].[GeoRefDiv_PolObjId].&[815],815,2045
[DMH_INCIDENT].[GeoRefDiv_PolObjId].&[816],816,20265
[DMH_INCIDENT].[GeoRefDiv_PolObjId].&[817],817,276422
[DMH_INCIDENT].[GeoRefDiv_PolObjId].&[818],818,17438
[DMH_INCIDENT].[GeoRefDiv_PolObjId].&[819],819,11378
[DMH_INCIDENT].[GeoRefDiv_PolObjId].&[820],820,9345
[DMH_INCIDENT].[GeoRefDiv_PolObjId].&[821],821,18679
[DMH_INCIDENT].[GeoRefDiv_PolObjId].&[822],822,79105
[DMH_INCIDENT].[GeoRefDiv_PolObjId].&[823],823,16192
[DMH_INCIDENT].[GeoRefDiv_PolObjId].&[824],824,58183
[DMH_INCIDENT].[GeoRefDiv_PolObjId].&[825],825,4452
[DMH_INCIDENT].[GeoRefDiv_PolObjId].&[826],826,9007
[DMH_INCIDENT].[GeoRefDiv_PolObjId].&[827],827,81690
[DMH_INCIDENT].[GeoRefDiv_PolObjId].&[828],828,15786
[DMH_INCIDENT].[GeoRefDiv_PolObjId].&[829],829,38943
[DMH_INCIDENT].[GeoRefDiv_PolObjId].&[830],830,30454
[DMH_INCIDENT].[GeoRefDiv_PolObjId].&[831],831,14313
[DMH_INCIDENT].[GeoRefDiv_PolObjId].&[832],832,310597
[DMH_INCIDENT].[GeoRefDiv_PolObjId].&[833],833,7608
[DMH_INCIDENT].[GeoRefDiv_PolObjId].&[834],834,2049
[DMH_INCIDENT].[GeoRefDiv_PolObjId].&[835],835,14763
[DMH_INCIDENT].[GeoRefDiv_PolObjId].&[836],836,1150
[DMH_INCIDENT].[GeoRefDiv_PolObjId].&[837],837,6126
[DMH_INCIDENT].[GeoRefDiv_PolObjId].&[838],838,2970
[DMH_INCIDENT].[GeoRefDiv_PolObjId].&[839],839,482
[DMH_INCIDENT].[GeoRefDiv_PolObjId].&[840],840,22240
[DMH_INCIDENT].[GeoRefDiv_PolObjId].&[841],841,337
[DMH_INCIDENT].[GeoRefDiv_PolObjId].&[842],842,1306
[DMH_INCIDENT].[GeoRefDiv_PolObjId].&[843],843,68382
[DMH_INCIDENT].[GeoRefDiv_PolObjId].&[844],844,583
[DMH_INCIDENT].[GeoRefDiv_PolObjId].&[845],845,4034
[DMH_INCIDENT].[GeoRefDiv_PolObjId].&[846],846,1597
[DMH_INCIDENT].[GeoRefDiv_PolObjId].&[847],847,954
[DMH_INCIDENT].[GeoRefDiv_PolObjId].&[848],848,1054
[DMH_INCIDENT].[GeoRefDiv_PolObjId].&[849],849,2028
[DMH_INCIDENT].[GeoRefDiv_PolObjId].&[850],850,2952
[DMH_INCIDENT].[GeoRefDiv_PolObjId].&[851],851,54017
[DMH_INCIDENT].[GeoRefDiv_PolObjId].&[852],852,1363
[DMH_INCIDENT].[GeoRefDiv_PolObjId].&[853],853,1338
[DMH_INCIDENT].[GeoRefDiv_PolObjId].&[854],854,8217
[DMH_INCIDENT].[GeoRefDiv_PolObjId].&[855],855,127
[DMH_INCIDENT].[GeoRefDiv_PolObjId].&[856],856,977
[DMH_INCIDENT].[GeoRefDiv_PolObjId].&[857],857,38867
[DMH_INCIDENT].[GeoRefDiv_PolObjId].&[858],858,402
[DMH_INCIDENT].[GeoRefDiv_PolObjId].&[859],859,1890
[DMH_INCIDENT].[GeoRefDiv_PolObjId].&[860],860,454
[DMH_INCIDENT].[GeoRefDiv_PolObjId].&[861],861,249
[DMH_INCIDENT].[GeoRefDiv_PolObjId].&[862],862,839
[DMH_INCIDENT].[GeoRefDiv_PolObjId].&[863],863,738
[DMH_INCIDENT].[GeoRefDiv_PolObjId].&[864],864,2990
[DMH_INCIDENT].[GeoRefDiv_PolObjId].&[865],865,8498
[DMH_INCIDENT].[GeoRefDiv_PolObjId].&[866],866,296912
[DMH_INCIDENT].[GeoRefDiv_PolObjId].&[867],867,1368
[DMH_INCIDENT].[GeoRefDiv_PolObjId].&[868],868,1648
[DMH_INCIDENT].[GeoRefDiv_PolObjId].&[869],869,58981
[DMH_INCIDENT].[GeoRefDiv_PolObjId].&[870],870,1669
[DMH_INCIDENT].[GeoRefDiv_PolObjId].&[871],871,6590
[DMH_INCIDENT].[GeoRefDiv_PolObjId].&[872],872,1218
[DMH_INCIDENT].[GeoRefDiv_PolObjId].&[873],873,3747
[DMH_INCIDENT].[GeoRefDiv_PolObjId].&[874],874,1227
[DMH_INCIDENT].[GeoRefDiv_PolObjId].&[875],875,579
[DMH_INCIDENT].[GeoRefDiv_PolObjId].&[876],876,5571
[DMH_INCIDENT].[GeoRefDiv_PolObjId].&[877],877,456
[DMH_INCIDENT].[GeoRefDiv_PolObjId].&[878],878,1085
[DMH_INCIDENT].[GeoRefDiv_PolObjId].&[879],879,23846
[DMH_INCIDENT].[GeoRefDiv_PolObjId].&[880],880,10494
[DMH_INCIDENT].[GeoRefDiv_PolObjId].&[881],881,1991
[DMH_INCIDENT].[GeoRefDiv_PolObjId].&[882],882,993
[DMH_INCIDENT].[GeoRefDiv_PolObjId].&[883],883,860
[DMH_INCIDENT].[GeoRefDiv_PolObjId].&[884],884,185
[DMH_INCIDENT].[GeoRefDiv_PolObjId].&[885],885,23230
[DMH_INCIDENT].[GeoRefDiv_PolObjId].&[886],886,13586
[DMH_INCIDENT].[GeoRefDiv_PolObjId].&[887],887,3829
[DMH_INCIDENT].[GeoRefDiv_PolObjId].&[888],888,19763
[DMH_INCIDENT].[GeoRefDiv_PolObjId].&[889],889,1624
[DMH_INCIDENT].[GeoRefDiv_PolObjId].&[890],890,1860
[DMH_INCIDENT].[GeoRefDiv_PolObjId].&[891],891,4483
[DMH_INCIDENT].[GeoRefDiv_PolObjId].&[892],892,827
[DMH_INCIDENT].[GeoRefDiv_PolObjId].&[893],893,727
[DMH_INCIDENT].[GeoRefDiv_PolObjId].&[894],894,440
[DMH_INCIDENT].[GeoRefDiv_PolObjId].&[895],895,37653
[DMH_INCIDENT].[GeoRefDiv_PolObjId].&[896],896,6603
[DMH_INCIDENT].[GeoRefDiv_PolObjId].&[897],897,4897
[DMH_INCIDENT].[GeoRefDiv_PolObjId].&[898],898,541
[DMH_INCIDENT].[GeoRefDiv_PolObjId].&[899],899,3112
[DMH_INCIDENT].[GeoRefDiv_PolObjId].&[900],900,7506
[DMH_INCIDENT].[GeoRefDiv_PolObjId].&[901],901,2353
[DMH_INCIDENT].[GeoRefDiv_PolObjId].&[902],902,1869
[DMH_INCIDENT].[GeoRefDiv_PolObjId].&[903],903,6591
[DMH_INCIDENT].[GeoRefDiv_PolObjId].&[904],904,21233
[DMH_INCIDENT].[GeoRefDiv_PolObjId].&[905],905,14217
[DMH_INCIDENT].[GeoRefDiv_PolObjId].&[906],906,3589
[DMH_INCIDENT].[GeoRefDiv_PolObjId].&[907],907,107335
[DMH_INCIDENT].[GeoRefDiv_PolObjId].&[908],908,213
[DMH_INCIDENT].[GeoRefDiv_PolObjId].&[909],909,5479
[DMH_INCIDENT].[GeoRefDiv_PolObjId].&[910],910,796
[DMH_INCIDENT].[GeoRefDiv_PolObjId].&[911],911,17760
[DMH_INCIDENT].[GeoRefDiv_PolObjId].&[912],912,1595
[DMH_INCIDENT].[GeoRefDiv_PolObjId].&[913],913,278
[DMH_INCIDENT].[GeoRefDiv_PolObjId].&[914],914,1579
[DMH_INCIDENT].[GeoRefDiv_PolObjId].&[915],915,4539
[DMH_INCIDENT].[GeoRefDiv_PolObjId].&[916],916,18384
[DMH_INCIDENT].[GeoRefDiv_PolObjId].&[917],917,121
[DMH_INCIDENT].[GeoRefDiv_PolObjId].&[918],918,52
[DMH_INCIDENT].[GeoRefDiv_PolObjId].&[919],919,4341
[DMH_INCIDENT].[GeoRefDiv_PolObjId].&[920],920,117
[DMH_INCIDENT].[GeoRefDiv_PolObjId].&[921],921,289
[DMH_INCIDENT].[GeoRefDiv_PolObjId].&[922],922,423
[DMH_INCIDENT].[GeoRefDiv_PolObjId].&[923],923,132
[DMH_INCIDENT].[GeoRefDiv_PolObjId].&[924],924,861
[DMH_INCIDENT].[GeoRefDiv_PolObjId].&[925],925,7321
[DMH_INCIDENT].[GeoRefDiv_PolObjId].&[926],926,906
[DMH_INCIDENT].[GeoRefDiv_PolObjId].&[927],927,332
[DMH_INCIDENT].[GeoRefDiv_PolObjId].&[928],928,1066
[DMH_INCIDENT].[GeoRefDiv_PolObjId].&[929],929,10912
[DMH_INCIDENT].[GeoRefDiv_PolObjId].&[930],930,812
[DMH_INCIDENT].[GeoRefDiv_PolObjId].&[931],931,600
[DMH_INCIDENT].[GeoRefDiv_PolObjId].&[932],932,1925
[DMH_INCIDENT].[GeoRefDiv_PolObjId].&[933],933,1239
[DMH_INCIDENT].[GeoRefDiv_PolObjId].&[934],934,7919
[DMH_INCIDENT].[GeoRefDiv_PolObjId].&[935],935,192
[DMH_INCIDENT].[GeoRefDiv_PolObjId].&[936],936,480
[DMH_INCIDENT].[GeoRefDiv_PolObjId].&[937],937,1141
[DMH_INCIDENT].[GeoRefDiv_PolObjId].&[938],938,420
[DMH_INCIDENT].[GeoRefDiv_PolObjId].&[939],939,691
[DMH_INCIDENT].[GeoRefDiv_PolObjId].&[940],940,923
[DMH_INCIDENT].[GeoRefDiv_PolObjId].&[941],941,29107
[DMH_INCIDENT].[GeoRefDiv_PolObjId].&[942],942,1960
[DMH_INCIDENT].[GeoRefDiv_PolObjId].&[943],943,2793
[DMH_INCIDENT].[GeoRefDiv_PolObjId].&[944],944,1265
[DMH_INCIDENT].[GeoRefDiv_PolObjId].&[945],945,6252
[DMH_INCIDENT].[GeoRefDiv_PolObjId].&[946],946,9598
[DMH_INCIDENT].[GeoRefDiv_PolObjId].&[947],947,1701
[DMH_INCIDENT].[GeoRefDiv_PolObjId].&[948],948,90
[DMH_INCIDENT].[GeoRefDiv_PolObjId].&[949],949,143
[DMH_INCIDENT].[GeoRefDiv_PolObjId].&[950],950,60
[DMH_INCIDENT].[GeoRefDiv_PolObjId].&[951],951,217
[DMH_INCIDENT].[GeoRefDiv_PolObjId].&[952],952,5967
[DMH_INCIDENT].[GeoRefDiv_PolObjId].&[953],953,34
[DMH_INCIDENT].[GeoRefDiv_PolObjId].&[954],954,1237
[DMH_INCIDENT].[GeoRefDiv_PolObjId].&[955],955,393
[DMH_INCIDENT].[GeoRefDiv_PolObjId].&[956],956,134
[DMH_INCIDENT].[GeoRefDiv_PolObjId].&[957],957,4154
[DMH_INCIDENT].[GeoRefDiv_PolObjId].&[958],958,236
[DMH_INCIDENT].[GeoRefDiv_PolObjId].&[959],959,1644
[DMH_INCIDENT].[GeoRefDiv_PolObjId].&[960],960,4527
[DMH_INCIDENT].[GeoRefDiv_PolObjId].&[961],961,3015
[DMH_INCIDENT].[GeoRefDiv_PolObjId].&[962],962,25127
[DMH_INCIDENT].[GeoRefDiv_PolObjId].&[963],963,3857
[DMH_INCIDENT].[GeoRefDiv_PolObjId].&[964],964,1934
[DMH_INCIDENT].[GeoRefDiv_PolObjId].&[965],965,184
[DMH_INCIDENT].[GeoRefDiv_PolObjId].&[966],966,728
[DMH_INCIDENT].[GeoRefDiv_PolObjId].&[967],967,2186
[DMH_INCIDENT].[GeoRefDiv_PolObjId].&[968],968,1567
[DMH_INCIDENT].[GeoRefDiv_PolObjId].&[969],969,7229
[DMH_INCIDENT].[GeoRefDiv_PolObjId].&[970],970,497
[DMH_INCIDENT].[GeoRefDiv_PolObjId].&[971],971,53
[DMH_INCIDENT].[GeoRefDiv_PolObjId].&[972],972,120
[DMH_INCIDENT].[GeoRefDiv_PolObjId].&[973],973,150
[DMH_INCIDENT].[GeoRefDiv_PolObjId].&[974],974,87
[DMH_INCIDENT].[GeoRefDiv_PolObjId].&[975],975,3686
[DMH_INCIDENT].[GeoRefDiv_PolObjId].&[976],976,544
[DMH_INCIDENT].[GeoRefDiv_PolObjId].&[977],977,196
[DMH_INCIDENT].[GeoRefDiv_PolObjId].&[978],978,2569
[DMH_INCIDENT].[GeoRefDiv_PolObjId].&[979],979,537
[DMH_INCIDENT].[GeoRefDiv_PolObjId].&[980],980,73
[DMH_INCIDENT].[GeoRefDiv_PolObjId].&[981],981,19728
[DMH_INCIDENT].[GeoRefDiv_PolObjId].&[982],982,1183
[DMH_INCIDENT].[GeoRefDiv_PolObjId].&[983],983,3970
[DMH_INCIDENT].[GeoRefDiv_PolObjId].&[984],984,12393
[DMH_INCIDENT].[GeoRefDiv_PolObjId].&[985],985,1200
[DMH_INCIDENT].[GeoRefDiv_PolObjId].&[986],986,1266
[DMH_INCIDENT].[GeoRefDiv_PolObjId].&[987],987,922
[DMH_INCIDENT].[GeoRefDiv_PolObjId].&[988],988,5005
[DMH_INCIDENT].[GeoRefDiv_PolObjId].&[989],989,5330
[DMH_INCIDENT].[GeoRefDiv_PolObjId].&[990],990,253
[DMH_INCIDENT].[GeoRefDiv_PolObjId].&[991],991,298
[DMH_INCIDENT].[GeoRefDiv_PolObjId].&[992],992,758
[DMH_INCIDENT].[GeoRefDiv_PolObjId].&[993],993,92
[DMH_INCIDENT].[GeoRefDiv_PolObjId].&[994],994,5178
[DMH_INCIDENT].[GeoRefDiv_PolObjId].&[995],995,148
[DMH_INCIDENT].[GeoRefDiv_PolObjId].&[996],996,178
[DMH_INCIDENT].[GeoRefDiv_PolObjId].&[997],997,1807
[DMH_INCIDENT].[GeoRefDiv_PolObjId].&[998],998,17
[DMH_INCIDENT].[GeoRefDiv_PolObjId].&[999],999,300
[DMH_INCIDENT].[GeoRefDiv_PolObjId].&[1000],1000,4131
[DMH_INCIDENT].[GeoRefDiv_PolObjId].&[1001],1001,3104
[DMH_INCIDENT].[GeoRefDiv_PolObjId].&[1002],1002,75244
[DMH_INCIDENT].[GeoRefDiv_PolObjId].&[1003],1003,4678
[DMH_INCIDENT].[GeoRefDiv_PolObjId].&[1004],1004,12941
[DMH_INCIDENT].[GeoRefDiv_PolObjId].&[1005],1005,8109
[DMH_INCIDENT].[GeoRefDiv_PolObjId].&[1006],1006,28056
[DMH_INCIDENT].[GeoRefDiv_PolObjId].&[1007],1007,688
[DMH_INCIDENT].[GeoRefDiv_PolObjId].&[1008],1008,4158
[DMH_INCIDENT].[GeoRefDiv_PolObjId].&[1009],1009,66078
[DMH_INCIDENT].[GeoRefDiv_PolObjId].&[1010],1010,11694
[DMH_INCIDENT].[GeoRefDiv_PolObjId].&[1011],1011,23338
[DMH_INCIDENT].[GeoRefDiv_PolObjId].&[1012],1012,2369
[DMH_INCIDENT].[GeoRefDiv_PolObjId].&[1013],1013,7098
[DMH_INCIDENT].[GeoRefDiv_PolObjId].&[1014],1014,29427
[DMH_INCIDENT].[GeoRefDiv_PolObjId].&[1015],1015,26590
[DMH_INCIDENT].[GeoRefDiv_PolObjId].&[1016],1016,7311
[DMH_INCIDENT].[GeoRefDiv_PolObjId].&[1017],1017,118755
[DMH_INCIDENT].[GeoRefDiv_PolObjId].&[1018],1018,1300
[DMH_INCIDENT].[GeoRefDiv_PolObjId].&[1019],1019,30566
[DMH_INCIDENT].[GeoRefDiv_PolObjId].&[1020],1020,8047
[DMH_INCIDENT].[GeoRefDiv_PolObjId].&[1021],1021,5674
[DMH_INCIDENT].[GeoRefDiv_PolObjId].&[1022],1022,3840
[DMH_INCIDENT].[GeoRefDiv_PolObjId].&[1023],1023,62472
[DMH_INCIDENT].[GeoRefDiv_PolObjId].&[1024],1024,71846
[DMH_INCIDENT].[GeoRefDiv_PolObjId].&[1025],1025,2087
[DMH_INCIDENT].[GeoRefDiv_PolObjId].&[1026],1026,1656
[DMH_INCIDENT].[GeoRefDiv_PolObjId].&[1027],1027,2523
[DMH_INCIDENT].[GeoRefDiv_PolObjId].&[1028],1028,4079
[DMH_INCIDENT].[GeoRefDiv_PolObjId].&[1029],1029,1233
[DMH_INCIDENT].[GeoRefDiv_PolObjId].&[1030],1030,1014
[DMH_INCIDENT].[GeoRefDiv_PolObjId].&[1031],1031,839
[DMH_INCIDENT].[GeoRefDiv_PolObjId].&[1032],1032,673
[DMH_INCIDENT].[GeoRefDiv_PolObjId].&[1033],1033,134
[DMH_INCIDENT].[GeoRefDiv_PolObjId].&[1034],1034,21896
[DMH_INCIDENT].[GeoRefDiv_PolObjId].&[1035],1035,48
[DMH_INCIDENT].[GeoRefDiv_PolObjId].&[1036],1036,3118
[DMH_INCIDENT].[GeoRefDiv_PolObjId].&[1037],1037,6464
[DMH_INCIDENT].[GeoRefDiv_PolObjId].&[1038],1038,468
[DMH_INCIDENT].[GeoRefDiv_PolObjId].&[1039],1039,277
[DMH_INCIDENT].[GeoRefDiv_PolObjId].&[1040],1040,882926
[DMH_INCIDENT].[GeoRefDiv_PolObjId].&[1041],1041,4617
