[DIVADM].[OBJECTID_1].[OBJECTID_1].[MEMBER_UNIQUE_NAME],[DIVADM].[OBJECTID_1].[OBJECTID_1].[MEMBER_CAPTION],[Measures].[SumaIncidentes]
[DIVADM].[OBJECTID_1].&[1],1,17352
[DIVADM].[OBJECTID_1].&[2],2,18243
[DIVADM].[OBJECTID_1].&[3],3,26651
[DIVADM].[OBJECTID_1].&[4],4,20266
[DIVADM].[OBJECTID_1].&[5],5,10217
[DIVADM].[OBJECTID_1].&[6],6,14565
[DIVADM].[OBJECTID_1].&[7],7,2687
[DIVADM].[OBJECTID_1].&[8],8,20585
[DIVADM].[OBJECTID_1].&[9],9,14779
[DIVADM].[OBJECTID_1].&[10],10,7926
[DIVADM].[OBJECTID_1].&[11],11,27447
[DIVADM].[OBJECTID_1].&[12],12,22326
[DIVADM].[OBJECTID_1].&[13],13,15
[DIVADM].[OBJECTID_1].&[14],14,75
[DIVADM].[OBJECTID_1].&[15],15,1214
[DIVADM].[OBJECTID_1].&[16],16,297
[DIVADM].[OBJECTID_1].&[17],17,998
[DIVADM].[OBJECTID_1].&[18],18,6549
[DIVADM].[OBJECTID_1].&[19],19,17448
[DIVADM].[OBJECTID_1].&[20],20,9403
[DIVADM].[OBJECTID_1].&[21],21,2785
[DIVADM].[OBJECTID_1].&[22],22,7311
[DIVADM].[OBJECTID_1].&[23],23,6888
[DIVADM].[OBJECTID_1].&[24],24,4678
[DIVADM].[OBJECTID_1].&[25],25,18727
[DIVADM].[OBJECTID_1].&[26],26,4956
[DIVADM].[OBJECTID_1].&[27],27,3642
[DIVADM].[OBJECTID_1].&[28],28,7990
[DIVADM].[OBJECTID_1].&[29],29,20065
[DIVADM].[OBJECTID_1].&[30],30,8347
[DIVADM].[OBJECTID_1].&[31],31,9593
[DIVADM].[OBJECTID_1].&[32],32,9362
[DIVADM].[OBJECTID_1].&[33],33,4333
[DIVADM].[OBJECTID_1].&[34],34,11694
[DIVADM].[OBJECTID_1].&[35],35,22639
[DIVADM].[OBJECTID_1].&[36],36,1807
[DIVADM].[OBJECTID_1].&[37],37,5788
[DIVADM].[OBJECTID_1].&[38],38,300
[DIVADM].[OBJECTID_1].&[39],39,4131
[DIVADM].[OBJECTID_1].&[40],40,3104
[DIVADM].[OBJECTID_1].&[41],41,26586
[DIVADM].[OBJECTID_1].&[42],42,29444
[DIVADM].[OBJECTID_1].&[43],43,26024
[DIVADM].[OBJECTID_1].&[44],44,4307
[DIVADM].[OBJECTID_1].&[45],45,14069
[DIVADM].[OBJECTID_1].&[46],46,23733
[DIVADM].[OBJECTID_1].&[47],47,15397
[DIVADM].[OBJECTID_1].&[48],48,12529
[DIVADM].[OBJECTID_1].&[49],49,17487
[DIVADM].[OBJECTID_1].&[50],50,10178
[DIVADM].[OBJECTID_1].&[51],51,13541
[DIVADM].[OBJECTID_1].&[52],52,13387
[DIVADM].[OBJECTID_1].&[53],53,7994
[DIVADM].[OBJECTID_1].&[54],54,17699
[DIVADM].[OBJECTID_1].&[55],55,1937
[DIVADM].[OBJECTID_1].&[56],56,10743
[DIVADM].[OBJECTID_1].&[57],57,1871
[DIVADM].[OBJECTID_1].&[58],58,1518
[DIVADM].[OBJECTID_1].&[59],59,3686
[DIVADM].[OBJECTID_1].&[60],60,544
[DIVADM].[OBJECTID_1].&[61],61,196
[DIVADM].[OBJECTID_1].&[62],62,5326
[DIVADM].[OBJECTID_1].&[63],63,178
[DIVADM].[OBJECTID_1].&[64],64,87
[DIVADM].[OBJECTID_1].&[65],65,323
[DIVADM].[OBJECTID_1].&[66],66,7229
[DIVADM].[OBJECTID_1].&[67],67,497
[DIVADM].[OBJECTID_1].&[68],68,390
[DIVADM].[OBJECTID_1].&[69],69,3970
[DIVADM].[OBJECTID_1].&[70],70,922
[DIVADM].[OBJECTID_1].&[71],71,37257
[DIVADM].[OBJECTID_1].&[72],72,22937
[DIVADM].[OBJECTID_1].&[73],73,31399
[DIVADM].[OBJECTID_1].&[74],74,16261
[DIVADM].[OBJECTID_1].&[75],75,18661
[DIVADM].[OBJECTID_1].&[76],76,26633
[DIVADM].[OBJECTID_1].&[77],77,32559
[DIVADM].[OBJECTID_1].&[78],78,16022
[DIVADM].[OBJECTID_1].&[79],79,20786
[DIVADM].[OBJECTID_1].&[80],80,32094
[DIVADM].[OBJECTID_1].&[81],81,35448
[DIVADM].[OBJECTID_1].&[82],82,23519
[DIVADM].[OBJECTID_1].&[83],83,15800
[DIVADM].[OBJECTID_1].&[84],84,19688
[DIVADM].[OBJECTID_1].&[85],85,22024
[DIVADM].[OBJECTID_1].&[86],86,32587
[DIVADM].[OBJECTID_1].&[87],87,22991
[DIVADM].[OBJECTID_1].&[88],88,31468
[DIVADM].[OBJECTID_1].&[89],89,32537
[DIVADM].[OBJECTID_1].&[90],90,24438
[DIVADM].[OBJECTID_1].&[91],91,18741
[DIVADM].[OBJECTID_1].&[92],92,25767
[DIVADM].[OBJECTID_1].&[93],93,17563
[DIVADM].[OBJECTID_1].&[94],94,8029
[DIVADM].[OBJECTID_1].&[95],95,18589
[DIVADM].[OBJECTID_1].&[96],96,13496
[DIVADM].[OBJECTID_1].&[97],97,5153
[DIVADM].[OBJECTID_1].&[98],98,22215
[DIVADM].[OBJECTID_1].&[99],99,16372
[DIVADM].[OBJECTID_1].&[100],100,7191
[DIVADM].[OBJECTID_1].&[101],101,15107
[DIVADM].[OBJECTID_1].&[102],102,14236
[DIVADM].[OBJECTID_1].&[103],103,14763
[DIVADM].[OBJECTID_1].&[104],104,10226
[DIVADM].[OBJECTID_1].&[105],105,2402
[DIVADM].[OBJECTID_1].&[106],106,11562
[DIVADM].[OBJECTID_1].&[107],107,16429
[DIVADM].[OBJECTID_1].&[108],108,18181
[DIVADM].[OBJECTID_1].&[109],109,4657
[DIVADM].[OBJECTID_1].&[110],110,3016
[DIVADM].[OBJECTID_1].&[111],111,8172
[DIVADM].[OBJECTID_1].&[112],112,7401
[DIVADM].[OBJECTID_1].&[113],113,2288
[DIVADM].[OBJECTID_1].&[114],114,22843
[DIVADM].[OBJECTID_1].&[115],115,14234
[DIVADM].[OBJECTID_1].&[116],116,5581
[DIVADM].[OBJECTID_1].&[117],117,1010
[DIVADM].[OBJECTID_1].&[118],118,3071
[DIVADM].[OBJECTID_1].&[119],119,6922
[DIVADM].[OBJECTID_1].&[120],120,370
[DIVADM].[OBJECTID_1].&[121],121,9522
[DIVADM].[OBJECTID_1].&[122],122,4341
[DIVADM].[OBJECTID_1].&[123],123,360
[DIVADM].[OBJECTID_1].&[124],124,561
[DIVADM].[OBJECTID_1].&[125],125,4315
[DIVADM].[OBJECTID_1].&[126],126,6283
[DIVADM].[OBJECTID_1].&[127],127,13711
[DIVADM].[OBJECTID_1].&[128],128,19771
[DIVADM].[OBJECTID_1].&[129],129,10974
[DIVADM].[OBJECTID_1].&[130],130,2376
[DIVADM].[OBJECTID_1].&[131],131,13609
[DIVADM].[OBJECTID_1].&[132],132,578
[DIVADM].[OBJECTID_1].&[133],133,641
[DIVADM].[OBJECTID_1].&[134],134,17780
[DIVADM].[OBJECTID_1].&[135],135,20849
[DIVADM].[OBJECTID_1].&[136],136,9687
[DIVADM].[OBJECTID_1].&[137],137,289
[DIVADM].[OBJECTID_1].&[138],138,175
[DIVADM].[OBJECTID_1].&[139],139,1818
[DIVADM].[OBJECTID_1].&[140],140,10538
[DIVADM].[OBJECTID_1].&[141],141,10178
[DIVADM].[OBJECTID_1].&[142],142,2205
[DIVADM].[OBJECTID_1].&[143],143,5228
[DIVADM].[OBJECTID_1].&[144],144,7760
[DIVADM].[OBJECTID_1].&[145],145,4792
[DIVADM].[OBJECTID_1].&[146],146,24
[DIVADM].[OBJECTID_1].&[147],147,881
[DIVADM].[OBJECTID_1].&[148],148,396
[DIVADM].[OBJECTID_1].&[149],149,2990
[DIVADM].[OBJECTID_1].&[150],150,11728
[DIVADM].[OBJECTID_1].&[151],151,17508
[DIVADM].[OBJECTID_1].&[152],152,4743
[DIVADM].[OBJECTID_1].&[153],153,42404
[DIVADM].[OBJECTID_1].&[154],154,24918
[DIVADM].[OBJECTID_1].&[155],155,6961
[DIVADM].[OBJECTID_1].&[156],156,302
[DIVADM].[OBJECTID_1].&[157],157,2759
[DIVADM].[OBJECTID_1].&[158],158,12368
[DIVADM].[OBJECTID_1].&[159],159,3034
[DIVADM].[OBJECTID_1].&[160],160,3636
[DIVADM].[OBJECTID_1].&[161],161,4475
[DIVADM].[OBJECTID_1].&[162],162,4309
[DIVADM].[OBJECTID_1].&[163],163,5075
[DIVADM].[OBJECTID_1].&[164],164,7529
[DIVADM].[OBJECTID_1].&[165],165,4804
[DIVADM].[OBJECTID_1].&[166],166,3573
[DIVADM].[OBJECTID_1].&[167],167,21228
[DIVADM].[OBJECTID_1].&[168],168,7579
[DIVADM].[OBJECTID_1].&[169],169,6251
[DIVADM].[OBJECTID_1].&[170],170,5202
[DIVADM].[OBJECTID_1].&[171],171,10094
[DIVADM].[OBJECTID_1].&[172],172,21622
[DIVADM].[OBJECTID_1].&[173],173,15773
[DIVADM].[OBJECTID_1].&[174],174,8676
[DIVADM].[OBJECTID_1].&[175],175,814
[DIVADM].[OBJECTID_1].&[176],176,796
[DIVADM].[OBJECTID_1].&[177],177,11148
[DIVADM].[OBJECTID_1].&[178],178,233
[DIVADM].[OBJECTID_1].&[179],179,4646
[DIVADM].[OBJECTID_1].&[180],180,2189
[DIVADM].[OBJECTID_1].&[181],181,973
[DIVADM].[OBJECTID_1].&[182],182,1488
[DIVADM].[OBJECTID_1].&[183],183,2654
[DIVADM].[OBJECTID_1].&[184],184,5465
[DIVADM].[OBJECTID_1].&[185],185,19393
[DIVADM].[OBJECTID_1].&[186],186,16463
[DIVADM].[OBJECTID_1].&[187],187,14756
[DIVADM].[OBJECTID_1].&[188],188,10672
[DIVADM].[OBJECTID_1].&[189],189,20018
[DIVADM].[OBJECTID_1].&[190],190,12667
[DIVADM].[OBJECTID_1].&[191],191,5032
[DIVADM].[OBJECTID_1].&[192],192,4984
[DIVADM].[OBJECTID_1].&[193],193,6485
[DIVADM].[OBJECTID_1].&[194],194,22097
[DIVADM].[OBJECTID_1].&[195],195,10928
[DIVADM].[OBJECTID_1].&[196],196,32900
[DIVADM].[OBJECTID_1].&[197],197,4677
[DIVADM].[OBJECTID_1].&[198],198,14359
[DIVADM].[OBJECTID_1].&[199],199,16104
[DIVADM].[OBJECTID_1].&[200],200,5906
[DIVADM].[OBJECTID_1].&[201],201,20473
[DIVADM].[OBJECTID_1].&[202],202,11872
[DIVADM].[OBJECTID_1].&[203],203,7682
[DIVADM].[OBJECTID_1].&[204],204,5862
[DIVADM].[OBJECTID_1].&[205],205,6355
[DIVADM].[OBJECTID_1].&[206],206,3468
[DIVADM].[OBJECTID_1].&[207],207,19030
[DIVADM].[OBJECTID_1].&[208],208,9159
[DIVADM].[OBJECTID_1].&[209],209,2010
[DIVADM].[OBJECTID_1].&[210],210,39816
[DIVADM].[OBJECTID_1].&[211],211,23002
[DIVADM].[OBJECTID_1].&[212],212,7648
[DIVADM].[OBJECTID_1].&[213],213,4573
[DIVADM].[OBJECTID_1].&[214],214,11412
[DIVADM].[OBJECTID_1].&[215],215,12209
[DIVADM].[OBJECTID_1].&[216],216,7239
[DIVADM].[OBJECTID_1].&[217],217,1861
[DIVADM].[OBJECTID_1].&[218],218,11591
[DIVADM].[OBJECTID_1].&[219],219,7384
[DIVADM].[OBJECTID_1].&[220],220,3431
[DIVADM].[OBJECTID_1].&[221],221,2684
[DIVADM].[OBJECTID_1].&[222],222,1284
[DIVADM].[OBJECTID_1].&[223],223,2838
[DIVADM].[OBJECTID_1].&[224],224,16602
[DIVADM].[OBJECTID_1].&[225],225,6339
[DIVADM].[OBJECTID_1].&[226],226,7128
[DIVADM].[OBJECTID_1].&[227],227,6149
[DIVADM].[OBJECTID_1].&[228],228,4333
[DIVADM].[OBJECTID_1].&[229],229,13392
[DIVADM].[OBJECTID_1].&[230],230,12346
[DIVADM].[OBJECTID_1].&[231],231,44109
[DIVADM].[OBJECTID_1].&[232],232,32784
[DIVADM].[OBJECTID_1].&[233],233,14308
[DIVADM].[OBJECTID_1].&[234],234,12249
[DIVADM].[OBJECTID_1].&[235],235,12489
[DIVADM].[OBJECTID_1].&[236],236,5301
[DIVADM].[OBJECTID_1].&[237],237,5913
[DIVADM].[OBJECTID_1].&[238],238,2062
[DIVADM].[OBJECTID_1].&[239],239,5820
[DIVADM].[OBJECTID_1].&[240],240,2451
[DIVADM].[OBJECTID_1].&[241],241,12877
[DIVADM].[OBJECTID_1].&[242],242,6228
[DIVADM].[OBJECTID_1].&[243],243,316
[DIVADM].[OBJECTID_1].&[244],244,27013
[DIVADM].[OBJECTID_1].&[245],245,2749
[DIVADM].[OBJECTID_1].&[246],246,25046
[DIVADM].[OBJECTID_1].&[247],247,14023
[DIVADM].[OBJECTID_1].&[248],248,2045
[DIVADM].[OBJECTID_1].&[249],249,2633
[DIVADM].[OBJECTID_1].&[250],250,9387
[DIVADM].[OBJECTID_1].&[251],251,11378
[DIVADM].[OBJECTID_1].&[252],252,16363
[DIVADM].[OBJECTID_1].&[253],253,15440
[DIVADM].[OBJECTID_1].&[254],254,3016
[DIVADM].[OBJECTID_1].&[255],255,26315
[DIVADM].[OBJECTID_1].&[256],256,1543
[DIVADM].[OBJECTID_1].&[257],257,6258
[DIVADM].[OBJECTID_1].&[258],258,6374
[DIVADM].[OBJECTID_1].&[259],259,17438
[DIVADM].[OBJECTID_1].&[260],260,1306
[DIVADM].[OBJECTID_1].&[261],261,22082
[DIVADM].[OBJECTID_1].&[262],262,1983
[DIVADM].[OBJECTID_1].&[263],263,3301
[DIVADM].[OBJECTID_1].&[264],264,11748
[DIVADM].[OBJECTID_1].&[265],265,5322
[DIVADM].[OBJECTID_1].&[266],266,22764
[DIVADM].[OBJECTID_1].&[267],267,34747
[DIVADM].[OBJECTID_1].&[268],268,21594
[DIVADM].[OBJECTID_1].&[269],269,14313
[DIVADM].[OBJECTID_1].&[270],270,3688
[DIVADM].[OBJECTID_1].&[271],271,764
[DIVADM].[OBJECTID_1].&[272],272,1216
[DIVADM].[OBJECTID_1].&[273],273,658
[DIVADM].[OBJECTID_1].&[274],274,1120
[DIVADM].[OBJECTID_1].&[275],275,14101
[DIVADM].[OBJECTID_1].&[276],276,7295
[DIVADM].[OBJECTID_1].&[277],277,11736
[DIVADM].[OBJECTID_1].&[278],278,22057
[DIVADM].[OBJECTID_1].&[279],279,1276
[DIVADM].[OBJECTID_1].&[280],280,7731
[DIVADM].[OBJECTID_1].&[281],281,6907
[DIVADM].[OBJECTID_1].&[282],282,2830
[DIVADM].[OBJECTID_1].&[283],283,15770
[DIVADM].[OBJECTID_1].&[284],284,20675
[DIVADM].[OBJECTID_1].&[285],285,3503
[DIVADM].[OBJECTID_1].&[286],286,349
[DIVADM].[OBJECTID_1].&[287],287,9280
[DIVADM].[OBJECTID_1].&[288],288,2853
[DIVADM].[OBJECTID_1].&[289],289,5157
[DIVADM].[OBJECTID_1].&[290],290,21304
[DIVADM].[OBJECTID_1].&[291],291,688
[DIVADM].[OBJECTID_1].&[292],292,4344
[DIVADM].[OBJECTID_1].&[293],293,15465
[DIVADM].[OBJECTID_1].&[294],294,6272
[DIVADM].[OBJECTID_1].&[295],295,18513
[DIVADM].[OBJECTID_1].&[296],296,1107
[DIVADM].[OBJECTID_1].&[297],297,4903
[DIVADM].[OBJECTID_1].&[298],298,72792
[DIVADM].[OBJECTID_1].&[299],299,16004
[DIVADM].[OBJECTID_1].&[300],300,1515
[DIVADM].[OBJECTID_1].&[301],301,5601
[DIVADM].[OBJECTID_1].&[302],302,15774
[DIVADM].[OBJECTID_1].&[303],303,8801
[DIVADM].[OBJECTID_1].&[304],304,7585
[DIVADM].[OBJECTID_1].&[305],305,9697
[DIVADM].[OBJECTID_1].&[306],306,35591
[DIVADM].[OBJECTID_1].&[307],307,8248
[DIVADM].[OBJECTID_1].&[308],308,474
[DIVADM].[OBJECTID_1].&[309],309,3611
[DIVADM].[OBJECTID_1].&[310],310,3726
[DIVADM].[OBJECTID_1].&[311],311,448
[DIVADM].[OBJECTID_1].&[312],312,17187
[DIVADM].[OBJECTID_1].&[313],313,12346
[DIVADM].[OBJECTID_1].&[314],314,16742
[DIVADM].[OBJECTID_1].&[315],315,25511
[DIVADM].[OBJECTID_1].&[316],316,21195
[DIVADM].[OBJECTID_1].&[317],317,15544
[DIVADM].[OBJECTID_1].&[318],318,49580
[DIVADM].[OBJECTID_1].&[319],319,24518
[DIVADM].[OBJECTID_1].&[320],320,38505
[DIVADM].[OBJECTID_1].&[321],321,11122
[DIVADM].[OBJECTID_1].&[322],322,45036
[DIVADM].[OBJECTID_1].&[323],323,1278
[DIVADM].[OBJECTID_1].&[324],324,107
[DIVADM].[OBJECTID_1].&[325],325,441
[DIVADM].[OBJECTID_1].&[326],326,409
[DIVADM].[OBJECTID_1].&[327],327,476
[DIVADM].[OBJECTID_1].&[328],328,1407
[DIVADM].[OBJECTID_1].&[329],329,13915
[DIVADM].[OBJECTID_1].&[330],330,3948
[DIVADM].[OBJECTID_1].&[331],331,8955
[DIVADM].[OBJECTID_1].&[332],332,6562
[DIVADM].[OBJECTID_1].&[333],333,1067
[DIVADM].[OBJECTID_1].&[334],334,9799
[DIVADM].[OBJECTID_1].&[335],335,2759
[DIVADM].[OBJECTID_1].&[336],336,772
[DIVADM].[OBJECTID_1].&[337],337,11728
[DIVADM].[OBJECTID_1].&[338],338,301
[DIVADM].[OBJECTID_1].&[339],339,9044
[DIVADM].[OBJECTID_1].&[340],340,1667
[DIVADM].[OBJECTID_1].&[341],341,2673
[DIVADM].[OBJECTID_1].&[342],342,27801
[DIVADM].[OBJECTID_1].&[343],343,31001
[DIVADM].[OBJECTID_1].&[344],344,871
[DIVADM].[OBJECTID_1].&[345],345,14921
[DIVADM].[OBJECTID_1].&[346],346,10206
[DIVADM].[OBJECTID_1].&[347],347,728
[DIVADM].[OBJECTID_1].&[348],348,184
[DIVADM].[OBJECTID_1].&[349],349,1934
[DIVADM].[OBJECTID_1].&[350],350,4856
[DIVADM].[OBJECTID_1].&[351],351,2569
[DIVADM].[OBJECTID_1].&[352],352,537
[DIVADM].[OBJECTID_1].&[353],353,73
[DIVADM].[OBJECTID_1].&[354],354,7252
[DIVADM].[OBJECTID_1].&[355],355,6088
[DIVADM].[OBJECTID_1].&[356],356,253
[DIVADM].[OBJECTID_1].&[357],357,19728
[DIVADM].[OBJECTID_1].&[358],358,13659
[DIVADM].[OBJECTID_1].&[359],359,18245
[DIVADM].[OBJECTID_1].&[360],360,11605
[DIVADM].[OBJECTID_1].&[361],361,15953
[DIVADM].[OBJECTID_1].&[362],362,37199
[DIVADM].[OBJECTID_1].&[363],363,9917
[DIVADM].[OBJECTID_1].&[364],364,9401
[DIVADM].[OBJECTID_1].&[365],365,22307
[DIVADM].[OBJECTID_1].&[366],366,12007
[DIVADM].[OBJECTID_1].&[367],367,27651
[DIVADM].[OBJECTID_1].&[368],368,15003
[DIVADM].[OBJECTID_1].&[369],369,5491
[DIVADM].[OBJECTID_1].&[370],370,27294
[DIVADM].[OBJECTID_1].&[371],371,22511
[DIVADM].[OBJECTID_1].&[372],372,11413
[DIVADM].[OBJECTID_1].&[373],373,6230
[DIVADM].[OBJECTID_1].&[374],374,6228
[DIVADM].[OBJECTID_1].&[375],375,19043
[DIVADM].[OBJECTID_1].&[376],376,19785
[DIVADM].[OBJECTID_1].&[377],377,3982
[DIVADM].[OBJECTID_1].&[378],378,20831
[DIVADM].[OBJECTID_1].&[379],379,31875
[DIVADM].[OBJECTID_1].&[380],380,7046
[DIVADM].[OBJECTID_1].&[381],381,5355
[DIVADM].[OBJECTID_1].&[382],382,860
[DIVADM].[OBJECTID_1].&[383],383,8068
[DIVADM].[OBJECTID_1].&[384],384,8823
[DIVADM].[OBJECTID_1].&[385],385,8145
[DIVADM].[OBJECTID_1].&[386],386,3784
[DIVADM].[OBJECTID_1].&[387],387,20650
[DIVADM].[OBJECTID_1].&[388],388,370
[DIVADM].[OBJECTID_1].&[389],389,3532
[DIVADM].[OBJECTID_1].&[390],390,5606
[DIVADM].[OBJECTID_1].&[391],391,482
[DIVADM].[OBJECTID_1].&[392],392,6126
[DIVADM].[OBJECTID_1].&[393],393,7608
[DIVADM].[OBJECTID_1].&[394],394,2970
[DIVADM].[OBJECTID_1].&[395],395,7550
[DIVADM].[OBJECTID_1].&[396],396,10152
[DIVADM].[OBJECTID_1].&[397],397,14848
[DIVADM].[OBJECTID_1].&[398],398,7360
[DIVADM].[OBJECTID_1].&[399],399,3952
[DIVADM].[OBJECTID_1].&[400],400,1669
[DIVADM].[OBJECTID_1].&[401],401,5582
[DIVADM].[OBJECTID_1].&[402],402,8231
[DIVADM].[OBJECTID_1].&[403],403,5244
[DIVADM].[OBJECTID_1].&[404],404,10461
[DIVADM].[OBJECTID_1].&[405],405,3566
[DIVADM].[OBJECTID_1].&[406],406,5567
[DIVADM].[OBJECTID_1].&[407],407,9031
[DIVADM].[OBJECTID_1].&[408],408,6310
[DIVADM].[OBJECTID_1].&[409],409,10631
[DIVADM].[OBJECTID_1].&[410],410,651
[DIVADM].[OBJECTID_1].&[411],411,2344
[DIVADM].[OBJECTID_1].&[412],412,839
[DIVADM].[OBJECTID_1].&[413],413,738
[DIVADM].[OBJECTID_1].&[414],414,2658
[DIVADM].[OBJECTID_1].&[415],415,168
[DIVADM].[OBJECTID_1].&[416],416,7169
[DIVADM].[OBJECTID_1].&[417],417,499
[DIVADM].[OBJECTID_1].&[418],418,1991
[DIVADM].[OBJECTID_1].&[419],419,993
[DIVADM].[OBJECTID_1].&[420],420,860
[DIVADM].[OBJECTID_1].&[421],421,185
[DIVADM].[OBJECTID_1].&[422],422,440
[DIVADM].[OBJECTID_1].&[423],423,727
[DIVADM].[OBJECTID_1].&[424],424,4483
[DIVADM].[OBJECTID_1].&[425],425,827
[DIVADM].[OBJECTID_1].&[426],426,1846
[DIVADM].[OBJECTID_1].&[427],427,1266
[DIVADM].[OBJECTID_1].&[428],428,2635
[DIVADM].[OBJECTID_1].&[429],429,13321
[DIVADM].[OBJECTID_1].&[430],430,5448
[DIVADM].[OBJECTID_1].&[431],431,3044
[DIVADM].[OBJECTID_1].&[432],432,1847
[DIVADM].[OBJECTID_1].&[433],433,387
[DIVADM].[OBJECTID_1].&[434],434,1363
[DIVADM].[OBJECTID_1].&[435],435,12601
[DIVADM].[OBJECTID_1].&[436],436,9216
[DIVADM].[OBJECTID_1].&[437],437,423
[DIVADM].[OBJECTID_1].&[438],438,1306
[DIVADM].[OBJECTID_1].&[439],439,337
[DIVADM].[OBJECTID_1].&[440],440,4506
[DIVADM].[OBJECTID_1].&[441],441,3992
[DIVADM].[OBJECTID_1].&[442],442,7455
[DIVADM].[OBJECTID_1].&[443],443,7931
[DIVADM].[OBJECTID_1].&[444],444,10251
[DIVADM].[OBJECTID_1].&[445],445,32362
[DIVADM].[OBJECTID_1].&[446],446,9473
[DIVADM].[OBJECTID_1].&[447],447,304
[DIVADM].[OBJECTID_1].&[448],448,1597
[DIVADM].[OBJECTID_1].&[449],449,583
[DIVADM].[OBJECTID_1].&[450],450,2028
[DIVADM].[OBJECTID_1].&[451],451,1790
[DIVADM].[OBJECTID_1].&[452],452,2244
[DIVADM].[OBJECTID_1].&[453],453,954
[DIVADM].[OBJECTID_1].&[454],454,5780
[DIVADM].[OBJECTID_1].&[455],455,1603
[DIVADM].[OBJECTID_1].&[456],456,834
[DIVADM].[OBJECTID_1].&[457],457,127
[DIVADM].[OBJECTID_1].&[458],458,977
[DIVADM].[OBJECTID_1].&[459],459,318
[DIVADM].[OBJECTID_1].&[460],460,439
[DIVADM].[OBJECTID_1].&[461],461,4357
[DIVADM].[OBJECTID_1].&[462],462,1085
[DIVADM].[OBJECTID_1].&[463],463,410
[DIVADM].[OBJECTID_1].&[464],464,46
[DIVADM].[OBJECTID_1].&[465],465,6590
[DIVADM].[OBJECTID_1].&[466],466,772
[DIVADM].[OBJECTID_1].&[467],467,446
[DIVADM].[OBJECTID_1].&[468],468,579
[DIVADM].[OBJECTID_1].&[469],469,1227
[DIVADM].[OBJECTID_1].&[470],470,3747
[DIVADM].[OBJECTID_1].&[471],471,576
[DIVADM].[OBJECTID_1].&[472],472,4897
[DIVADM].[OBJECTID_1].&[473],473,541
[DIVADM].[OBJECTID_1].&[474],474,17396
[DIVADM].[OBJECTID_1].&[475],475,1939
[DIVADM].[OBJECTID_1].&[476],476,10241
[DIVADM].[OBJECTID_1].&[477],477,1860
[DIVADM].[OBJECTID_1].&[478],478,4389
[DIVADM].[OBJECTID_1].&[479],479,48444
[DIVADM].[OBJECTID_1].&[480],480,24032
[DIVADM].[OBJECTID_1].&[481],481,14012
[DIVADM].[OBJECTID_1].&[482],482,30970
[DIVADM].[OBJECTID_1].&[483],483,19004
[DIVADM].[OBJECTID_1].&[484],484,5403
[DIVADM].[OBJECTID_1].&[485],485,2360
[DIVADM].[OBJECTID_1].&[486],486,15704
[DIVADM].[OBJECTID_1].&[487],487,11974
[DIVADM].[OBJECTID_1].&[488],488,16183
[DIVADM].[OBJECTID_1].&[489],489,2647
[DIVADM].[OBJECTID_1].&[490],490,2383
[DIVADM].[OBJECTID_1].&[491],491,7347
[DIVADM].[OBJECTID_1].&[492],492,5407
[DIVADM].[OBJECTID_1].&[493],493,12715
[DIVADM].[OBJECTID_1].&[494],494,7803
[DIVADM].[OBJECTID_1].&[495],495,29744
[DIVADM].[OBJECTID_1].&[496],496,15340
[DIVADM].[OBJECTID_1].&[497],497,58724
[DIVADM].[OBJECTID_1].&[498],498,17610
[DIVADM].[OBJECTID_1].&[499],499,5551
[DIVADM].[OBJECTID_1].&[500],500,133
[DIVADM].[OBJECTID_1].&[501],501,10923
[DIVADM].[OBJECTID_1].&[502],502,8309
[DIVADM].[OBJECTID_1].&[503],503,6241
[DIVADM].[OBJECTID_1].&[504],504,1047
[DIVADM].[OBJECTID_1].&[505],505,7704
[DIVADM].[OBJECTID_1].&[506],506,2751
[DIVADM].[OBJECTID_1].&[507],507,23138
[DIVADM].[OBJECTID_1].&[508],508,35340
[DIVADM].[OBJECTID_1].&[509],509,18249
[DIVADM].[OBJECTID_1].&[510],510,23946
[DIVADM].[OBJECTID_1].&[511],511,15082
[DIVADM].[OBJECTID_1].&[512],512,60972
[DIVADM].[OBJECTID_1].&[513],513,61572
[DIVADM].[OBJECTID_1].&[514],514,34037
[DIVADM].[OBJECTID_1].&[515],515,22170
[DIVADM].[OBJECTID_1].&[516],516,20497
[DIVADM].[OBJECTID_1].&[517],517,36621
[DIVADM].[OBJECTID_1].&[518],518,20464
[DIVADM].[OBJECTID_1].&[519],519,36332
[DIVADM].[OBJECTID_1].&[520],520,13315
[DIVADM].[OBJECTID_1].&[521],521,10893
[DIVADM].[OBJECTID_1].&[522],522,15845
[DIVADM].[OBJECTID_1].&[523],523,5992
[DIVADM].[OBJECTID_1].&[524],524,7269
[DIVADM].[OBJECTID_1].&[525],525,3796
[DIVADM].[OBJECTID_1].&[526],526,15417
[DIVADM].[OBJECTID_1].&[527],527,48587
[DIVADM].[OBJECTID_1].&[528],528,18328
[DIVADM].[OBJECTID_1].&[529],529,40797
[DIVADM].[OBJECTID_1].&[530],530,84635
[DIVADM].[OBJECTID_1].&[531],531,43091
[DIVADM].[OBJECTID_1].&[532],532,66156
[DIVADM].[OBJECTID_1].&[533],533,68813
[DIVADM].[OBJECTID_1].&[534],534,22416
[DIVADM].[OBJECTID_1].&[535],535,18391
[DIVADM].[OBJECTID_1].&[536],536,6146
[DIVADM].[OBJECTID_1].&[537],537,239
[DIVADM].[OBJECTID_1].&[538],538,19993
[DIVADM].[OBJECTID_1].&[539],539,8838
[DIVADM].[OBJECTID_1].&[540],540,17766
[DIVADM].[OBJECTID_1].&[541],541,10580
[DIVADM].[OBJECTID_1].&[542],542,3958
[DIVADM].[OBJECTID_1].&[543],543,4210
[DIVADM].[OBJECTID_1].&[544],544,18069
[DIVADM].[OBJECTID_1].&[545],545,6931
[DIVADM].[OBJECTID_1].&[546],546,11364
[DIVADM].[OBJECTID_1].&[547],547,393
[DIVADM].[OBJECTID_1].&[548],548,1535
[DIVADM].[OBJECTID_1].&[549],549,1417
[DIVADM].[OBJECTID_1].&[550],550,20025
[DIVADM].[OBJECTID_1].&[551],551,2818
[DIVADM].[OBJECTID_1].&[552],552,1411
[DIVADM].[OBJECTID_1].&[553],553,897
[DIVADM].[OBJECTID_1].&[554],554,25908
[DIVADM].[OBJECTID_1].&[555],555,1255
[DIVADM].[OBJECTID_1].&[556],556,4892
[DIVADM].[OBJECTID_1].&[557],557,1346
[DIVADM].[OBJECTID_1].&[558],558,7977
[DIVADM].[OBJECTID_1].&[559],559,1411
[DIVADM].[OBJECTID_1].&[560],560,3269
[DIVADM].[OBJECTID_1].&[561],561,2083
[DIVADM].[OBJECTID_1].&[562],562,15953
[DIVADM].[OBJECTID_1].&[563],563,1520
[DIVADM].[OBJECTID_1].&[564],564,882
[DIVADM].[OBJECTID_1].&[565],565,752
[DIVADM].[OBJECTID_1].&[566],566,1903
[DIVADM].[OBJECTID_1].&[567],567,3240
[DIVADM].[OBJECTID_1].&[568],568,572
[DIVADM].[OBJECTID_1].&[569],569,460
[DIVADM].[OBJECTID_1].&[570],570,11502
[DIVADM].[OBJECTID_1].&[571],571,1057
[DIVADM].[OBJECTID_1].&[572],572,1878
[DIVADM].[OBJECTID_1].&[573],573,6275
[DIVADM].[OBJECTID_1].&[574],574,1595
[DIVADM].[OBJECTID_1].&[575],575,4539
[DIVADM].[OBJECTID_1].&[576],576,491
[DIVADM].[OBJECTID_1].&[577],577,82432
[DIVADM].[OBJECTID_1].&[578],578,720
[DIVADM].[OBJECTID_1].&[579],579,1579
[DIVADM].[OBJECTID_1].&[580],580,12751
[DIVADM].[OBJECTID_1].&[581],581,2737
[DIVADM].[OBJECTID_1].&[582],582,15850
[DIVADM].[OBJECTID_1].&[583],583,4527
[DIVADM].[OBJECTID_1].&[584],584,2793
[DIVADM].[OBJECTID_1].&[585],585,32332
[DIVADM].[OBJECTID_1].&[586],586,5798
[DIVADM].[OBJECTID_1].&[587],587,236
[DIVADM].[OBJECTID_1].&[588],588,458
[DIVADM].[OBJECTID_1].&[589],589,1405
[DIVADM].[OBJECTID_1].&[590],590,132
[DIVADM].[OBJECTID_1].&[591],591,8654
[DIVADM].[OBJECTID_1].&[592],592,1851
[DIVADM].[OBJECTID_1].&[593],593,1237
[DIVADM].[OBJECTID_1].&[594],594,5967
[DIVADM].[OBJECTID_1].&[595],595,8095
[DIVADM].[OBJECTID_1].&[596],596,1436
[DIVADM].[OBJECTID_1].&[597],597,2755
[DIVADM].[OBJECTID_1].&[598],598,9011
[DIVADM].[OBJECTID_1].&[599],599,16554
[DIVADM].[OBJECTID_1].&[600],600,10127
[DIVADM].[OBJECTID_1].&[601],601,7739
[DIVADM].[OBJECTID_1].&[602],602,25693
[DIVADM].[OBJECTID_1].&[603],603,11595
[DIVADM].[OBJECTID_1].&[604],604,4544
[DIVADM].[OBJECTID_1].&[605],605,11395
[DIVADM].[OBJECTID_1].&[606],606,1397
[DIVADM].[OBJECTID_1].&[607],607,176
[DIVADM].[OBJECTID_1].&[608],608,16
[DIVADM].[OBJECTID_1].&[609],609,969
[DIVADM].[OBJECTID_1].&[610],610,1044
[DIVADM].[OBJECTID_1].&[611],611,5270
[DIVADM].[OBJECTID_1].&[612],612,1817
[DIVADM].[OBJECTID_1].&[613],613,1745
[DIVADM].[OBJECTID_1].&[614],614,219
[DIVADM].[OBJECTID_1].&[615],615,586
[DIVADM].[OBJECTID_1].&[616],616,5453
[DIVADM].[OBJECTID_1].&[617],617,15500
[DIVADM].[OBJECTID_1].&[618],618,5901
[DIVADM].[OBJECTID_1].&[619],619,2317
[DIVADM].[OBJECTID_1].&[620],620,352
[DIVADM].[OBJECTID_1].&[621],621,540
[DIVADM].[OBJECTID_1].&[622],622,596
[DIVADM].[OBJECTID_1].&[623],623,15648
[DIVADM].[OBJECTID_1].&[624],624,5264
[DIVADM].[OBJECTID_1].&[625],625,13985
[DIVADM].[OBJECTID_1].&[626],626,48575
[DIVADM].[OBJECTID_1].&[627],627,43910
[DIVADM].[OBJECTID_1].&[628],628,41927
[DIVADM].[OBJECTID_1].&[629],629,5701
[DIVADM].[OBJECTID_1].&[630],630,7246
[DIVADM].[OBJECTID_1].&[631],631,15713
[DIVADM].[OBJECTID_1].&[632],632,12106
[DIVADM].[OBJECTID_1].&[633],633,7117
[DIVADM].[OBJECTID_1].&[634],634,76
[DIVADM].[OBJECTID_1].&[635],635,6244
[DIVADM].[OBJECTID_1].&[636],636,1832
[DIVADM].[OBJECTID_1].&[637],637,1544
[DIVADM].[OBJECTID_1].&[638],638,2416
[DIVADM].[OBJECTID_1].&[639],639,14054
[DIVADM].[OBJECTID_1].&[640],640,21942
[DIVADM].[OBJECTID_1].&[641],641,1996
[DIVADM].[OBJECTID_1].&[642],642,2408
[DIVADM].[OBJECTID_1].&[643],643,1262
[DIVADM].[OBJECTID_1].&[644],644,2118
[DIVADM].[OBJECTID_1].&[645],645,4427
[DIVADM].[OBJECTID_1].&[646],646,332
[DIVADM].[OBJECTID_1].&[647],647,3138
[DIVADM].[OBJECTID_1].&[648],648,62
[DIVADM].[OBJECTID_1].&[649],649,5992
[DIVADM].[OBJECTID_1].&[650],650,3548
[DIVADM].[OBJECTID_1].&[651],651,2620
[DIVADM].[OBJECTID_1].&[652],652,902
[DIVADM].[OBJECTID_1].&[653],653,1143
[DIVADM].[OBJECTID_1].&[654],654,14186
[DIVADM].[OBJECTID_1].&[655],655,403
[DIVADM].[OBJECTID_1].&[656],656,118
[DIVADM].[OBJECTID_1].&[657],657,8666
[DIVADM].[OBJECTID_1].&[658],658,1152
[DIVADM].[OBJECTID_1].&[659],659,1854
[DIVADM].[OBJECTID_1].&[660],660,3803
[DIVADM].[OBJECTID_1].&[661],661,173
[DIVADM].[OBJECTID_1].&[662],662,363
[DIVADM].[OBJECTID_1].&[663],663,1747
[DIVADM].[OBJECTID_1].&[664],664,38
[DIVADM].[OBJECTID_1].&[665],665,11639
[DIVADM].[OBJECTID_1].&[666],666,1037
[DIVADM].[OBJECTID_1].&[667],667,1054
[DIVADM].[OBJECTID_1].&[668],668,3829
[DIVADM].[OBJECTID_1].&[669],669,1725
[DIVADM].[OBJECTID_1].&[670],670,644
[DIVADM].[OBJECTID_1].&[671],671,2533
[DIVADM].[OBJECTID_1].&[672],672,14357
[DIVADM].[OBJECTID_1].&[673],673,19468
[DIVADM].[OBJECTID_1].&[674],674,16264
[DIVADM].[OBJECTID_1].&[675],675,17935
[DIVADM].[OBJECTID_1].&[676],676,244
[DIVADM].[OBJECTID_1].&[677],677,127
[DIVADM].[OBJECTID_1].&[678],678,9437
[DIVADM].[OBJECTID_1].&[679],679,10371
[DIVADM].[OBJECTID_1].&[680],680,14033
[DIVADM].[OBJECTID_1].&[681],681,14010
[DIVADM].[OBJECTID_1].&[682],682,8738
[DIVADM].[OBJECTID_1].&[683],683,23162
[DIVADM].[OBJECTID_1].&[684],684,1040
[DIVADM].[OBJECTID_1].&[685],685,5563
[DIVADM].[OBJECTID_1].&[686],686,3589
[DIVADM].[OBJECTID_1].&[687],687,16350
[DIVADM].[OBJECTID_1].&[688],688,500
[DIVADM].[OBJECTID_1].&[689],689,8151
[DIVADM].[OBJECTID_1].&[690],690,570
[DIVADM].[OBJECTID_1].&[691],691,10761
[DIVADM].[OBJECTID_1].&[692],692,137
[DIVADM].[OBJECTID_1].&[693],693,23466
[DIVADM].[OBJECTID_1].&[694],694,2791
[DIVADM].[OBJECTID_1].&[695],695,901
[DIVADM].[OBJECTID_1].&[696],696,59391
[DIVADM].[OBJECTID_1].&[697],697,32634
[DIVADM].[OBJECTID_1].&[698],698,25648
[DIVADM].[OBJECTID_1].&[699],699,18192
[DIVADM].[OBJECTID_1].&[700],700,15277
[DIVADM].[OBJECTID_1].&[701],701,37260
[DIVADM].[OBJECTID_1].&[702],702,2920
[DIVADM].[OBJECTID_1].&[703],703,1771
[DIVADM].[OBJECTID_1].&[704],704,307
[DIVADM].[OBJECTID_1].&[705],705,49
[DIVADM].[OBJECTID_1].&[706],706,2000
[DIVADM].[OBJECTID_1].&[707],707,1614
[DIVADM].[OBJECTID_1].&[708],708,12070
[DIVADM].[OBJECTID_1].&[709],709,19958
[DIVADM].[OBJECTID_1].&[710],710,11475
[DIVADM].[OBJECTID_1].&[711],711,15980
[DIVADM].[OBJECTID_1].&[712],712,53159
[DIVADM].[OBJECTID_1].&[713],713,11402
[DIVADM].[OBJECTID_1].&[714],714,3825
[DIVADM].[OBJECTID_1].&[715],715,32359
[DIVADM].[OBJECTID_1].&[716],716,33211
[DIVADM].[OBJECTID_1].&[717],717,5173
[DIVADM].[OBJECTID_1].&[718],718,14347
[DIVADM].[OBJECTID_1].&[719],719,49269
[DIVADM].[OBJECTID_1].&[720],720,25256
[DIVADM].[OBJECTID_1].&[721],721,30671
[DIVADM].[OBJECTID_1].&[722],722,3291
[DIVADM].[OBJECTID_1].&[723],723,24977
[DIVADM].[OBJECTID_1].&[724],724,37294
[DIVADM].[OBJECTID_1].&[725],725,49708
[DIVADM].[OBJECTID_1].&[726],726,11827
[DIVADM].[OBJECTID_1].&[727],727,31897
[DIVADM].[OBJECTID_1].&[728],728,25540
[DIVADM].[OBJECTID_1].&[729],729,40983
[DIVADM].[OBJECTID_1].&[730],730,7939
[DIVADM].[OBJECTID_1].&[731],731,20310
[DIVADM].[OBJECTID_1].&[732],732,34904
[DIVADM].[OBJECTID_1].&[733],733,16666
[DIVADM].[OBJECTID_1].&[734],734,10163
[DIVADM].[OBJECTID_1].&[735],735,12627
[DIVADM].[OBJECTID_1].&[736],736,20591
[DIVADM].[OBJECTID_1].&[737],737,33854
[DIVADM].[OBJECTID_1].&[738],738,728
[DIVADM].[OBJECTID_1].&[739],739,12913
[DIVADM].[OBJECTID_1].&[740],740,25660
[DIVADM].[OBJECTID_1].&[741],741,24450
[DIVADM].[OBJECTID_1].&[742],742,6504
[DIVADM].[OBJECTID_1].&[743],743,13723
[DIVADM].[OBJECTID_1].&[744],744,8317
[DIVADM].[OBJECTID_1].&[745],745,27783
[DIVADM].[OBJECTID_1].&[746],746,49894
[DIVADM].[OBJECTID_1].&[747],747,11467
[DIVADM].[OBJECTID_1].&[748],748,15660
[DIVADM].[OBJECTID_1].&[749],749,8948
[DIVADM].[OBJECTID_1].&[750],750,9394
[DIVADM].[OBJECTID_1].&[751],751,28191
[DIVADM].[OBJECTID_1].&[752],752,24609
[DIVADM].[OBJECTID_1].&[753],753,13323
[DIVADM].[OBJECTID_1].&[754],754,19124
[DIVADM].[OBJECTID_1].&[755],755,11919
[DIVADM].[OBJECTID_1].&[756],756,24035
[DIVADM].[OBJECTID_1].&[757],757,21815
[DIVADM].[OBJECTID_1].&[758],758,15286
[DIVADM].[OBJECTID_1].&[759],759,14942
[DIVADM].[OBJECTID_1].&[760],760,8653
[DIVADM].[OBJECTID_1].&[761],761,14113
[DIVADM].[OBJECTID_1].&[762],762,17900
[DIVADM].[OBJECTID_1].&[763],763,13047
[DIVADM].[OBJECTID_1].&[764],764,14517
[DIVADM].[OBJECTID_1].&[765],765,6487
[DIVADM].[OBJECTID_1].&[766],766,6872
[DIVADM].[OBJECTID_1].&[767],767,18905
[DIVADM].[OBJECTID_1].&[768],768,20357
[DIVADM].[OBJECTID_1].&[769],769,29129
[DIVADM].[OBJECTID_1].&[770],770,26457
[DIVADM].[OBJECTID_1].&[771],771,23680
[DIVADM].[OBJECTID_1].&[772],772,32343
[DIVADM].[OBJECTID_1].&[773],773,16106
[DIVADM].[OBJECTID_1].&[774],774,16612
[DIVADM].[OBJECTID_1].&[775],775,12830
[DIVADM].[OBJECTID_1].&[776],776,14715
[DIVADM].[OBJECTID_1].&[777],777,24391
[DIVADM].[OBJECTID_1].&[778],778,32951
[DIVADM].[OBJECTID_1].&[779],779,29683
[DIVADM].[OBJECTID_1].&[780],780,12814
[DIVADM].[OBJECTID_1].&[781],781,14108
[DIVADM].[OBJECTID_1].&[782],782,27423
[DIVADM].[OBJECTID_1].&[783],783,6806
[DIVADM].[OBJECTID_1].&[784],784,6882
[DIVADM].[OBJECTID_1].&[785],785,5899
[DIVADM].[OBJECTID_1].&[786],786,5161
[DIVADM].[OBJECTID_1].&[787],787,57487
[DIVADM].[OBJECTID_1].&[788],788,15808
[DIVADM].[OBJECTID_1].&[789],789,878
[DIVADM].[OBJECTID_1].&[790],790,25091
[DIVADM].[OBJECTID_1].&[791],791,1009
[DIVADM].[OBJECTID_1].&[792],792,9619
[DIVADM].[OBJECTID_1].&[793],793,26504
[DIVADM].[OBJECTID_1].&[794],794,9333
[DIVADM].[OBJECTID_1].&[795],795,12966
[DIVADM].[OBJECTID_1].&[796],796,1727
[DIVADM].[OBJECTID_1].&[797],797,11090
[DIVADM].[OBJECTID_1].&[798],798,10875
[DIVADM].[OBJECTID_1].&[799],799,22690
[DIVADM].[OBJECTID_1].&[800],800,30218
[DIVADM].[OBJECTID_1].&[801],801,15477
[DIVADM].[OBJECTID_1].&[802],802,3016
[DIVADM].[OBJECTID_1].&[803],803,30351
[DIVADM].[OBJECTID_1].&[804],804,17099
[DIVADM].[OBJECTID_1].&[805],805,38560
[DIVADM].[OBJECTID_1].&[806],806,11804
[DIVADM].[OBJECTID_1].&[807],807,15683
[DIVADM].[OBJECTID_1].&[808],808,10327
[DIVADM].[OBJECTID_1].&[809],809,22646
[DIVADM].[OBJECTID_1].&[810],810,3983
[DIVADM].[OBJECTID_1].&[811],811,218
[DIVADM].[OBJECTID_1].&[812],812,1048
[DIVADM].[OBJECTID_1].&[813],813,33991
[DIVADM].[OBJECTID_1].&[814],814,12518
[DIVADM].[OBJECTID_1].&[815],815,15726
[DIVADM].[OBJECTID_1].&[816],816,20976
[DIVADM].[OBJECTID_1].&[817],817,6355
[DIVADM].[OBJECTID_1].&[818],818,47527
[DIVADM].[OBJECTID_1].&[819],819,27824
[DIVADM].[OBJECTID_1].&[820],820,29932
[DIVADM].[OBJECTID_1].&[821],821,4576
[DIVADM].[OBJECTID_1].&[822],822,26832
[DIVADM].[OBJECTID_1].&[823],823,58828
[DIVADM].[OBJECTID_1].&[824],824,18645
[DIVADM].[OBJECTID_1].&[825],825,7135
[DIVADM].[OBJECTID_1].&[826],826,17232
[DIVADM].[OBJECTID_1].&[827],827,12104
[DIVADM].[OBJECTID_1].&[828],828,23537
[DIVADM].[OBJECTID_1].&[829],829,40997
[DIVADM].[OBJECTID_1].&[830],830,19643
[DIVADM].[OBJECTID_1].&[831],831,3132
[DIVADM].[OBJECTID_1].&[832],832,42043
[DIVADM].[OBJECTID_1].&[833],833,29170
[DIVADM].[OBJECTID_1].&[834],834,22714
[DIVADM].[OBJECTID_1].&[835],835,2143
[DIVADM].[OBJECTID_1].&[836],836,1190
[DIVADM].[OBJECTID_1].&[837],837,1374
[DIVADM].[OBJECTID_1].&[838],838,8135
[DIVADM].[OBJECTID_1].&[839],839,17033
[DIVADM].[OBJECTID_1].&[840],840,61727
[DIVADM].[OBJECTID_1].&[841],841,23455
[DIVADM].[OBJECTID_1].&[842],842,22617
[DIVADM].[OBJECTID_1].&[843],843,317
[DIVADM].[OBJECTID_1].&[844],844,10933
[DIVADM].[OBJECTID_1].&[845],845,15502
[DIVADM].[OBJECTID_1].&[846],846,5152
[DIVADM].[OBJECTID_1].&[847],847,22218
[DIVADM].[OBJECTID_1].&[848],848,25725
[DIVADM].[OBJECTID_1].&[849],849,10732
[DIVADM].[OBJECTID_1].&[850],850,34256
[DIVADM].[OBJECTID_1].&[851],851,20742
[DIVADM].[OBJECTID_1].&[852],852,22452
[DIVADM].[OBJECTID_1].&[853],853,22262
[DIVADM].[OBJECTID_1].&[854],854,23421
[DIVADM].[OBJECTID_1].&[855],855,19994
[DIVADM].[OBJECTID_1].&[856],856,40286
[DIVADM].[OBJECTID_1].&[857],857,22801
[DIVADM].[OBJECTID_1].&[858],858,34055
[DIVADM].[OBJECTID_1].&[859],859,9710
[DIVADM].[OBJECTID_1].&[860],860,20189
[DIVADM].[OBJECTID_1].&[861],861,7030
[DIVADM].[OBJECTID_1].&[862],862,8280
[DIVADM].[OBJECTID_1].&[863],863,4603
[DIVADM].[OBJECTID_1].&[864],864,2003
[DIVADM].[OBJECTID_1].&[865],865,6954
[DIVADM].[OBJECTID_1].&[866],866,16592
[DIVADM].[OBJECTID_1].&[867],867,6877
[DIVADM].[OBJECTID_1].&[868],868,8043
[DIVADM].[OBJECTID_1].&[869],869,21446
[DIVADM].[OBJECTID_1].&[870],870,8997
[DIVADM].[OBJECTID_1].&[871],871,15173
[DIVADM].[OBJECTID_1].&[872],872,22790
[DIVADM].[OBJECTID_1].&[873],873,6677
[DIVADM].[OBJECTID_1].&[874],874,14234
[DIVADM].[OBJECTID_1].&[875],875,26360
[DIVADM].[OBJECTID_1].&[876],876,12330
[DIVADM].[OBJECTID_1].&[877],877,14292
[DIVADM].[OBJECTID_1].&[878],878,38
[DIVADM].[OBJECTID_1].&[879],879,23259
[DIVADM].[OBJECTID_1].&[880],880,24581
[DIVADM].[OBJECTID_1].&[881],881,7899
[DIVADM].[OBJECTID_1].&[882],882,13967
[DIVADM].[OBJECTID_1].&[883],883,3926
[DIVADM].[OBJECTID_1].&[884],884,8967
[DIVADM].[OBJECTID_1].&[885],885,12026
[DIVADM].[OBJECTID_1].&[886],886,58491
[DIVADM].[OBJECTID_1].&[887],887,18979
[DIVADM].[OBJECTID_1].&[888],888,30289
[DIVADM].[OBJECTID_1].&[889],889,6422
[DIVADM].[OBJECTID_1].&[890],890,35327
[DIVADM].[OBJECTID_1].&[891],891,13376
[DIVADM].[OBJECTID_1].&[892],892,16533
[DIVADM].[OBJECTID_1].&[893],893,16606
[DIVADM].[OBJECTID_1].&[894],894,28041
[DIVADM].[OBJECTID_1].&[895],895,26928
[DIVADM].[OBJECTID_1].&[896],896,22685
[DIVADM].[OBJECTID_1].&[897],897,22448
[DIVADM].[OBJECTID_1].&[898],898,21661
[DIVADM].[OBJECTID_1].&[899],899,22262
[DIVADM].[OBJECTID_1].&[900],900,11466
[DIVADM].[OBJECTID_1].&[901],901,17537
[DIVADM].[OBJECTID_1].&[902],902,29278
[DIVADM].[OBJECTID_1].&[903],903,22296
[DIVADM].[OBJECTID_1].&[904],904,39419
[DIVADM].[OBJECTID_1].&[905],905,12591
[DIVADM].[OBJECTID_1].&[906],906,18545
[DIVADM].[OBJECTID_1].&[907],907,5949
[DIVADM].[OBJECTID_1].&[908],908,23792
[DIVADM].[OBJECTID_1].&[909],909,19754
[DIVADM].[OBJECTID_1].&[910],910,12071
[DIVADM].[OBJECTID_1].&[911],911,29797
[DIVADM].[OBJECTID_1].&[912],912,15217
[DIVADM].[OBJECTID_1].&[913],913,16944
[DIVADM].[OBJECTID_1].&[914],914,25100
[DIVADM].[OBJECTID_1].&[915],915,7354
[DIVADM].[OBJECTID_1].&[916],916,24113
[DIVADM].[OBJECTID_1].&[917],917,51024
[DIVADM].[OBJECTID_1].&[918],918,36655
[DIVADM].[OBJECTID_1].&[919],919,60611
[DIVADM].[OBJECTID_1].&[920],920,47197
[DIVADM].[OBJECTID_1].&[921],921,12813
[DIVADM].[OBJECTID_1].&[922],922,9983
[DIVADM].[OBJECTID_1].&[923],923,18099
[DIVADM].[OBJECTID_1].&[924],924,10333
[DIVADM].[OBJECTID_1].&[925],925,41318
[DIVADM].[OBJECTID_1].&[926],926,38577
[DIVADM].[OBJECTID_1].&[927],927,7471
[DIVADM].[OBJECTID_1].&[928],928,7710
[DIVADM].[OBJECTID_1].&[929],929,6358
[DIVADM].[OBJECTID_1].&[930],930,29481
[DIVADM].[OBJECTID_1].&[931],931,4724
[DIVADM].[OBJECTID_1].&[932],932,55017
[DIVADM].[OBJECTID_1].&[933],933,9976
[DIVADM].[OBJECTID_1].&[934],934,28512
[DIVADM].[OBJECTID_1].&[935],935,19148
[DIVADM].[OBJECTID_1].&[936],936,68262
[DIVADM].[OBJECTID_1].&[937],937,43060
[DIVADM].[OBJECTID_1].&[938],938,22702
[DIVADM].[OBJECTID_1].&[939],939,3018
[DIVADM].[OBJECTID_1].&[940],940,18918
[DIVADM].[OBJECTID_1].&[941],941,16853
[DIVADM].[OBJECTID_1].&[942],942,78908
[DIVADM].[OBJECTID_1].&[943],943,16691
[DIVADM].[OBJECTID_1].&[944],944,5387
[DIVADM].[OBJECTID_1].&[945],945,16215
[DIVADM].[OBJECTID_1].&[946],946,763
[DIVADM].[OBJECTID_1].&[947],947,7471
[DIVADM].[OBJECTID_1].&[948],948,11340
[DIVADM].[OBJECTID_1].&[949],949,33703
[DIVADM].[OBJECTID_1].&[950],950,6664
[DIVADM].[OBJECTID_1].&[951],951,75183
[DIVADM].[OBJECTID_1].&[952],952,15123
[DIVADM].[OBJECTID_1].&[953],953,27296
[DIVADM].[OBJECTID_1].&[954],954,6010
[DIVADM].[OBJECTID_1].&[955],955,13666
[DIVADM].[OBJECTID_1].&[956],956,12656
[DIVADM].[OBJECTID_1].&[957],957,14426
[DIVADM].[OBJECTID_1].&[958],958,25857
[DIVADM].[OBJECTID_1].&[959],959,32726
[DIVADM].[OBJECTID_1].&[960],960,27407
[DIVADM].[OBJECTID_1].&[961],961,5440
[DIVADM].[OBJECTID_1].&[962],962,17739
[DIVADM].[OBJECTID_1].&[963],963,11935
[DIVADM].[OBJECTID_1].&[964],964,23397
[DIVADM].[OBJECTID_1].&[965],965,9970
[DIVADM].[OBJECTID_1].&[966],966,10036
[DIVADM].[OBJECTID_1].&[967],967,17704
[DIVADM].[OBJECTID_1].&[968],968,22769
[DIVADM].[OBJECTID_1].&[969],969,18299
[DIVADM].[OBJECTID_1].&[970],970,12488
[DIVADM].[OBJECTID_1].&[971],971,23949
[DIVADM].[OBJECTID_1].&[972],972,42492
[DIVADM].[OBJECTID_1].&[973],973,26560
[DIVADM].[OBJECTID_1].&[974],974,12932
[DIVADM].[OBJECTID_1].&[975],975,14379
[DIVADM].[OBJECTID_1].&[976],976,21997
[DIVADM].[OBJECTID_1].&[977],977,8380
[DIVADM].[OBJECTID_1].&[978],978,11369
[DIVADM].[OBJECTID_1].&[979],979,12488
[DIVADM].[OBJECTID_1].&[980],980,17359
[DIVADM].[OBJECTID_1].&[981],981,9580
[DIVADM].[OBJECTID_1].&[982],982,16226
[DIVADM].[OBJECTID_1].&[983],983,8529
[DIVADM].[OBJECTID_1].&[984],984,9387
[DIVADM].[OBJECTID_1].&[985],985,18071
[DIVADM].[OBJECTID_1].&[986],986,27570
[DIVADM].[OBJECTID_1].&[987],987,31576
[DIVADM].[OBJECTID_1].&[988],988,24517
[DIVADM].[OBJECTID_1].&[989],989,16090
[DIVADM].[OBJECTID_1].&[990],990,12415
[DIVADM].[OBJECTID_1].&[991],991,8498
[DIVADM].[OBJECTID_1].&[992],992,22324
[DIVADM].[OBJECTID_1].&[993],993,11930
[DIVADM].[OBJECTID_1].&[994],994,17531
[DIVADM].[OBJECTID_1].&[995],995,20357
[DIVADM].[OBJECTID_1].&[996],996,6671
[DIVADM].[OBJECTID_1].&[997],997,47150
[DIVADM].[OBJECTID_1].&[998],998,35330
[DIVADM].[OBJECTID_1].&[999],999,38594
[DIVADM].[OBJECTID_1].&[1000],1000,31438
[DIVADM].[OBJECTID_1].&[1001],1001,23344
[DIVADM].[OBJECTID_1].&[1002],1002,28869
[DIVADM].[OBJECTID_1].&[1003],1003,22120
[DIVADM].[OBJECTID_1].&[1004],1004,26232
[DIVADM].[OBJECTID_1].&[1005],1005,23920
[DIVADM].[OBJECTID_1].&[1006],1006,33388
[DIVADM].[OBJECTID_1].&[1007],1007,29895
[DIVADM].[OBJECTID_1].&[1008],1008,17762
[DIVADM].[OBJECTID_1].&[1009],1009,13457
[DIVADM].[OBJECTID_1].&[1010],1010,25941
[DIVADM].[OBJECTID_1].&[1011],1011,17958
[DIVADM].[OBJECTID_1].&[1012],1012,40136
[DIVADM].[OBJECTID_1].&[1013],1013,29022
[DIVADM].[OBJECTID_1].&[1014],1014,26338
[DIVADM].[OBJECTID_1].&[1015],1015,59195
[DIVADM].[OBJECTID_1].&[1016],1016,21760
[DIVADM].[OBJECTID_1].&[1017],1017,33121
[DIVADM].[OBJECTID_1].&[1018],1018,17552
[DIVADM].[OBJECTID_1].&[1019],1019,18825
[DIVADM].[OBJECTID_1].&[1020],1020,19174
[DIVADM].[OBJECTID_1].&[1021],1021,23913
[DIVADM].[OBJECTID_1].&[1022],1022,17510
[DIVADM].[OBJECTID_1].&[1023],1023,25570
[DIVADM].[OBJECTID_1].&[1024],1024,5750
[DIVADM].[OBJECTID_1].&[1025],1025,21033
[DIVADM].[OBJECTID_1].&[1026],1026,14942
[DIVADM].[OBJECTID_1].&[1027],1027,14912
[DIVADM].[OBJECTID_1].&[1028],1028,32340
[DIVADM].[OBJECTID_1].&[1029],1029,13436
[DIVADM].[OBJECTID_1].&[1030],1030,24271
[DIVADM].[OBJECTID_1].&[1031],1031,26698
[DIVADM].[OBJECTID_1].&[1032],1032,22720
[DIVADM].[OBJECTID_1].&[1033],1033,10729
[DIVADM].[OBJECTID_1].&[1034],1034,7098
[DIVADM].[OBJECTID_1].&[1035],1035,11330
[DIVADM].[OBJECTID_1].&[1036],1036,7618
[DIVADM].[OBJECTID_1].&[1037],1037,9499
[DIVADM].[OBJECTID_1].&[1038],1038,13226
[DIVADM].[OBJECTID_1].&[1039],1039,15416
[DIVADM].[OBJECTID_1].&[1040],1040,9797
[DIVADM].[OBJECTID_1].&[1041],1041,17607
[DIVADM].[OBJECTID_1].&[1042],1042,15561
[DIVADM].[OBJECTID_1].&[1043],1043,9878
[DIVADM].[OBJECTID_1].&[1044],1044,10857
[DIVADM].[OBJECTID_1].&[1045],1045,4269
[DIVADM].[OBJECTID_1].&[1046],1046,7060
[DIVADM].[OBJECTID_1].&[1047],1047,10976
[DIVADM].[OBJECTID_1].&[1048],1048,34530
[DIVADM].[OBJECTID_1].&[1049],1049,21106
[DIVADM].[OBJECTID_1].&[1050],1050,11888
[DIVADM].[OBJECTID_1].&[1051],1051,19745
[DIVADM].[OBJECTID_1].&[1052],1052,7025
[DIVADM].[OBJECTID_1].&[1053],1053,7423
[DIVADM].[OBJECTID_1].&[1054],1054,7152
[DIVADM].[OBJECTID_1].&[1055],1055,4850
[DIVADM].[OBJECTID_1].&[1056],1056,21257
[DIVADM].[OBJECTID_1].&[1057],1057,7538
[DIVADM].[OBJECTID_1].&[1058],1058,5828
[DIVADM].[OBJECTID_1].&[1059],1059,14681
[DIVADM].[OBJECTID_1].&[1060],1060,18274
[DIVADM].[OBJECTID_1].&[1061],1061,6831
[DIVADM].[OBJECTID_1].&[1062],1062,13356
[DIVADM].[OBJECTID_1].&[1063],1063,4087
[DIVADM].[OBJECTID_1].&[1064],1064,14905
[DIVADM].[OBJECTID_1].&[1065],1065,17415
[DIVADM].[OBJECTID_1].&[1066],1066,18084
[DIVADM].[OBJECTID_1].&[1067],1067,16428
[DIVADM].[OBJECTID_1].&[1068],1068,2606
[DIVADM].[OBJECTID_1].&[1069],1069,16204
[DIVADM].[OBJECTID_1].&[1070],1070,6226
[DIVADM].[OBJECTID_1].&[1071],1071,9352
[DIVADM].[OBJECTID_1].&[1072],1072,12977
[DIVADM].[OBJECTID_1].&[1073],1073,14090
[DIVADM].[OBJECTID_1].&[1074],1074,11960
[DIVADM].[OBJECTID_1].&[1075],1075,4834
[DIVADM].[OBJECTID_1].&[1076],1076,6719
[DIVADM].[OBJECTID_1].&[1077],1077,16346
[DIVADM].[OBJECTID_1].&[1078],1078,6300
[DIVADM].[OBJECTID_1].&[1079],1079,21436
[DIVADM].[OBJECTID_1].&[1080],1080,14608
[DIVADM].[OBJECTID_1].&[1081],1081,7642
[DIVADM].[OBJECTID_1].&[1082],1082,11714
[DIVADM].[OBJECTID_1].&[1083],1083,6454
[DIVADM].[OBJECTID_1].&[1084],1084,4345
[DIVADM].[OBJECTID_1].&[1085],1085,14106
[DIVADM].[OBJECTID_1].&[1086],1086,12736
[DIVADM].[OBJECTID_1].&[1087],1087,19897
[DIVADM].[OBJECTID_1].&[1088],1088,18061
[DIVADM].[OBJECTID_1].&[1089],1089,12438
[DIVADM].[OBJECTID_1].&[1090],1090,11823
[DIVADM].[OBJECTID_1].&[1091],1091,33992
[DIVADM].[OBJECTID_1].&[1092],1092,5869
[DIVADM].[OBJECTID_1].&[1093],1093,8722
[DIVADM].[OBJECTID_1].&[1094],1094,20501
[DIVADM].[OBJECTID_1].&[1095],1095,15382
[DIVADM].[OBJECTID_1].&[1096],1096,12937
[DIVADM].[OBJECTID_1].&[1097],1097,14326
[DIVADM].[OBJECTID_1].&[1098],1098,16944
[DIVADM].[OBJECTID_1].&[1099],1099,12933
[DIVADM].[OBJECTID_1].&[1100],1100,10124
[DIVADM].[OBJECTID_1].&[1101],1101,31545
[DIVADM].[OBJECTID_1].&[1102],1102,12543
[DIVADM].[OBJECTID_1].&[1103],1103,4694
[DIVADM].[OBJECTID_1].&[1104],1104,8033
[DIVADM].[OBJECTID_1].&[1105],1105,4211
[DIVADM].[OBJECTID_1].&[1106],1106,29182
[DIVADM].[OBJECTID_1].&[1107],1107,18918
[DIVADM].[OBJECTID_1].&[1108],1108,11098
[DIVADM].[OBJECTID_1].&[1109],1109,8723
[DIVADM].[OBJECTID_1].&[1110],1110,15256
[DIVADM].[OBJECTID_1].&[1111],1111,12596
[DIVADM].[OBJECTID_1].&[1112],1112,6049
[DIVADM].[OBJECTID_1].&[1113],1113,7542
[DIVADM].[OBJECTID_1].&[1114],1114,6629
[DIVADM].[OBJECTID_1].&[1115],1115,1413
[DIVADM].[OBJECTID_1].&[1116],1116,8389
[DIVADM].[OBJECTID_1].&[1117],1117,13104
[DIVADM].[OBJECTID_1].&[1118],1118,3018
[DIVADM].[OBJECTID_1].&[1119],1119,3911
[DIVADM].[OBJECTID_1].&[1120],1120,566
[DIVADM].[OBJECTID_1].&[1121],1121,6502
[DIVADM].[OBJECTID_1].&[1122],1122,6805
[DIVADM].[OBJECTID_1].&[1123],1123,5852
[DIVADM].[OBJECTID_1].&[1124],1124,28381
[DIVADM].[OBJECTID_1].&[1125],1125,11327
[DIVADM].[OBJECTID_1].&[1126],1126,4589
[DIVADM].[OBJECTID_1].&[1127],1127,8303
[DIVADM].[OBJECTID_1].&[1128],1128,7048
[DIVADM].[OBJECTID_1].&[1129],1129,5467
[DIVADM].[OBJECTID_1].&[1130],1130,5322
[DIVADM].[OBJECTID_1].&[1131],1131,2331
[DIVADM].[OBJECTID_1].&[1132],1132,30837
[DIVADM].[OBJECTID_1].&[1133],1133,10809
[DIVADM].[OBJECTID_1].&[1134],1134,7145
[DIVADM].[OBJECTID_1].&[1135],1135,6318
[DIVADM].[OBJECTID_1].&[1136],1136,39046
[DIVADM].[OBJECTID_1].&[1137],1137,14932
[DIVADM].[OBJECTID_1].&[1138],1138,17405
[DIVADM].[OBJECTID_1].&[1139],1139,8293
[DIVADM].[OBJECTID_1].&[1140],1140,8833
[DIVADM].[OBJECTID_1].&[1141],1141,7155
[DIVADM].[OBJECTID_1].&[1142],1142,208
[DIVADM].[OBJECTID_1].&[1143],1143,12962
[DIVADM].[OBJECTID_1].&[1144],1144,15887
[DIVADM].[OBJECTID_1].&[1145],1145,5872
[DIVADM].[OBJECTID_1].&[1146],1146,32216
[DIVADM].[OBJECTID_1].&[1147],1147,30569
[DIVADM].[OBJECTID_1].&[1148],1148,11962
[DIVADM].[OBJECTID_1].&[1149],1149,14332
[DIVADM].[OBJECTID_1].&[1150],1150,11758
[DIVADM].[OBJECTID_1].&[1151],1151,12486
[DIVADM].[OBJECTID_1].&[1152],1152,17031
[DIVADM].[OBJECTID_1].&[1153],1153,13726
[DIVADM].[OBJECTID_1].&[1154],1154,11299
[DIVADM].[OBJECTID_1].&[1155],1155,11463
[DIVADM].[OBJECTID_1].&[1156],1156,11271
[DIVADM].[OBJECTID_1].&[1157],1157,3508
[DIVADM].[OBJECTID_1].&[1158],1158,10517
[DIVADM].[OBJECTID_1].&[1159],1159,9369
[DIVADM].[OBJECTID_1].&[1160],1160,23943
[DIVADM].[OBJECTID_1].&[1161],1161,3513
[DIVADM].[OBJECTID_1].&[1162],1162,145
[DIVADM].[OBJECTID_1].&[1163],1163,126
[DIVADM].[OBJECTID_1].&[1164],1164,626
[DIVADM].[OBJECTID_1].&[1165],1165,14427
[DIVADM].[OBJECTID_1].&[1166],1166,13089
[DIVADM].[OBJECTID_1].&[1167],1167,473
[DIVADM].[OBJECTID_1].&[1168],1168,35035
[DIVADM].[OBJECTID_1].&[1169],1169,2455
[DIVADM].[OBJECTID_1].&[1170],1170,508
[DIVADM].[OBJECTID_1].&[1171],1171,356
[DIVADM].[OBJECTID_1].&[1172],1172,12545
[DIVADM].[OBJECTID_1].&[1173],1173,23186
[DIVADM].[OBJECTID_1].&[1174],1174,17302
[DIVADM].[OBJECTID_1].&[1175],1175,25387
[DIVADM].[OBJECTID_1].&[1176],1176,9543
[DIVADM].[OBJECTID_1].&[1177],1177,6677
[DIVADM].[OBJECTID_1].&[1178],1178,14975
[DIVADM].[OBJECTID_1].&[1179],1179,11830
[DIVADM].[OBJECTID_1].&[1180],1180,6686
[DIVADM].[OBJECTID_1].&[1181],1181,4291
[DIVADM].[OBJECTID_1].&[1182],1182,9093
[DIVADM].[OBJECTID_1].&[1183],1183,18694
[DIVADM].[OBJECTID_1].&[1184],1184,15092
[DIVADM].[OBJECTID_1].&[1185],1185,9259
[DIVADM].[OBJECTID_1].&[1186],1186,19469
[DIVADM].[OBJECTID_1].&[1187],1187,1649
[DIVADM].[OBJECTID_1].&[1188],1188,6811
[DIVADM].[OBJECTID_1].&[1189],1189,18188
[DIVADM].[OBJECTID_1].&[1190],1190,7934
[DIVADM].[OBJECTID_1].&[1191],1191,30306
[DIVADM].[OBJECTID_1].&[1192],1192,33153
[DIVADM].[OBJECTID_1].&[1193],1193,2853
[DIVADM].[OBJECTID_1].&[1194],1194,8582
[DIVADM].[OBJECTID_1].&[1195],1195,23020
[DIVADM].[OBJECTID_1].&[1196],1196,15221
[DIVADM].[OBJECTID_1].&[1197],1197,2895
[DIVADM].[OBJECTID_1].&[1198],1198,798
[DIVADM].[OBJECTID_1].&[1199],1199,12470
[DIVADM].[OBJECTID_1].&[1200],1200,24903
[DIVADM].[OBJECTID_1].&[1201],1201,21657
[DIVADM].[OBJECTID_1].&[1202],1202,9730
[DIVADM].[OBJECTID_1].&[1203],1203,827
[DIVADM].[OBJECTID_1].&[1204],1204,283
[DIVADM].[OBJECTID_1].&[1205],1205,8430
[DIVADM].[OBJECTID_1].&[1206],1206,1006
[DIVADM].[OBJECTID_1].&[1207],1207,10650
[DIVADM].[OBJECTID_1].&[1208],1208,880
[DIVADM].[OBJECTID_1].&[1209],1209,4668
[DIVADM].[OBJECTID_1].&[1210],1210,6945
[DIVADM].[OBJECTID_1].&[1211],1211,39832
[DIVADM].[OBJECTID_1].&[1212],1212,74
[DIVADM].[OBJECTID_1].&[1213],1213,18832
[DIVADM].[OBJECTID_1].&[1214],1214,30777
[DIVADM].[OBJECTID_1].&[1215],1215,33661
[DIVADM].[OBJECTID_1].&[1216],1216,2058
[DIVADM].[OBJECTID_1].&[1217],1217,16709
[DIVADM].[OBJECTID_1].&[1218],1218,2189
[DIVADM].[OBJECTID_1].&[1219],1219,2754
[DIVADM].[OBJECTID_1].&[1220],1220,1183
[DIVADM].[OBJECTID_1].&[1221],1221,1200
[DIVADM].[OBJECTID_1].&[1222],1222,2681
[DIVADM].[OBJECTID_1].&[1223],1223,1098
[DIVADM].[OBJECTID_1].&[1224],1224,111
[DIVADM].[OBJECTID_1].&[1225],1225,2204
[DIVADM].[OBJECTID_1].&[1226],1226,16168
[DIVADM].[OBJECTID_1].&[1227],1227,22027
[DIVADM].[OBJECTID_1].&[1228],1228,7246
[DIVADM].[OBJECTID_1].&[1229],1229,2555
[DIVADM].[OBJECTID_1].&[1230],1230,16
[DIVADM].[OBJECTID_1].&[1231],1231,14833
[DIVADM].[OBJECTID_1].&[1232],1232,11568
[DIVADM].[OBJECTID_1].&[1233],1233,228
[DIVADM].[OBJECTID_1].&[1234],1234,8254
[DIVADM].[OBJECTID_1].&[1235],1235,12073
[DIVADM].[OBJECTID_1].&[1236],1236,16678
[DIVADM].[OBJECTID_1].&[1237],1237,15399
[DIVADM].[OBJECTID_1].&[1238],1238,2797
[DIVADM].[OBJECTID_1].&[1239],1239,3313
[DIVADM].[OBJECTID_1].&[1240],1240,18106
[DIVADM].[OBJECTID_1].&[1241],1241,933
[DIVADM].[OBJECTID_1].&[1242],1242,9309
[DIVADM].[OBJECTID_1].&[1243],1243,1165
[DIVADM].[OBJECTID_1].&[1244],1244,3381
[DIVADM].[OBJECTID_1].&[1245],1245,2116
[DIVADM].[OBJECTID_1].&[1246],1246,45
[DIVADM].[OBJECTID_1].&[1247],1247,2249
[DIVADM].[OBJECTID_1].&[1248],1248,261
[DIVADM].[OBJECTID_1].&[1249],1249,28
[DIVADM].[OBJECTID_1].&[1250],1250,9971
[DIVADM].[OBJECTID_1].&[1251],1251,62
[DIVADM].[OBJECTID_1].&[1252],1252,2454
[DIVADM].[OBJECTID_1].&[1253],1253,1683
[DIVADM].[OBJECTID_1].&[1254],1254,1642
[DIVADM].[OBJECTID_1].&[1255],1255,10611
[DIVADM].[OBJECTID_1].&[1256],1256,3461
[DIVADM].[OBJECTID_1].&[1257],1257,349
[DIVADM].[OBJECTID_1].&[1258],1258,491
[DIVADM].[OBJECTID_1].&[1259],1259,17142
[DIVADM].[OBJECTID_1].&[1260],1260,4251
[DIVADM].[OBJECTID_1].&[1261],1261,44129
[DIVADM].[OBJECTID_1].&[1262],1262,1355
[DIVADM].[OBJECTID_1].&[1263],1263,357
[DIVADM].[OBJECTID_1].&[1264],1264,1991
[DIVADM].[OBJECTID_1].&[1265],1265,31960
[DIVADM].[OBJECTID_1].&[1266],1266,60
[DIVADM].[OBJECTID_1].&[1267],1267,1724
[DIVADM].[OBJECTID_1].&[1268],1268,1833
[DIVADM].[OBJECTID_1].&[1269],1269,8518
[DIVADM].[OBJECTID_1].&[1270],1270,887
[DIVADM].[OBJECTID_1].&[1271],1271,2636
[DIVADM].[OBJECTID_1].&[1272],1272,3128
[DIVADM].[OBJECTID_1].&[1273],1273,7672
[DIVADM].[OBJECTID_1].&[1274],1274,9699
[DIVADM].[OBJECTID_1].&[1275],1275,13662
[DIVADM].[OBJECTID_1].&[1276],1276,29578
[DIVADM].[OBJECTID_1].&[1277],1277,10430
[DIVADM].[OBJECTID_1].&[1278],1278,6705
[DIVADM].[OBJECTID_1].&[1279],1279,12308
[DIVADM].[OBJECTID_1].&[1280],1280,9058
[DIVADM].[OBJECTID_1].&[1281],1281,11723
[DIVADM].[OBJECTID_1].&[1282],1282,10131
[DIVADM].[OBJECTID_1].&[1283],1283,25419
[DIVADM].[OBJECTID_1].&[1284],1284,6621
[DIVADM].[OBJECTID_1].&[1285],1285,3611
[DIVADM].[OBJECTID_1].&[1286],1286,11168
[DIVADM].[OBJECTID_1].&[1287],1287,599
[DIVADM].[OBJECTID_1].&[1288],1288,22915
[DIVADM].[OBJECTID_1].&[1289],1289,10290
[DIVADM].[OBJECTID_1].&[1290],1290,19983
[DIVADM].[OBJECTID_1].&[1291],1291,1503
[DIVADM].[OBJECTID_1].&[1292],1292,21948
[DIVADM].[OBJECTID_1].&[1293],1293,50499
[DIVADM].[OBJECTID_1].&[1294],1294,16547
[DIVADM].[OBJECTID_1].&[1295],1295,34123
[DIVADM].[OBJECTID_1].&[1296],1296,7841
[DIVADM].[OBJECTID_1].&[1297],1297,7820
[DIVADM].[OBJECTID_1].&[1298],1298,489
[DIVADM].[OBJECTID_1].&[1299],1299,4979
[DIVADM].[OBJECTID_1].&[1300],1300,2658
[DIVADM].[OBJECTID_1].&[1301],1301,6471
[DIVADM].[OBJECTID_1].&[1302],1302,6242
[DIVADM].[OBJECTID_1].&[1303],1303,6840
[DIVADM].[OBJECTID_1].&[1304],1304,16604
[DIVADM].[OBJECTID_1].&[1305],1305,26434
[DIVADM].[OBJECTID_1].&[1306],1306,10998
[DIVADM].[OBJECTID_1].&[1307],1307,42966
[DIVADM].[OBJECTID_1].&[1308],1308,9728
[DIVADM].[OBJECTID_1].&[1309],1309,41349
[DIVADM].[OBJECTID_1].&[1310],1310,46194
[DIVADM].[OBJECTID_1].&[1311],1311,5083
[DIVADM].[OBJECTID_1].&[1312],1312,16357
[DIVADM].[OBJECTID_1].&[1313],1313,19151
[DIVADM].[OBJECTID_1].&[1314],1314,12283
[DIVADM].[OBJECTID_1].&[1315],1315,11676
[DIVADM].[OBJECTID_1].&[1316],1316,31253
[DIVADM].[OBJECTID_1].&[1317],1317,54606
[DIVADM].[OBJECTID_1].&[1318],1318,10071
[DIVADM].[OBJECTID_1].&[1319],1319,4454
[DIVADM].[OBJECTID_1].&[1320],1320,6374
[DIVADM].[OBJECTID_1].&[1321],1321,38801
[DIVADM].[OBJECTID_1].&[1322],1322,11324
[DIVADM].[OBJECTID_1].&[1323],1323,35231
[DIVADM].[OBJECTID_1].&[1324],1324,19683
[DIVADM].[OBJECTID_1].&[1325],1325,1280
[DIVADM].[OBJECTID_1].&[1326],1326,8565
[DIVADM].[OBJECTID_1].&[1327],1327,15069
[DIVADM].[OBJECTID_1].&[1328],1328,14045
[DIVADM].[OBJECTID_1].&[1329],1329,5822
[DIVADM].[OBJECTID_1].&[1330],1330,16005
[DIVADM].[OBJECTID_1].&[1331],1331,19992
[DIVADM].[OBJECTID_1].&[1332],1332,12946
[DIVADM].[OBJECTID_1].&[1333],1333,23413
[DIVADM].[OBJECTID_1].&[1334],1334,547
[DIVADM].[OBJECTID_1].&[1335],1335,675
[DIVADM].[OBJECTID_1].&[1336],1336,33983
[DIVADM].[OBJECTID_1].&[1337],1337,14001
[DIVADM].[OBJECTID_1].&[1338],1338,3227
[DIVADM].[OBJECTID_1].&[1339],1339,1221
[DIVADM].[OBJECTID_1].&[1340],1340,4158
[DIVADM].[OBJECTID_1].&[1341],1341,7066
[DIVADM].[OBJECTID_1].&[1342],1342,12392
[DIVADM].[OBJECTID_1].&[1343],1343,26299
[DIVADM].[OBJECTID_1].&[1344],1344,9012
[DIVADM].[OBJECTID_1].&[1345],1345,14994
[DIVADM].[OBJECTID_1].&[1346],1346,11471
[DIVADM].[OBJECTID_1].&[1347],1347,6811
[DIVADM].[OBJECTID_1].&[1348],1348,27201
[DIVADM].[OBJECTID_1].&[1349],1349,23169
[DIVADM].[OBJECTID_1].&[1350],1350,12264
[DIVADM].[OBJECTID_1].&[1351],1351,6992
[DIVADM].[OBJECTID_1].&[1352],1352,5173
[DIVADM].[OBJECTID_1].&[1353],1353,19198
[DIVADM].[OBJECTID_1].&[1354],1354,12119
[DIVADM].[OBJECTID_1].&[1355],1355,10784
[DIVADM].[OBJECTID_1].&[1356],1356,26509
[DIVADM].[OBJECTID_1].&[1357],1357,3682
[DIVADM].[OBJECTID_1].&[1358],1358,18290
[DIVADM].[OBJECTID_1].&[1359],1359,3780
[DIVADM].[OBJECTID_1].&[1360],1360,14707
[DIVADM].[OBJECTID_1].&[1361],1361,22231
[DIVADM].[OBJECTID_1].&[1362],1362,22899
[DIVADM].[OBJECTID_1].&[1363],1363,9842
[DIVADM].[OBJECTID_1].&[1364],1364,18275
[DIVADM].[OBJECTID_1].&[1365],1365,6376
[DIVADM].[OBJECTID_1].&[1366],1366,26622
[DIVADM].[OBJECTID_1].&[1367],1367,53396
[DIVADM].[OBJECTID_1].&[1368],1368,30694
[DIVADM].[OBJECTID_1].&[1369],1369,15350
[DIVADM].[OBJECTID_1].&[1370],1370,2049
[DIVADM].[OBJECTID_1].&[1371],1371,1150
[DIVADM].[OBJECTID_1].&[1372],1372,15123
[DIVADM].[OBJECTID_1].&[1373],1373,1863
[DIVADM].[OBJECTID_1].&[1374],1374,11530
[DIVADM].[OBJECTID_1].&[1375],1375,6765
[DIVADM].[OBJECTID_1].&[1376],1376,20668
[DIVADM].[OBJECTID_1].&[1377],1377,7726
[DIVADM].[OBJECTID_1].&[1378],1378,7256
[DIVADM].[OBJECTID_1].&[1379],1379,11288
[DIVADM].[OBJECTID_1].&[1380],1380,11881
[DIVADM].[OBJECTID_1].&[1381],1381,17938
[DIVADM].[OBJECTID_1].&[1382],1382,5897
[DIVADM].[OBJECTID_1].&[1383],1383,7093
[DIVADM].[OBJECTID_1].&[1384],1384,14070
[DIVADM].[OBJECTID_1].&[1385],1385,5634
[DIVADM].[OBJECTID_1].&[1386],1386,8511
[DIVADM].[OBJECTID_1].&[1387],1387,12893
[DIVADM].[OBJECTID_1].&[1388],1388,3529
[DIVADM].[OBJECTID_1].&[1389],1389,17753
[DIVADM].[OBJECTID_1].&[1390],1390,13832
[DIVADM].[OBJECTID_1].&[1391],1391,3762
[DIVADM].[OBJECTID_1].&[1392],1392,2766
[DIVADM].[OBJECTID_1].&[1393],1393,24956
[DIVADM].[OBJECTID_1].&[1394],1394,951
[DIVADM].[OBJECTID_1].&[1395],1395,606
[DIVADM].[OBJECTID_1].&[1396],1396,664
[DIVADM].[OBJECTID_1].&[1397],1397,457
[DIVADM].[OBJECTID_1].&[1398],1398,3809
[DIVADM].[OBJECTID_1].&[1399],1399,6664
[DIVADM].[OBJECTID_1].&[1400],1400,13847
[DIVADM].[OBJECTID_1].&[1401],1401,4511
[DIVADM].[OBJECTID_1].&[1402],1402,1624
[DIVADM].[OBJECTID_1].&[1403],1403,16928
[DIVADM].[OBJECTID_1].&[1404],1404,5934
[DIVADM].[OBJECTID_1].&[1405],1405,29427
[DIVADM].[OBJECTID_1].&[1406],1406,27018
[DIVADM].[OBJECTID_1].&[1407],1407,13412
[DIVADM].[OBJECTID_1].&[1408],1408,2259
[DIVADM].[OBJECTID_1].&[1409],1409,8038
[DIVADM].[OBJECTID_1].&[1410],1410,6336
[DIVADM].[OBJECTID_1].&[1411],1411,7919
[DIVADM].[OBJECTID_1].&[1412],1412,1763
[DIVADM].[OBJECTID_1].&[1413],1413,9489
[DIVADM].[OBJECTID_1].&[1414],1414,412
[DIVADM].[OBJECTID_1].&[1415],1415,1406
[DIVADM].[OBJECTID_1].&[1416],1416,1170
[DIVADM].[OBJECTID_1].&[1417],1417,9143
[DIVADM].[OBJECTID_1].&[1418],1418,374
[DIVADM].[OBJECTID_1].&[1419],1419,1134
[DIVADM].[OBJECTID_1].&[1420],1420,266
[DIVADM].[OBJECTID_1].&[1421],1421,6744
[DIVADM].[OBJECTID_1].&[1422],1422,596
[DIVADM].[OBJECTID_1].&[1423],1423,155
[DIVADM].[OBJECTID_1].&[1424],1424,665
[DIVADM].[OBJECTID_1].&[1425],1425,136
[DIVADM].[OBJECTID_1].&[1426],1426,99
[DIVADM].[OBJECTID_1].&[1427],1427,21639
[DIVADM].[OBJECTID_1].&[1428],1428,23906
[DIVADM].[OBJECTID_1].&[1429],1429,14428
[DIVADM].[OBJECTID_1].&[1430],1430,5177
[DIVADM].[OBJECTID_1].&[1431],1431,1216
[DIVADM].[OBJECTID_1].&[1432],1432,3612
[DIVADM].[OBJECTID_1].&[1433],1433,13127
[DIVADM].[OBJECTID_1].&[1434],1434,4293
[DIVADM].[OBJECTID_1].&[1435],1435,9513
[DIVADM].[OBJECTID_1].&[1436],1436,4299
[DIVADM].[OBJECTID_1].&[1437],1437,6237
[DIVADM].[OBJECTID_1].&[1438],1438,7010
[DIVADM].[OBJECTID_1].&[1439],1439,2116
[DIVADM].[OBJECTID_1].&[1440],1440,22063
[DIVADM].[OBJECTID_1].&[1441],1441,16897
[DIVADM].[OBJECTID_1].&[1442],1442,22258
[DIVADM].[OBJECTID_1].&[1443],1443,19746
[DIVADM].[OBJECTID_1].&[1444],1444,13413
[DIVADM].[OBJECTID_1].&[1445],1445,11301
[DIVADM].[OBJECTID_1].&[1446],1446,7873
[DIVADM].[OBJECTID_1].&[1447],1447,17871
[DIVADM].[OBJECTID_1].&[1448],1448,35499
[DIVADM].[OBJECTID_1].&[1449],1449,5071
[DIVADM].[OBJECTID_1].&[1450],1450,10425
[DIVADM].[OBJECTID_1].&[1451],1451,11624
[DIVADM].[OBJECTID_1].&[1452],1452,2885
[DIVADM].[OBJECTID_1].&[1453],1453,8827
[DIVADM].[OBJECTID_1].&[1454],1454,5243
[DIVADM].[OBJECTID_1].&[1455],1455,6246
[DIVADM].[OBJECTID_1].&[1456],1456,87
[DIVADM].[OBJECTID_1].&[1457],1457,3815
[DIVADM].[OBJECTID_1].&[1458],1458,290
[DIVADM].[OBJECTID_1].&[1459],1459,6494
[DIVADM].[OBJECTID_1].&[1460],1460,987
[DIVADM].[OBJECTID_1].&[1461],1461,1416
[DIVADM].[OBJECTID_1].&[1462],1462,456
[DIVADM].[OBJECTID_1].&[1463],1463,947
[DIVADM].[OBJECTID_1].&[1464],1464,3489
[DIVADM].[OBJECTID_1].&[1465],1465,1091
[DIVADM].[OBJECTID_1].&[1466],1466,4002
[DIVADM].[OBJECTID_1].&[1467],1467,31280
[DIVADM].[OBJECTID_1].&[1468],1468,1900
[DIVADM].[OBJECTID_1].&[1469],1469,2149
[DIVADM].[OBJECTID_1].&[1470],1470,6694
[DIVADM].[OBJECTID_1].&[1471],1471,713
[DIVADM].[OBJECTID_1].&[1472],1472,1283
[DIVADM].[OBJECTID_1].&[1473],1473,498
[DIVADM].[OBJECTID_1].&[1474],1474,1836
[DIVADM].[OBJECTID_1].&[1475],1475,986
[DIVADM].[OBJECTID_1].&[1476],1476,3749
[DIVADM].[OBJECTID_1].&[1477],1477,2264
[DIVADM].[OBJECTID_1].&[1478],1478,3140
[DIVADM].[OBJECTID_1].&[1479],1479,8759
[DIVADM].[OBJECTID_1].&[1480],1480,10146
[DIVADM].[OBJECTID_1].&[1481],1481,33721
[DIVADM].[OBJECTID_1].&[1482],1482,17402
[DIVADM].[OBJECTID_1].&[1483],1483,17663
[DIVADM].[OBJECTID_1].&[1484],1484,8896
[DIVADM].[OBJECTID_1].&[1485],1485,37074
[DIVADM].[OBJECTID_1].&[1486],1486,49123
[DIVADM].[OBJECTID_1].&[1487],1487,15219
[DIVADM].[OBJECTID_1].&[1488],1488,9860
[DIVADM].[OBJECTID_1].&[1489],1489,6197
[DIVADM].[OBJECTID_1].&[1490],1490,3884
[DIVADM].[OBJECTID_1].&[1491],1491,1391
[DIVADM].[OBJECTID_1].&[1492],1492,2393
[DIVADM].[OBJECTID_1].&[1493],1493,15543
[DIVADM].[OBJECTID_1].&[1494],1494,9156
[DIVADM].[OBJECTID_1].&[1495],1495,3846
[DIVADM].[OBJECTID_1].&[1496],1496,12142
[DIVADM].[OBJECTID_1].&[1497],1497,881
[DIVADM].[OBJECTID_1].&[1498],1498,3016
[DIVADM].[OBJECTID_1].&[1499],1499,1730
[DIVADM].[OBJECTID_1].&[1500],1500,8593
[DIVADM].[OBJECTID_1].&[1501],1501,1772
[DIVADM].[OBJECTID_1].&[1502],1502,11951
[DIVADM].[OBJECTID_1].&[1503],1503,11062
[DIVADM].[OBJECTID_1].&[1504],1504,9598
[DIVADM].[OBJECTID_1].&[1505],1505,828
[DIVADM].[OBJECTID_1].&[1506],1506,2201
[DIVADM].[OBJECTID_1].&[1507],1507,950
[DIVADM].[OBJECTID_1].&[1508],1508,1424
[DIVADM].[OBJECTID_1].&[1509],1509,8824
[DIVADM].[OBJECTID_1].&[1510],1510,707
[DIVADM].[OBJECTID_1].&[1511],1511,1167
[DIVADM].[OBJECTID_1].&[1512],1512,2920
[DIVADM].[OBJECTID_1].&[1513],1513,2864
[DIVADM].[OBJECTID_1].&[1514],1514,11083
[DIVADM].[OBJECTID_1].&[1515],1515,24778
[DIVADM].[OBJECTID_1].&[1516],1516,1261
[DIVADM].[OBJECTID_1].&[1517],1517,6142
[DIVADM].[OBJECTID_1].&[1518],1518,22872
[DIVADM].[OBJECTID_1].&[1519],1519,77615
[DIVADM].[OBJECTID_1].&[1520],1520,20911
[DIVADM].[OBJECTID_1].&[1521],1521,16602
[DIVADM].[OBJECTID_1].&[1522],1522,29017
[DIVADM].[OBJECTID_1].&[1523],1523,4555
[DIVADM].[OBJECTID_1].&[1524],1524,2305
[DIVADM].[OBJECTID_1].&[1525],1525,3581
[DIVADM].[OBJECTID_1].&[1526],1526,22131
[DIVADM].[OBJECTID_1].&[1527],1527,4751
[DIVADM].[OBJECTID_1].&[1528],1528,28007
[DIVADM].[OBJECTID_1].&[1529],1529,18429
[DIVADM].[OBJECTID_1].&[1530],1530,28008
[DIVADM].[OBJECTID_1].&[1531],1531,30335
[DIVADM].[OBJECTID_1].&[1532],1532,25161
[DIVADM].[OBJECTID_1].&[1533],1533,52588
[DIVADM].[OBJECTID_1].&[1534],1534,8793
[DIVADM].[OBJECTID_1].&[1535],1535,28679
[DIVADM].[OBJECTID_1].&[1536],1536,16308
[DIVADM].[OBJECTID_1].&[1537],1537,4715
[DIVADM].[OBJECTID_1].&[1538],1538,28120
[DIVADM].[OBJECTID_1].&[1539],1539,11599
[DIVADM].[OBJECTID_1].&[1540],1540,29484
[DIVADM].[OBJECTID_1].&[1541],1541,41188
[DIVADM].[OBJECTID_1].&[1542],1542,3774
[DIVADM].[OBJECTID_1].&[1543],1543,1459
[DIVADM].[OBJECTID_1].&[1544],1544,11472
[DIVADM].[OBJECTID_1].&[1545],1545,10280
[DIVADM].[OBJECTID_1].&[1546],1546,18135
[DIVADM].[OBJECTID_1].&[1547],1547,4940
[DIVADM].[OBJECTID_1].&[1548],1548,4711
[DIVADM].[OBJECTID_1].&[1549],1549,798
[DIVADM].[OBJECTID_1].&[1550],1550,20047
[DIVADM].[OBJECTID_1].&[1551],1551,587
[DIVADM].[OBJECTID_1].&[1552],1552,551
[DIVADM].[OBJECTID_1].&[1553],1553,12040
[DIVADM].[OBJECTID_1].&[1554],1554,8137
[DIVADM].[OBJECTID_1].&[1555],1555,10821
[DIVADM].[OBJECTID_1].&[1556],1556,2286
[DIVADM].[OBJECTID_1].&[1557],1557,12660
[DIVADM].[OBJECTID_1].&[1558],1558,3676
[DIVADM].[OBJECTID_1].&[1559],1559,15563
[DIVADM].[OBJECTID_1].&[1560],1560,30806
[DIVADM].[OBJECTID_1].&[1561],1561,26882
[DIVADM].[OBJECTID_1].&[1562],1562,25205
[DIVADM].[OBJECTID_1].&[1563],1563,32711
[DIVADM].[OBJECTID_1].&[1564],1564,11717
[DIVADM].[OBJECTID_1].&[1565],1565,25691
[DIVADM].[OBJECTID_1].&[1566],1566,1808
[DIVADM].[OBJECTID_1].&[1567],1567,1198
[DIVADM].[OBJECTID_1].&[1568],1568,2325
[DIVADM].[OBJECTID_1].&[1569],1569,1525
[DIVADM].[OBJECTID_1].&[1570],1570,1029
[DIVADM].[OBJECTID_1].&[1571],1571,12172
[DIVADM].[OBJECTID_1].&[1572],1572,5277
[DIVADM].[OBJECTID_1].&[1573],1573,9025
[DIVADM].[OBJECTID_1].&[1574],1574,425
[DIVADM].[OBJECTID_1].&[1575],1575,3170
[DIVADM].[OBJECTID_1].&[1576],1576,11571
[DIVADM].[OBJECTID_1].&[1577],1577,15421
[DIVADM].[OBJECTID_1].&[1578],1578,4008
[DIVADM].[OBJECTID_1].&[1579],1579,3006
[DIVADM].[OBJECTID_1].&[1580],1580,7418
[DIVADM].[OBJECTID_1].&[1581],1581,2136
[DIVADM].[OBJECTID_1].&[1582],1582,25210
[DIVADM].[OBJECTID_1].&[1583],1583,12413
[DIVADM].[OBJECTID_1].&[1584],1584,6991
[DIVADM].[OBJECTID_1].&[1585],1585,9866
[DIVADM].[OBJECTID_1].&[1586],1586,1276
[DIVADM].[OBJECTID_1].&[1587],1587,11057
[DIVADM].[OBJECTID_1].&[1588],1588,2523
[DIVADM].[OBJECTID_1].&[1589],1589,21760
[DIVADM].[OBJECTID_1].&[1590],1590,14360
[DIVADM].[OBJECTID_1].&[1591],1591,2466
[DIVADM].[OBJECTID_1].&[1592],1592,38907
[DIVADM].[OBJECTID_1].&[1593],1593,31913
[DIVADM].[OBJECTID_1].&[1594],1594,20880
[DIVADM].[OBJECTID_1].&[1595],1595,29052
[DIVADM].[OBJECTID_1].&[1596],1596,47694
[DIVADM].[OBJECTID_1].&[1597],1597,35739
[DIVADM].[OBJECTID_1].&[1598],1598,17083
[DIVADM].[OBJECTID_1].&[1599],1599,15219
[DIVADM].[OBJECTID_1].&[1600],1600,19134
[DIVADM].[OBJECTID_1].&[1601],1601,28155
[DIVADM].[OBJECTID_1].&[1602],1602,2869
[DIVADM].[OBJECTID_1].&[1603],1603,2439
[DIVADM].[OBJECTID_1].&[1604],1604,326
[DIVADM].[OBJECTID_1].&[1605],1605,3599
[DIVADM].[OBJECTID_1].&[1606],1606,4715
[DIVADM].[OBJECTID_1].&[1607],1607,22073
[DIVADM].[OBJECTID_1].&[1608],1608,710
[DIVADM].[OBJECTID_1].&[1609],1609,3069
[DIVADM].[OBJECTID_1].&[1610],1610,2944
[DIVADM].[OBJECTID_1].&[1611],1611,956
[DIVADM].[OBJECTID_1].&[1612],1612,2092
[DIVADM].[OBJECTID_1].&[1613],1613,220
[DIVADM].[OBJECTID_1].&[1614],1614,9223
[DIVADM].[OBJECTID_1].&[1615],1615,1186
[DIVADM].[OBJECTID_1].&[1616],1616,1156
[DIVADM].[OBJECTID_1].&[1617],1617,661
[DIVADM].[OBJECTID_1].&[1618],1618,354
[DIVADM].[OBJECTID_1].&[1619],1619,1069
[DIVADM].[OBJECTID_1].&[1620],1620,9647
[DIVADM].[OBJECTID_1].&[1621],1621,627
[DIVADM].[OBJECTID_1].&[1622],1622,809
[DIVADM].[OBJECTID_1].&[1623],1623,4489
[DIVADM].[OBJECTID_1].&[1624],1624,1597
[DIVADM].[OBJECTID_1].&[1625],1625,4838
[DIVADM].[OBJECTID_1].&[1626],1626,11038
[DIVADM].[OBJECTID_1].&[1627],1627,889
[DIVADM].[OBJECTID_1].&[1628],1628,1884
[DIVADM].[OBJECTID_1].&[1629],1629,3256
[DIVADM].[OBJECTID_1].&[1630],1630,1981
[DIVADM].[OBJECTID_1].&[1631],1631,4761
[DIVADM].[OBJECTID_1].&[1632],1632,462
[DIVADM].[OBJECTID_1].&[1633],1633,1538
[DIVADM].[OBJECTID_1].&[1634],1634,2200
[DIVADM].[OBJECTID_1].&[1635],1635,9601
[DIVADM].[OBJECTID_1].&[1636],1636,1084
[DIVADM].[OBJECTID_1].&[1637],1637,901
[DIVADM].[OBJECTID_1].&[1638],1638,266
[DIVADM].[OBJECTID_1].&[1639],1639,1154
[DIVADM].[OBJECTID_1].&[1640],1640,9052
[DIVADM].[OBJECTID_1].&[1641],1641,27063
[DIVADM].[OBJECTID_1].&[1642],1642,363
[DIVADM].[OBJECTID_1].&[1643],1643,10142
[DIVADM].[OBJECTID_1].&[1644],1644,640
[DIVADM].[OBJECTID_1].&[1645],1645,8972
[DIVADM].[OBJECTID_1].&[1646],1646,4818
[DIVADM].[OBJECTID_1].&[1647],1647,4501
[DIVADM].[OBJECTID_1].&[1648],1648,2197
[DIVADM].[OBJECTID_1].&[1649],1649,2472
[DIVADM].[OBJECTID_1].&[1650],1650,16457
[DIVADM].[OBJECTID_1].&[1651],1651,475
[DIVADM].[OBJECTID_1].&[1652],1652,1025
[DIVADM].[OBJECTID_1].&[1653],1653,6777
[DIVADM].[OBJECTID_1].&[1654],1654,18128
[DIVADM].[OBJECTID_1].&[1655],1655,748
[DIVADM].[OBJECTID_1].&[1656],1656,2220
[DIVADM].[OBJECTID_1].&[1657],1657,4220
[DIVADM].[OBJECTID_1].&[1658],1658,2177
[DIVADM].[OBJECTID_1].&[1659],1659,7397
[DIVADM].[OBJECTID_1].&[1660],1660,3212
[DIVADM].[OBJECTID_1].&[1661],1661,30792
[DIVADM].[OBJECTID_1].&[1662],1662,9983
[DIVADM].[OBJECTID_1].&[1663],1663,3700
[DIVADM].[OBJECTID_1].&[1664],1664,9087
[DIVADM].[OBJECTID_1].&[1665],1665,29439
[DIVADM].[OBJECTID_1].&[1666],1666,21885
[DIVADM].[OBJECTID_1].&[1667],1667,16411
[DIVADM].[OBJECTID_1].&[1668],1668,22666
[DIVADM].[OBJECTID_1].&[1669],1669,24063
[DIVADM].[OBJECTID_1].&[1670],1670,2474
[DIVADM].[OBJECTID_1].&[1671],1671,7518
[DIVADM].[OBJECTID_1].&[1672],1672,573
[DIVADM].[OBJECTID_1].&[1673],1673,617
[DIVADM].[OBJECTID_1].&[1674],1674,13443
[DIVADM].[OBJECTID_1].&[1675],1675,14419
[DIVADM].[OBJECTID_1].&[1676],1676,2648
[DIVADM].[OBJECTID_1].&[1677],1677,4812
[DIVADM].[OBJECTID_1].&[1678],1678,12152
[DIVADM].[OBJECTID_1].&[1679],1679,238
[DIVADM].[OBJECTID_1].&[1680],1680,529
[DIVADM].[OBJECTID_1].&[1681],1681,8124
[DIVADM].[OBJECTID_1].&[1682],1682,9118
[DIVADM].[OBJECTID_1].&[1683],1683,24411
[DIVADM].[OBJECTID_1].&[1684],1684,14291
[DIVADM].[OBJECTID_1].&[1685],1685,35972
[DIVADM].[OBJECTID_1].&[1686],1686,39031
[DIVADM].[OBJECTID_1].&[1687],1687,31562
[DIVADM].[OBJECTID_1].&[1688],1688,27826
[DIVADM].[OBJECTID_1].&[1689],1689,21236
[DIVADM].[OBJECTID_1].&[1690],1690,33038
[DIVADM].[OBJECTID_1].&[1691],1691,5912
[DIVADM].[OBJECTID_1].&[1692],1692,7138
[DIVADM].[OBJECTID_1].&[1693],1693,2953
[DIVADM].[OBJECTID_1].&[1694],1694,4800
[DIVADM].[OBJECTID_1].&[1695],1695,4252
[DIVADM].[OBJECTID_1].&[1696],1696,9791
[DIVADM].[OBJECTID_1].&[1697],1697,16934
[DIVADM].[OBJECTID_1].&[1698],1698,11465
[DIVADM].[OBJECTID_1].&[1699],1699,1975
[DIVADM].[OBJECTID_1].&[1700],1700,478
[DIVADM].[OBJECTID_1].&[1701],1701,18987
[DIVADM].[OBJECTID_1].&[1702],1702,22270
[DIVADM].[OBJECTID_1].&[1703],1703,8830
[DIVADM].[OBJECTID_1].&[1704],1704,11713
[DIVADM].[OBJECTID_1].&[1705],1705,1829
[DIVADM].[OBJECTID_1].&[1706],1706,21017
[DIVADM].[OBJECTID_1].&[1707],1707,4957
[DIVADM].[OBJECTID_1].&[1708],1708,30081
[DIVADM].[OBJECTID_1].&[1709],1709,2497
[DIVADM].[OBJECTID_1].&[1710],1710,7879
[DIVADM].[OBJECTID_1].&[1711],1711,6440
[DIVADM].[OBJECTID_1].&[1712],1712,10031
[DIVADM].[OBJECTID_1].&[1713],1713,4084
[DIVADM].[OBJECTID_1].&[1714],1714,78
[DIVADM].[OBJECTID_1].&[1715],1715,4589
[DIVADM].[OBJECTID_1].&[1716],1716,238
[DIVADM].[OBJECTID_1].&[1717],1717,7629
[DIVADM].[OBJECTID_1].&[1718],1718,5203
[DIVADM].[OBJECTID_1].&[1719],1719,705
[DIVADM].[OBJECTID_1].&[1720],1720,1451
[DIVADM].[OBJECTID_1].&[1721],1721,2597
[DIVADM].[OBJECTID_1].&[1722],1722,1074
[DIVADM].[OBJECTID_1].&[1723],1723,15018
[DIVADM].[OBJECTID_1].&[1724],1724,15567
[DIVADM].[OBJECTID_1].&[1725],1725,32553
[DIVADM].[OBJECTID_1].&[1726],1726,2154
[DIVADM].[OBJECTID_1].&[1727],1727,1680
[DIVADM].[OBJECTID_1].&[1728],1728,5351
[DIVADM].[OBJECTID_1].&[1729],1729,4831
[DIVADM].[OBJECTID_1].&[1730],1730,57596
[DIVADM].[OBJECTID_1].&[1731],1731,3509
[DIVADM].[OBJECTID_1].&[1732],1732,23277
[DIVADM].[OBJECTID_1].&[1733],1733,28499
[DIVADM].[OBJECTID_1].&[1734],1734,13505
[DIVADM].[OBJECTID_1].&[1735],1735,1794
[DIVADM].[OBJECTID_1].&[1736],1736,381
[DIVADM].[OBJECTID_1].&[1737],1737,20242
[DIVADM].[OBJECTID_1].&[1738],1738,3697
[DIVADM].[OBJECTID_1].&[1739],1739,5957
[DIVADM].[OBJECTID_1].&[1740],1740,1883
[DIVADM].[OBJECTID_1].&[1741],1741,18055
[DIVADM].[OBJECTID_1].&[1742],1742,14972
[DIVADM].[OBJECTID_1].&[1743],1743,20980
[DIVADM].[OBJECTID_1].&[1744],1744,17825
[DIVADM].[OBJECTID_1].&[1745],1745,14163
[DIVADM].[OBJECTID_1].&[1746],1746,671
[DIVADM].[OBJECTID_1].&[1747],1747,5327
[DIVADM].[OBJECTID_1].&[1748],1748,4973
[DIVADM].[OBJECTID_1].&[1749],1749,16322
[DIVADM].[OBJECTID_1].&[1750],1750,24098
[DIVADM].[OBJECTID_1].&[1751],1751,12163
[DIVADM].[OBJECTID_1].&[1752],1752,14811
[DIVADM].[OBJECTID_1].&[1753],1753,45054
[DIVADM].[OBJECTID_1].&[1754],1754,16683
[DIVADM].[OBJECTID_1].&[1755],1755,39901
[DIVADM].[OBJECTID_1].&[1756],1756,6806
[DIVADM].[OBJECTID_1].&[1757],1757,5295
[DIVADM].[OBJECTID_1].&[1758],1758,450
[DIVADM].[OBJECTID_1].&[1759],1759,2457
[DIVADM].[OBJECTID_1].&[1760],1760,37450
[DIVADM].[OBJECTID_1].&[1761],1761,2708
[DIVADM].[OBJECTID_1].&[1762],1762,3246
[DIVADM].[OBJECTID_1].&[1763],1763,14463
[DIVADM].[OBJECTID_1].&[1764],1764,1162
[DIVADM].[OBJECTID_1].&[1765],1765,3227
[DIVADM].[OBJECTID_1].&[1766],1766,2520
[DIVADM].[OBJECTID_1].&[1767],1767,2464
[DIVADM].[OBJECTID_1].&[1768],1768,464
[DIVADM].[OBJECTID_1].&[1769],1769,1227
[DIVADM].[OBJECTID_1].&[1770],1770,468
[DIVADM].[OBJECTID_1].&[1771],1771,1665
[DIVADM].[OBJECTID_1].&[1772],1772,1991
[DIVADM].[OBJECTID_1].&[1773],1773,11752
[DIVADM].[OBJECTID_1].&[1774],1774,7778
[DIVADM].[OBJECTID_1].&[1775],1775,2360
[DIVADM].[OBJECTID_1].&[1776],1776,29554
[DIVADM].[OBJECTID_1].&[1777],1777,2943
[DIVADM].[OBJECTID_1].&[1778],1778,13956
[DIVADM].[OBJECTID_1].&[1779],1779,22970
[DIVADM].[OBJECTID_1].&[1780],1780,14724
[DIVADM].[OBJECTID_1].&[1781],1781,17872
[DIVADM].[OBJECTID_1].&[1782],1782,27787
[DIVADM].[OBJECTID_1].&[1783],1783,9640
[DIVADM].[OBJECTID_1].&[1784],1784,37386
[DIVADM].[OBJECTID_1].&[1785],1785,47124
[DIVADM].[OBJECTID_1].&[1786],1786,17313
[DIVADM].[OBJECTID_1].&[1787],1787,20350
[DIVADM].[OBJECTID_1].&[1788],1788,18332
[DIVADM].[OBJECTID_1].&[1789],1789,22801
[DIVADM].[OBJECTID_1].&[1790],1790,23276
[DIVADM].[OBJECTID_1].&[1791],1791,15622
[DIVADM].[OBJECTID_1].&[1792],1792,6060
[DIVADM].[OBJECTID_1].&[1793],1793,2817
[DIVADM].[OBJECTID_1].&[1794],1794,589
[DIVADM].[OBJECTID_1].&[1795],1795,587
[DIVADM].[OBJECTID_1].&[1796],1796,2411
[DIVADM].[OBJECTID_1].&[1797],1797,2236
[DIVADM].[OBJECTID_1].&[1798],1798,407
[DIVADM].[OBJECTID_1].&[1799],1799,4995
[DIVADM].[OBJECTID_1].&[1800],1800,5176
[DIVADM].[OBJECTID_1].&[1801],1801,526
[DIVADM].[OBJECTID_1].&[1802],1802,1064
[DIVADM].[OBJECTID_1].&[1803],1803,23464
[DIVADM].[OBJECTID_1].&[1804],1804,766
[DIVADM].[OBJECTID_1].&[1805],1805,14457
[DIVADM].[OBJECTID_1].&[1806],1806,9313
[DIVADM].[OBJECTID_1].&[1807],1807,8360
[DIVADM].[OBJECTID_1].&[1808],1808,3314
[DIVADM].[OBJECTID_1].&[1809],1809,28447
[DIVADM].[OBJECTID_1].&[1810],1810,2048
[DIVADM].[OBJECTID_1].&[1811],1811,2764
[DIVADM].[OBJECTID_1].&[1812],1812,2036
[DIVADM].[OBJECTID_1].&[1813],1813,17692
[DIVADM].[OBJECTID_1].&[1814],1814,18900
[DIVADM].[OBJECTID_1].&[1815],1815,1211
[DIVADM].[OBJECTID_1].&[1816],1816,19067
[DIVADM].[OBJECTID_1].&[1817],1817,606
[DIVADM].[OBJECTID_1].&[1818],1818,4315
[DIVADM].[OBJECTID_1].&[1819],1819,929
[DIVADM].[OBJECTID_1].&[1820],1820,1673
[DIVADM].[OBJECTID_1].&[1821],1821,4141
[DIVADM].[OBJECTID_1].&[1822],1822,7023
[DIVADM].[OBJECTID_1].&[1823],1823,28006
[DIVADM].[OBJECTID_1].&[1824],1824,6001
[DIVADM].[OBJECTID_1].&[1825],1825,21188
[DIVADM].[OBJECTID_1].&[1826],1826,4485
[DIVADM].[OBJECTID_1].&[1827],1827,14418
[DIVADM].[OBJECTID_1].&[1828],1828,16403
[DIVADM].[OBJECTID_1].&[1829],1829,8100
[DIVADM].[OBJECTID_1].&[1830],1830,22121
[DIVADM].[OBJECTID_1].&[1831],1831,8528
[DIVADM].[OBJECTID_1].&[1832],1832,8303
[DIVADM].[OBJECTID_1].&[1833],1833,9285
[DIVADM].[OBJECTID_1].&[1834],1834,31429
[DIVADM].[OBJECTID_1].&[1835],1835,9964
[DIVADM].[OBJECTID_1].&[1836],1836,66906
[DIVADM].[OBJECTID_1].&[1837],1837,31853
[DIVADM].[OBJECTID_1].&[1838],1838,469
[DIVADM].[OBJECTID_1].&[1839],1839,7666
[DIVADM].[OBJECTID_1].&[1840],1840,1991
[DIVADM].[OBJECTID_1].&[1841],1841,4923
[DIVADM].[OBJECTID_1].&[1842],1842,3302
[DIVADM].[OBJECTID_1].&[1843],1843,215
[DIVADM].[OBJECTID_1].&[1844],1844,54019
[DIVADM].[OBJECTID_1].&[1845],1845,14236
[DIVADM].[OBJECTID_1].&[1846],1846,4518
[DIVADM].[OBJECTID_1].&[1847],1847,12021
[DIVADM].[OBJECTID_1].&[1848],1848,1918
[DIVADM].[OBJECTID_1].&[1849],1849,4559
[DIVADM].[OBJECTID_1].&[1850],1850,24532
[DIVADM].[OBJECTID_1].&[1851],1851,34053
[DIVADM].[OBJECTID_1].&[1852],1852,11391
[DIVADM].[OBJECTID_1].&[1853],1853,33447
[DIVADM].[OBJECTID_1].&[1854],1854,11791
[DIVADM].[OBJECTID_1].&[1855],1855,8288
[DIVADM].[OBJECTID_1].&[1856],1856,4165
[DIVADM].[OBJECTID_1].&[1857],1857,13345
[DIVADM].[OBJECTID_1].&[1858],1858,5128
[DIVADM].[OBJECTID_1].&[1859],1859,10515
[DIVADM].[OBJECTID_1].&[1860],1860,368
[DIVADM].[OBJECTID_1].&[1861],1861,723
[DIVADM].[OBJECTID_1].&[1862],1862,3503
[DIVADM].[OBJECTID_1].&[1863],1863,6742
[DIVADM].[OBJECTID_1].&[1864],1864,4159
[DIVADM].[OBJECTID_1].&[1865],1865,5569
[DIVADM].[OBJECTID_1].&[1866],1866,25896
[DIVADM].[OBJECTID_1].&[1867],1867,34924
[DIVADM].[OBJECTID_1].&[1868],1868,8669
[DIVADM].[OBJECTID_1].&[1869],1869,2441
[DIVADM].[OBJECTID_1].&[1870],1870,5620
[DIVADM].[OBJECTID_1].&[1871],1871,18254
[DIVADM].[OBJECTID_1].&,,4347
