[DIVADM].[POBLACION].[POBLACION].[MEMBER_UNIQUE_NAME],[DIVADM].[POBLACION].[POBLACION].[MEMBER_CAPTION],[Measures].[SumaIncidentes]
[DIVADM].[POBLACION].&[1.64E2],164,300
[DIVADM].[POBLACION].&[1.84E2],184,132
[DIVADM].[POBLACION].&[2.35E2],235,15
[DIVADM].[POBLACION].&[2.43E2],243,1832
[DIVADM].[POBLACION].&[2.69E2],269,78
[DIVADM].[POBLACION].&[2.95E2],295,107
[DIVADM].[POBLACION].&[3.36E2],336,474
[DIVADM].[POBLACION].&[3.52E2],352,871
[DIVADM].[POBLACION].&[3.92E2],392,396
[DIVADM].[POBLACION].&[4.16E2],416,87
[DIVADM].[POBLACION].&[4.61E2],461,137
[DIVADM].[POBLACION].&[4.96E2],496,24
[DIVADM].[POBLACION].&[4.97E2],497,2466
[DIVADM].[POBLACION].&[5.19E2],519,297
[DIVADM].[POBLACION].&[5.84E2],584,728
[DIVADM].[POBLACION].&[5.94E2],594,196
[DIVADM].[POBLACION].&[5.95E2],595,323
[DIVADM].[POBLACION].&[6.2E2],620,62
[DIVADM].[POBLACION].&[6.39E2],639,73
[DIVADM].[POBLACION].&[6.48E2],648,491
[DIVADM].[POBLACION].&[6.56E2],656,75
[DIVADM].[POBLACION].&[6.58E2],658,1807
[DIVADM].[POBLACION].&[6.68E2],668,220
[DIVADM].[POBLACION].&[6.72E2],672,317
[DIVADM].[POBLACION].&[7.37E2],737,922
[DIVADM].[POBLACION].&[7.46E2],746,332
[DIVADM].[POBLACION].&[7.66E2],766,1595
[DIVADM].[POBLACION].&[8.16E2],816,238
[DIVADM].[POBLACION].&[8.6E2],860,76
[DIVADM].[POBLACION].&[9.16E2],916,448
[DIVADM].[POBLACION].&[9.22E2],922,2402
[DIVADM].[POBLACION].&[9.44E2],944,1064
[DIVADM].[POBLACION].&[9.63E2],963,710
[DIVADM].[POBLACION].&[9.94E2],994,3104
[DIVADM].[POBLACION].&[1.005E3],1005,839
[DIVADM].[POBLACION].&[1.027E3],1027,409
[DIVADM].[POBLACION].&[1.03E3],1030,87
[DIVADM].[POBLACION].&[1.08E3],1080,462
[DIVADM].[POBLACION].&[1.086E3],1086,99
[DIVADM].[POBLACION].&[1.091E3],1091,168
[DIVADM].[POBLACION].&[1.114E3],1114,326
[DIVADM].[POBLACION].&[1.126E3],1126,184
[DIVADM].[POBLACION].&[1.163E3],1163,1573
[DIVADM].[POBLACION].&[1.172E3],1172,155
[DIVADM].[POBLACION].&[1.177E3],1177,441
[DIVADM].[POBLACION].&[1.23E3],1230,497
[DIVADM].[POBLACION].&[1.262E3],1262,360
[DIVADM].[POBLACION].&[1.266E3],1266,49
[DIVADM].[POBLACION].&[1.297E3],1297,239
[DIVADM].[POBLACION].&[1.343E3],1343,83776
[DIVADM].[POBLACION].&[1.36E3],1360,301
[DIVADM].[POBLACION].&[1.371E3],1371,1067
[DIVADM].[POBLACION].&[1.383E3],1383,458
[DIVADM].[POBLACION].&[1.406E3],1406,617
[DIVADM].[POBLACION].&[1.41E3],1410,136
[DIVADM].[POBLACION].&[1.43E3],1430,66
[DIVADM].[POBLACION].&[1.484E3],1484,253
[DIVADM].[POBLACION].&[1.494E3],1494,6010
[DIVADM].[POBLACION].&[1.534E3],1534,3548
[DIVADM].[POBLACION].&[1.59E3],1590,3069
[DIVADM].[POBLACION].&[1.594E3],1594,266
[DIVADM].[POBLACION].&[1.596E3],1596,1132
[DIVADM].[POBLACION].&[1.6E3],1600,238
[DIVADM].[POBLACION].&[1.654E3],1654,2737
[DIVADM].[POBLACION].&[1.668E3],1668,374
[DIVADM].[POBLACION].&[1.673E3],1673,390
[DIVADM].[POBLACION].&[1.69E3],1690,573
[DIVADM].[POBLACION].&[1.695E3],1695,992
[DIVADM].[POBLACION].&[1.703E3],1703,2520
[DIVADM].[POBLACION].&[1.718E3],1718,1518
[DIVADM].[POBLACION].&[1.732E3],1732,3825
[DIVADM].[POBLACION].&[1.741E3],1741,5264
[DIVADM].[POBLACION].&[1.743E3],1743,127
[DIVADM].[POBLACION].&[1.744E3],1744,1405
[DIVADM].[POBLACION].&[1.745E3],1745,475
[DIVADM].[POBLACION].&[1.753E3],1753,5326
[DIVADM].[POBLACION].&[1.763E3],1763,354
[DIVADM].[POBLACION].&[1.768E3],1768,901
[DIVADM].[POBLACION].&[1.777E3],1777,236
[DIVADM].[POBLACION].&[1.778E3],1778,3138
[DIVADM].[POBLACION].&[1.78E3],1780,640
[DIVADM].[POBLACION].&[1.782E3],1782,665
[DIVADM].[POBLACION].&[1.785E3],1785,1579
[DIVADM].[POBLACION].&[1.816E3],1816,1436
[DIVADM].[POBLACION].&[1.823E3],1823,4527
[DIVADM].[POBLACION].&[1.837E3],1837,393
[DIVADM].[POBLACION].&[1.844E3],1844,3650
[DIVADM].[POBLACION].&[1.853E3],1853,144987
[DIVADM].[POBLACION].&[1.865E3],1865,8167
[DIVADM].[POBLACION].&[1.87E3],1870,772
[DIVADM].[POBLACION].&[1.893E3],1893,478
[DIVADM].[POBLACION].&[1.911E3],1911,3034
[DIVADM].[POBLACION].&[1.934E3],1934,16
[DIVADM].[POBLACION].&[1.992E3],1992,4539
[DIVADM].[POBLACION].&[1.994E3],1994,290
[DIVADM].[POBLACION].&[2.004E3],2004,544
[DIVADM].[POBLACION].&[2.012E3],2012,1747
[DIVADM].[POBLACION].&[2.023E3],2023,6149
[DIVADM].[POBLACION].&[2.025E3],2025,2079
[DIVADM].[POBLACION].&[2.043E3],2043,537
[DIVADM].[POBLACION].&[2.044E3],2044,1227
[DIVADM].[POBLACION].&[2.092E3],2092,7311
[DIVADM].[POBLACION].&[2.101E3],2101,178
[DIVADM].[POBLACION].&[2.137E3],2137,173
[DIVADM].[POBLACION].&[2.145E3],2145,10933
[DIVADM].[POBLACION].&[2.204E3],2204,3612
[DIVADM].[POBLACION].&[2.20525E3],"2205,25",42962
[DIVADM].[POBLACION].&[2.208E3],2208,1134
[DIVADM].[POBLACION].&[2.2395E3],"2239,5",3358
[DIVADM].[POBLACION].&[2.245E3],2245,752
[DIVADM].[POBLACION].&[2.274E3],2274,4743
[DIVADM].[POBLACION].&[2.293E3],2293,1397
[DIVADM].[POBLACION].&[2.307E3],2307,578
[DIVADM].[POBLACION].&[2.322E3],2322,1667
[DIVADM].[POBLACION].&[2.334E3],2334,3210
[DIVADM].[POBLACION].&[2.3385E3],"2338,5",10756
[DIVADM].[POBLACION].&[2.339E3],2339,5177
[DIVADM].[POBLACION].&[2.342E3],2342,705
[DIVADM].[POBLACION].&[2.345E3],2345,6790
[DIVADM].[POBLACION].&[2.352E3],2352,1255
[DIVADM].[POBLACION].&[2.356E3],2356,8909
[DIVADM].[POBLACION].&[2.37E3],2370,412
[DIVADM].[POBLACION].&[2.399E3],2399,2181
[DIVADM].[POBLACION].&[2.4235E3],"2423,5",1556
[DIVADM].[POBLACION].&[2.425E3],2425,4131
[DIVADM].[POBLACION].&[2.439E3],2439,2520
[DIVADM].[POBLACION].&[2.452E3],2452,1669
[DIVADM].[POBLACION].&[2.457E3],2457,3726
[DIVADM].[POBLACION].&[2.466E3],2466,1120
[DIVADM].[POBLACION].&[2.469E3],2469,2759
[DIVADM].[POBLACION].&[2.484E3],2484,1515
[DIVADM].[POBLACION].&[2.507E3],2507,1109
[DIVADM].[POBLACION].&[2.513E3],2513,3240
[DIVADM].[POBLACION].&[2.521E3],2521,3256
[DIVADM].[POBLACION].&[2.537E3],2537,261
[DIVADM].[POBLACION].&[2.54E3],2540,1044
[DIVADM].[POBLACION].&[2.553E3],2553,3774
[DIVADM].[POBLACION].&[2.555E3],2555,969
[DIVADM].[POBLACION].&[2.556E3],2556,302
[DIVADM].[POBLACION].&[2.565E3],2565,1025
[DIVADM].[POBLACION].&[2.568E3],2568,541
[DIVADM].[POBLACION].&[2.598E3],2598,3686
[DIVADM].[POBLACION].&[2.602E3],2602,661
[DIVADM].[POBLACION].&[2.631E3],2631,596
[DIVADM].[POBLACION].&[2.636E3],2636,1374
[DIVADM].[POBLACION].&[2.638E3],2638,2587
[DIVADM].[POBLACION].&[2.64E3],2640,947
[DIVADM].[POBLACION].&[2.641E3],2641,1129
[DIVADM].[POBLACION].&[2.646E3],2646,1851
[DIVADM].[POBLACION].&[2.685E3],2685,570
[DIVADM].[POBLACION].&[2.6855E3],"2685,5",3269
[DIVADM].[POBLACION].&[2.7385E3],"2738,5",12433
[DIVADM].[POBLACION].&[2.739E3],2739,2953
[DIVADM].[POBLACION].&[2.745E3],2745,897
[DIVADM].[POBLACION].&[2.755E3],2755,4603
[DIVADM].[POBLACION].&[2.769E3],2769,4889
[DIVADM].[POBLACION].&[2.772E3],2772,46
[DIVADM].[POBLACION].&[2.775E3],2775,3227
[DIVADM].[POBLACION].&[2.779E3],2779,127
[DIVADM].[POBLACION].&[2.801E3],2801,266
[DIVADM].[POBLACION].&[2.809E3],2809,1683
[DIVADM].[POBLACION].&[2.823E3],2823,13723
[DIVADM].[POBLACION].&[2.857E3],2857,1934
[DIVADM].[POBLACION].&[2.885E3],2885,11974
[DIVADM].[POBLACION].&[2.886E3],2886,1057
[DIVADM].[POBLACION].&[2.891E3],2891,2793
[DIVADM].[POBLACION].&[2.892E3],2892,3006
[DIVADM].[POBLACION].&[2.898E3],2898,500
[DIVADM].[POBLACION].&[2.903E3],2903,1276
[DIVADM].[POBLACION].&[2.9105E3],"2910,5",6024
[DIVADM].[POBLACION].&[2.91475E3],"2914,75",4410
[DIVADM].[POBLACION].&[2.9275E3],"2927,5",7791
[DIVADM].[POBLACION].&[2.967E3],2967,62
[DIVADM].[POBLACION].&[2.973E3],2973,713
[DIVADM].[POBLACION].&[2.98E3],2980,809
[DIVADM].[POBLACION].&[2.9915E3],"2991,5",3116
[DIVADM].[POBLACION].&[3.016E3],3016,2149
[DIVADM].[POBLACION].&[3.026E3],3026,8135
[DIVADM].[POBLACION].&[3.033E3],3033,2264
[DIVADM].[POBLACION].&[3.036E3],3036,1520
[DIVADM].[POBLACION].&[3.038E3],3038,363
[DIVADM].[POBLACION].&[3.051E3],3051,2259
[DIVADM].[POBLACION].&[3.058E3],3058,2531
[DIVADM].[POBLACION].&[3.059E3],3059,6877
[DIVADM].[POBLACION].&[3.071E3],3071,349
[DIVADM].[POBLACION].&[3.084E3],3084,2474
[DIVADM].[POBLACION].&[3.087E3],3087,956
[DIVADM].[POBLACION].&[3.09E3],3090,446
[DIVADM].[POBLACION].&[3.0995E3],"3099,5",3447
[DIVADM].[POBLACION].&[3.105E3],3105,5407
[DIVADM].[POBLACION].&[3.109E3],3109,93365
[DIVADM].[POBLACION].&[3.111E3],3111,9531
[DIVADM].[POBLACION].&[3.125E3],3125,403
[DIVADM].[POBLACION].&[3.127E3],3127,834
[DIVADM].[POBLACION].&[3.146E3],3146,2429
[DIVADM].[POBLACION].&[3.153E3],3153,2569
[DIVADM].[POBLACION].&[3.169E3],3169,1150
[DIVADM].[POBLACION].&[3.187E3],3187,2673
[DIVADM].[POBLACION].&[3.191E3],3191,1170
[DIVADM].[POBLACION].&[3.222E3],3222,887
[DIVADM].[POBLACION].&[3.227E3],3227,498
[DIVADM].[POBLACION].&[3.244E3],3244,1937
[DIVADM].[POBLACION].&[3.257E3],3257,425
[DIVADM].[POBLACION].&[3.261E3],3261,2360
[DIVADM].[POBLACION].&[3.264E3],3264,3140
[DIVADM].[POBLACION].&[3.271E3],3271,2454
[DIVADM].[POBLACION].&[3.278E3],3278,728
[DIVADM].[POBLACION].&[3.294E3],3294,1411
[DIVADM].[POBLACION].&[3.296E3],3296,688
[DIVADM].[POBLACION].&[3.302E3],3302,1047
[DIVADM].[POBLACION].&[3.319E3],3319,1525
[DIVADM].[POBLACION].&[3.346E3],3346,1338
[DIVADM].[POBLACION].&[3.349E3],3349,4252
[DIVADM].[POBLACION].&[3.375E3],3375,6275
[DIVADM].[POBLACION].&[3.398E3],3398,2990
[DIVADM].[POBLACION].&[3.4E3],3400,11685
[DIVADM].[POBLACION].&[3.409E3],3409,1903
[DIVADM].[POBLACION].&[3.432E3],3432,4812
[DIVADM].[POBLACION].&[3.434E3],3434,1871
[DIVADM].[POBLACION].&[3.4625E3],"3462,5",9702
[DIVADM].[POBLACION].&[3.512E3],3512,175
[DIVADM].[POBLACION].&[3.515E3],3515,3676
[DIVADM].[POBLACION].&[3.517E3],3517,22701
[DIVADM].[POBLACION].&[3.53E3],3530,2681
[DIVADM].[POBLACION].&[3.542E3],3542,2497
[DIVADM].[POBLACION].&[3.552E3],3552,1772
[DIVADM].[POBLACION].&[3.553E3],3553,337
[DIVADM].[POBLACION].&[3.557E3],3557,1535
[DIVADM].[POBLACION].&[3.564E3],3564,738
[DIVADM].[POBLACION].&[3.565E3],3565,3636
[DIVADM].[POBLACION].&[3.567E3],3567,2197
[DIVADM].[POBLACION].&[3.5725E3],"3572,5",2742
[DIVADM].[POBLACION].&[3.583E3],3583,3269
[DIVADM].[POBLACION].&[3.604E3],3604,1186
[DIVADM].[POBLACION].&[3.63E3],3630,1156
[DIVADM].[POBLACION].&[3.632E3],3632,901
[DIVADM].[POBLACION].&[3.643E3],3643,2523
[DIVADM].[POBLACION].&[3.644E3],3644,882
[DIVADM].[POBLACION].&[3.65E3],3650,1154
[DIVADM].[POBLACION].&[3.658E3],3658,3970
[DIVADM].[POBLACION].&[3.661E3],3661,13505
[DIVADM].[POBLACION].&[3.663E3],3663,2036
[DIVADM].[POBLACION].&[3.664E3],3664,2416
[DIVADM].[POBLACION].&[3.689E3],3689,977
[DIVADM].[POBLACION].&[3.69339990234E3],"3693,39990234",98264
[DIVADM].[POBLACION].&[3.709E3],3709,5601
[DIVADM].[POBLACION].&[3.73175E3],"3731,75",151345
[DIVADM].[POBLACION].&[3.733E3],3733,9982
[DIVADM].[POBLACION].&[3.74239990234E3],"3742,39990234",92400
[DIVADM].[POBLACION].&[3.767E3],3767,1306
[DIVADM].[POBLACION].&[3.778E3],3778,7610
[DIVADM].[POBLACION].&[3.786E3],3786,2154
[DIVADM].[POBLACION].&[3.788E3],3788,1407
[DIVADM].[POBLACION].&[3.793E3],3793,219
[DIVADM].[POBLACION].&[3.803E3],3803,70743
[DIVADM].[POBLACION].&[3.806E3],3806,4475
[DIVADM].[POBLACION].&[3.812E3],3812,10249
[DIVADM].[POBLACION].&[3.817E3],3817,4957
[DIVADM].[POBLACION].&[3.82575E3],"3825,75",51563
[DIVADM].[POBLACION].&[3.831E3],3831,12368
[DIVADM].[POBLACION].&[3.849E3],3849,1214
[DIVADM].[POBLACION].&[3.871E3],3871,2472
[DIVADM].[POBLACION].&[3.88E3],3880,4657
[DIVADM].[POBLACION].&[3.885E3],3885,1237
[DIVADM].[POBLACION].&[3.895E3],3895,14347
[DIVADM].[POBLACION].&[3.916E3],3916,23834
[DIVADM].[POBLACION].&[3.926E3],3926,8512
[DIVADM].[POBLACION].&[3.931E3],3931,6884
[DIVADM].[POBLACION].&[3.941E3],3941,14859
[DIVADM].[POBLACION].&[3.946E3],3946,5798
[DIVADM].[POBLACION].&[3.952E3],3952,440
[DIVADM].[POBLACION].&[3.967E3],3967,3611
[DIVADM].[POBLACION].&[3.9815E3],"3981,5",12257
[DIVADM].[POBLACION].&[3.993E3],3993,1417
[DIVADM].[POBLACION].&[4.009E3],4009,1818
[DIVADM].[POBLACION].&[4.017E3],4017,6677
[DIVADM].[POBLACION].&[4.0195E3],"4019,5",2952
[DIVADM].[POBLACION].&[4.045E3],4045,2785
[DIVADM].[POBLACION].&[4.051E3],4051,1416
[DIVADM].[POBLACION].&[4.059E3],4059,439
[DIVADM].[POBLACION].&[4.074E3],4074,2944
[DIVADM].[POBLACION].&[4.0945E3],"4094,5",11796
[DIVADM].[POBLACION].&[4.097E3],4097,233
[DIVADM].[POBLACION].&[4.1E3],4100,1451
[DIVADM].[POBLACION].&[4.104E3],4104,902
[DIVADM].[POBLACION].&[4.121E3],4121,881
[DIVADM].[POBLACION].&[4.132E3],4132,5277
[DIVADM].[POBLACION].&[4.142E3],4142,5024
[DIVADM].[POBLACION].&[4.16E3],4160,1996
[DIVADM].[POBLACION].&[4.197E3],4197,29080
[DIVADM].[POBLACION].&[4.202E3],4202,2092
[DIVADM].[POBLACION].&[4.204E3],4204,2244
[DIVADM].[POBLACION].&[4.22E3],4220,22373
[DIVADM].[POBLACION].&[4.231E3],4231,6744
[DIVADM].[POBLACION].&[4.2715E3],"4271,5",4814
[DIVADM].[POBLACION].&[4.2995E3],"4299,5",15083
[DIVADM].[POBLACION].&[4.308E3],4308,9786
[DIVADM].[POBLACION].&[4.325E3],4325,1040
[DIVADM].[POBLACION].&[4.326E3],4326,1411
[DIVADM].[POBLACION].&[4.337E3],4337,4761
[DIVADM].[POBLACION].&[4.342E3],4342,1216
[DIVADM].[POBLACION].&[4.366E3],4366,7994
[DIVADM].[POBLACION].&[4.38079980469E3],"4380,79980469",154041
[DIVADM].[POBLACION].&[4.39325E3],"4393,25",14397
[DIVADM].[POBLACION].&[4.447E3],4447,10146
[DIVADM].[POBLACION].&[4.45E3],4450,76616
[DIVADM].[POBLACION].&[4.473E3],4473,10547
[DIVADM].[POBLACION].&[4.483E3],4483,7951
[DIVADM].[POBLACION].&[4.49625E3],"4496,25",15350
[DIVADM].[POBLACION].&[4.499E3],4499,12342
[DIVADM].[POBLACION].&[4.501E3],4501,583
[DIVADM].[POBLACION].&[4.537E3],4537,2177
[DIVADM].[POBLACION].&[4.547E3],4547,4746
[DIVADM].[POBLACION].&[4.573E3],4573,9011
[DIVADM].[POBLACION].&[4.5735E3],"4573,5",9310
[DIVADM].[POBLACION].&[4.586E3],4586,1363
[DIVADM].[POBLACION].&[4.593E3],4593,2116
[DIVADM].[POBLACION].&[4.594E3],4594,460
[DIVADM].[POBLACION].&[4.607E3],4607,91842
[DIVADM].[POBLACION].&[4.614E3],4614,18384
[DIVADM].[POBLACION].&[4.623E3],4623,4341
[DIVADM].[POBLACION].&[4.624E3],4624,4831
[DIVADM].[POBLACION].&[4.63E3],4630,3599
[DIVADM].[POBLACION].&[4.651E3],4651,1406
[DIVADM].[POBLACION].&[4.657E3],4657,35387
[DIVADM].[POBLACION].&[4.658E3],4658,2791
[DIVADM].[POBLACION].&[4.664E3],4664,1538
[DIVADM].[POBLACION].&[4.674E3],4674,2045
[DIVADM].[POBLACION].&[4.69E3],4690,7803
[DIVADM].[POBLACION].&[4.706E3],4706,3301
[DIVADM].[POBLACION].&[4.711E3],4711,1846
[DIVADM].[POBLACION].&[4.722E3],4722,2755
[DIVADM].[POBLACION].&[4.729E3],4729,476
[DIVADM].[POBLACION].&[4.742E3],4742,4333
[DIVADM].[POBLACION].&[4.744E3],4744,2236
[DIVADM].[POBLACION].&[4.776E3],4776,1261
[DIVADM].[POBLACION].&[4.787E3],4787,5606
[DIVADM].[POBLACION].&[4.795E3],4795,410
[DIVADM].[POBLACION].&[4.8E3],4800,44392
[DIVADM].[POBLACION].&[4.8035E3],"4803,5",9451
[DIVADM].[POBLACION].&[4.81E3],4810,18356
[DIVADM].[POBLACION].&[4.814E3],4814,318
[DIVADM].[POBLACION].&[4.816E3],4816,4427
[DIVADM].[POBLACION].&[4.834E3],4834,14567
[DIVADM].[POBLACION].&[4.853E3],4853,11378
[DIVADM].[POBLACION].&[4.867E3],4867,2830
[DIVADM].[POBLACION].&[4.87E3],4870,52588
[DIVADM].[POBLACION].&[4.88E3],4880,950
[DIVADM].[POBLACION].&[4.919E3],4919,1884
[DIVADM].[POBLACION].&[4.92E3],4920,827
[DIVADM].[POBLACION].&[4.9235E3],"4923,5",14711
[DIVADM].[POBLACION].&[4.931E3],4931,15714
[DIVADM].[POBLACION].&[4.932E3],4932,6088
[DIVADM].[POBLACION].&[4.941E3],4941,2597
[DIVADM].[POBLACION].&[4.951E3],4951,2286
[DIVADM].[POBLACION].&[4.953E3],4953,6907
[DIVADM].[POBLACION].&[4.954E3],4954,1597
[DIVADM].[POBLACION].&[4.964E3],4964,8518
[DIVADM].[POBLACION].&[4.9925E3],"4992,5",9220
[DIVADM].[POBLACION].&[5.001E3],5001,651
[DIVADM].[POBLACION].&[5.016E3],5016,3212
[DIVADM].[POBLACION].&[5.019E3],5019,5153
[DIVADM].[POBLACION].&[5.021E3],5021,3948
[DIVADM].[POBLACION].&[5.0325E3],"5032,5",19257
[DIVADM].[POBLACION].&[5.034E3],5034,576
[DIVADM].[POBLACION].&[5.0385E3],"5038,5",14170
[DIVADM].[POBLACION].&[5.05E3],5050,6001
[DIVADM].[POBLACION].&[5.06E3],5060,1074
[DIVADM].[POBLACION].&[5.0825E3],"5082,5",8337
[DIVADM].[POBLACION].&[5.0835E3],"5083,5",3484
[DIVADM].[POBLACION].&[5.107E3],5107,30062
[DIVADM].[POBLACION].&[5.112E3],5112,5820
[DIVADM].[POBLACION].&[5.127E3],5127,2408
[DIVADM].[POBLACION].&[5.133E3],5133,1266
[DIVADM].[POBLACION].&[5.137E3],5137,4307
[DIVADM].[POBLACION].&[5.14E3],5140,3874
[DIVADM].[POBLACION].&[5.177E3],5177,579
[DIVADM].[POBLACION].&[5.183E3],5183,4389
[DIVADM].[POBLACION].&[5.191E3],5191,3071
[DIVADM].[POBLACION].&[5.194E3],5194,4838
[DIVADM].[POBLACION].&[5.204E3],5204,2658
[DIVADM].[POBLACION].&[5.2045E3],"5204,5",8836
[DIVADM].[POBLACION].&[5.212E3],5212,4897
[DIVADM].[POBLACION].&[5.224E3],5224,1854
[DIVADM].[POBLACION].&[5.225E3],5225,23892
[DIVADM].[POBLACION].&[5.23E3],5230,2189
[DIVADM].[POBLACION].&[5.231E3],5231,21527
[DIVADM].[POBLACION].&[5.2465E3],"5246,5",11709
[DIVADM].[POBLACION].&[5.248E3],5248,12861
[DIVADM].[POBLACION].&[5.249E3],5249,456
[DIVADM].[POBLACION].&[5.261E3],5261,1085
[DIVADM].[POBLACION].&[5.2735E3],"5273,5",20978
[DIVADM].[POBLACION].&[5.275E3],5275,814
[DIVADM].[POBLACION].&[5.282E3],5282,40865
[DIVADM].[POBLACION].&[5.301E3],5301,43824
[DIVADM].[POBLACION].&[5.302E3],5302,2533
[DIVADM].[POBLACION].&[5.309E3],5309,1603
[DIVADM].[POBLACION].&[5.312E3],5312,185
[DIVADM].[POBLACION].&[5.313E3],5313,10241
[DIVADM].[POBLACION].&[5.3535E3],"5353,5",7381
[DIVADM].[POBLACION].&[5.355E3],5355,3016
[DIVADM].[POBLACION].&[5.357E3],5357,12172
[DIVADM].[POBLACION].&[5.365E3],5365,5862
[DIVADM].[POBLACION].&[5.366E3],5366,4210
[DIVADM].[POBLACION].&[5.38E3],5380,12167
[DIVADM].[POBLACION].&[5.393E3],5393,11899
[DIVADM].[POBLACION].&[5.417E3],5417,772
[DIVADM].[POBLACION].&[5.421E3],5421,7682
[DIVADM].[POBLACION].&[5.4405E3],"5440,5",13995
[DIVADM].[POBLACION].&[5.446E3],5446,61137
[DIVADM].[POBLACION].&[5.448E3],5448,7857
[DIVADM].[POBLACION].&[5.45E3],5450,6562
[DIVADM].[POBLACION].&[5.471E3],5471,7990
[DIVADM].[POBLACION].&[5.476E3],5476,8801
[DIVADM].[POBLACION].&[5.488E3],5488,4899
[DIVADM].[POBLACION].&[5.489E3],5489,4008
[DIVADM].[POBLACION].&[5.501E3],5501,304
[DIVADM].[POBLACION].&[5.502E3],5502,4573
[DIVADM].[POBLACION].&[5.5025E3],"5502,5",7783
[DIVADM].[POBLACION].&[5.51E3],5510,7418
[DIVADM].[POBLACION].&[5.535E3],5535,586
[DIVADM].[POBLACION].&[5.57E3],5570,11363
[DIVADM].[POBLACION].&[5.571E3],5571,23915
[DIVADM].[POBLACION].&[5.579E3],5579,2118
[DIVADM].[POBLACION].&[5.58E3],5580,644
[DIVADM].[POBLACION].&[5.602E3],5602,3566
[DIVADM].[POBLACION].&[5.615E3],5615,2383
[DIVADM].[POBLACION].&[5.617E3],5617,35147
[DIVADM].[POBLACION].&[5.639E3],5639,244
[DIVADM].[POBLACION].&[5.6515E3],"5651,5",47425
[DIVADM].[POBLACION].&[5.654E3],5654,86419
[DIVADM].[POBLACION].&[5.656E3],5656,3170
[DIVADM].[POBLACION].&[5.658E3],5658,15340
[DIVADM].[POBLACION].&[5.665E3],5665,4489
[DIVADM].[POBLACION].&[5.668E3],5668,1424
[DIVADM].[POBLACION].&[5.674E3],5674,2636
[DIVADM].[POBLACION].&[5.683E3],5683,83220
[DIVADM].[POBLACION].&[5.695E3],5695,1010
[DIVADM].[POBLACION].&[5.707E3],5707,7672
[DIVADM].[POBLACION].&[5.715E3],5715,499
[DIVADM].[POBLACION].&[5.717E3],5717,1878
[DIVADM].[POBLACION].&[5.7235E3],"5723,5",2974
[DIVADM].[POBLACION].&[5.725E3],5725,13938
[DIVADM].[POBLACION].&[5.763E3],5763,2647
[DIVADM].[POBLACION].&[5.78E3],5780,33912
[DIVADM].[POBLACION].&[5.829E3],5829,2200
[DIVADM].[POBLACION].&[5.853E3],5853,24596
[DIVADM].[POBLACION].&[5.858E3],5858,1808
[DIVADM].[POBLACION].&[5.868E3],5868,109776
[DIVADM].[POBLACION].&[5.871E3],5871,707
[DIVADM].[POBLACION].&[5.886E3],5886,993
[DIVADM].[POBLACION].&[5.919E3],5919,6961
[DIVADM].[POBLACION].&[5.921E3],5921,423
[DIVADM].[POBLACION].&[5.9305E3],"5930,5",22599
[DIVADM].[POBLACION].&[5.938E3],5938,3573
[DIVADM].[POBLACION].&[5.9425E3],"5942,5",9743
[DIVADM].[POBLACION].&[5.948E3],5948,4792
[DIVADM].[POBLACION].&[5.949E3],5949,5967
[DIVADM].[POBLACION].&[5.962E3],5962,2885
[DIVADM].[POBLACION].&[5.9665E3],"5966,5",15066
[DIVADM].[POBLACION].&[5.971E3],5971,4485
[DIVADM].[POBLACION].&[5.972E3],5972,92010
[DIVADM].[POBLACION].&[5.977E3],5977,2000
[DIVADM].[POBLACION].&[5.978E3],5978,37074
[DIVADM].[POBLACION].&[5.982E3],5982,40470
[DIVADM].[POBLACION].&[5.984E3],5984,11504
[DIVADM].[POBLACION].&[5.9905E3],"5990,5",17284
[DIVADM].[POBLACION].&[6.001E3],6001,7873
[DIVADM].[POBLACION].&[6.004E3],6004,16183
[DIVADM].[POBLACION].&[6.016E3],6016,9184
[DIVADM].[POBLACION].&[6.0165E3],"6016,5",11269
[DIVADM].[POBLACION].&[6.046E3],6046,2869
[DIVADM].[POBLACION].&[6.047E3],6047,84516
[DIVADM].[POBLACION].&[6.057E3],6057,25600
[DIVADM].[POBLACION].&[6.061E3],6061,32205
[DIVADM].[POBLACION].&[6.067E3],6067,9866
[DIVADM].[POBLACION].&[6.0715E3],"6071,5",29841
[DIVADM].[POBLACION].&[6.07220019531E3],"6072,20019531",62170
[DIVADM].[POBLACION].&[6.073E3],6073,11472
[DIVADM].[POBLACION].&[6.0825E3],"6082,5",53842
[DIVADM].[POBLACION].&[6.092E3],6092,12413
[DIVADM].[POBLACION].&[6.1E3],6100,6777
[DIVADM].[POBLACION].&[6.105E3],6105,1143
[DIVADM].[POBLACION].&[6.106E3],6106,5322
[DIVADM].[POBLACION].&[6.116E3],6116,796
[DIVADM].[POBLACION].&[6.133E3],6133,31340
[DIVADM].[POBLACION].&[6.138E3],6138,8095
[DIVADM].[POBLACION].&[6.139E3],6139,15786
[DIVADM].[POBLACION].&[6.151E3],6151,1790
[DIVADM].[POBLACION].&[6.174E3],6174,5351
[DIVADM].[POBLACION].&[6.194E3],6194,23782
[DIVADM].[POBLACION].&[6.2115E3],"6211,5",39242
[DIVADM].[POBLACION].&[6.2135E3],"6213,5",44509
[DIVADM].[POBLACION].&[6.215E3],6215,21120
[DIVADM].[POBLACION].&[6.235E3],6235,3796
[DIVADM].[POBLACION].&[6.249E3],6249,13389
[DIVADM].[POBLACION].&[6.268E3],6268,2083
[DIVADM].[POBLACION].&[6.274E3],6274,13817
[DIVADM].[POBLACION].&[6.275E3],6275,26454
[DIVADM].[POBLACION].&[6.278E3],6278,19377
[DIVADM].[POBLACION].&[6.28E3],6280,828
[DIVADM].[POBLACION].&[6.285E3],6285,6485
[DIVADM].[POBLACION].&[6.2885E3],"6288,5",7682
[DIVADM].[POBLACION].&[6.324E3],6324,2751
[DIVADM].[POBLACION].&[6.348E3],6348,64745
[DIVADM].[POBLACION].&[6.352E3],6352,58925
[DIVADM].[POBLACION].&[6.359E3],6359,5071
[DIVADM].[POBLACION].&[6.36E3],6360,954
[DIVADM].[POBLACION].&[6.365E3],6365,45026
[DIVADM].[POBLACION].&[6.367E3],6367,24840
[DIVADM].[POBLACION].&[6.383E3],6383,5173
[DIVADM].[POBLACION].&[6.388E3],6388,96326
[DIVADM].[POBLACION].&[6.39E3],6390,1939
[DIVADM].[POBLACION].&[6.4125E3],"6412,5",14774
[DIVADM].[POBLACION].&[6.4155E3],"6415,5",16051
[DIVADM].[POBLACION].&[6.419E3],6419,1829
[DIVADM].[POBLACION].&[6.433E3],6433,3902
[DIVADM].[POBLACION].&[6.445E3],6445,53731
[DIVADM].[POBLACION].&[6.454E3],6454,5203
[DIVADM].[POBLACION].&[6.461E3],6461,14362
[DIVADM].[POBLACION].&[6.463E3],6463,31377
[DIVADM].[POBLACION].&[6.466E3],6466,860
[DIVADM].[POBLACION].&[6.47E3],6470,1284
[DIVADM].[POBLACION].&[6.479E3],6479,7252
[DIVADM].[POBLACION].&[6.4905E3],"6490,5",4062
[DIVADM].[POBLACION].&[6.5035E3],"6503,5",29527
[DIVADM].[POBLACION].&[6.506E3],6506,13392
[DIVADM].[POBLACION].&[6.516E3],6516,7579
[DIVADM].[POBLACION].&[6.54E3],6540,9280
[DIVADM].[POBLACION].&[6.548E3],6548,727
[DIVADM].[POBLACION].&[6.5535E3],"6553,5",13754
[DIVADM].[POBLACION].&[6.55775E3],"6557,75",29158
[DIVADM].[POBLACION].&[6.5645E3],"6564,5",25736
[DIVADM].[POBLACION].&[6.565E3],6565,3815
[DIVADM].[POBLACION].&[6.578E3],6578,1597
[DIVADM].[POBLACION].&[6.592E3],6592,15563
[DIVADM].[POBLACION].&[6.601E3],6601,10206
[DIVADM].[POBLACION].&[6.6055E3],"6605,5",8061
[DIVADM].[POBLACION].&[6.607E3],6607,8793
[DIVADM].[POBLACION].&[6.6105E3],"6610,5",37592
[DIVADM].[POBLACION].&[6.62E3],6620,7347
[DIVADM].[POBLACION].&[6.636E3],6636,5701
[DIVADM].[POBLACION].&[6.6835E3],"6683,5",34732
[DIVADM].[POBLACION].&[6.687E3],6687,1262
[DIVADM].[POBLACION].&[6.6915E3],"6691,5",26789
[DIVADM].[POBLACION].&[6.7065E3],"6706,5",22377
[DIVADM].[POBLACION].&[6.7335E3],"6733,5",10587
[DIVADM].[POBLACION].&[6.739E3],6739,6142
[DIVADM].[POBLACION].&[6.741E3],6741,7246
[DIVADM].[POBLACION].&[6.7625E3],"6762,5",26072
[DIVADM].[POBLACION].&[6.769E3],6769,7760
[DIVADM].[POBLACION].&[6.772E3],6772,1680
[DIVADM].[POBLACION].&[6.773E3],6773,61572
[DIVADM].[POBLACION].&[6.777E3],6777,8137
[DIVADM].[POBLACION].&[6.786E3],6786,14921
[DIVADM].[POBLACION].&[6.7965E3],"6796,5",24499
[DIVADM].[POBLACION].&[6.797E3],6797,61781
[DIVADM].[POBLACION].&[6.8055E3],"6805,5",17927
[DIVADM].[POBLACION].&[6.817E3],6817,29444
[DIVADM].[POBLACION].&[6.854E3],6854,32976
[DIVADM].[POBLACION].&[6.861E3],6861,8955
[DIVADM].[POBLACION].&[6.864E3],6864,49580
[DIVADM].[POBLACION].&[6.866E3],6866,11571
[DIVADM].[POBLACION].&[6.878E3],6878,7229
[DIVADM].[POBLACION].&[6.88E3],6880,234773
[DIVADM].[POBLACION].&[6.8805E3],"6880,5",4208
[DIVADM].[POBLACION].&[6.883E3],6883,2853
[DIVADM].[POBLACION].&[6.887E3],6887,3589
[DIVADM].[POBLACION].&[6.889E3],6889,4903
[DIVADM].[POBLACION].&[6.897E3],6897,3044
[DIVADM].[POBLACION].&[6.899E3],6899,764
[DIVADM].[POBLACION].&[6.913E3],6913,5327
[DIVADM].[POBLACION].&[6.93E3],6930,65307
[DIVADM].[POBLACION].&[6.955E3],6955,43889
[DIVADM].[POBLACION].&[6.9705E3],"6970,5",25752
[DIVADM].[POBLACION].&[6.9945E3],"6994,5",35734
[DIVADM].[POBLACION].&[6.995E3],6995,4315
[DIVADM].[POBLACION].&[7.024E3],7024,50779
[DIVADM].[POBLACION].&[7.0405E3],"7040,5",21367
[DIVADM].[POBLACION].&[7.0945E3],"7094,5",15993
[DIVADM].[POBLACION].&[7.101E3],7101,36332
[DIVADM].[POBLACION].&[7.114E3],7114,11057
[DIVADM].[POBLACION].&[7.126E3],7126,14236
[DIVADM].[POBLACION].&[7.139E3],7139,7117
[DIVADM].[POBLACION].&[7.148E3],7148,8738
[DIVADM].[POBLACION].&[7.166E3],7166,6146
[DIVADM].[POBLACION].&[7.1685E3],"7168,5",14326
[DIVADM].[POBLACION].&[7.192E3],7192,3747
[DIVADM].[POBLACION].&[7.2E3],7200,1836
[DIVADM].[POBLACION].&[7.203E3],7203,2264
[DIVADM].[POBLACION].&[7.2195E3],"7219,5",21218
[DIVADM].[POBLACION].&[7.2285E3],"7228,5",24293
[DIVADM].[POBLACION].&[7.2315E3],"7231,5",20395
[DIVADM].[POBLACION].&[7.2505E3],"7250,5",3172
[DIVADM].[POBLACION].&[7.26162988281E3],"7261,62988281",93416
[DIVADM].[POBLACION].&[7.289E3],7289,5453
[DIVADM].[POBLACION].&[7.2905E3],"7290,5",40939
[DIVADM].[POBLACION].&[7.2925E3],"7292,5",14506
[DIVADM].[POBLACION].&[7.298E3],7298,19771
[DIVADM].[POBLACION].&[7.302E3],7302,8124
[DIVADM].[POBLACION].&[7.321E3],7321,33927
[DIVADM].[POBLACION].&[7.323E3],7323,9647
[DIVADM].[POBLACION].&[7.336E3],7336,2635
[DIVADM].[POBLACION].&[7.357E3],7357,4084
[DIVADM].[POBLACION].&[7.378E3],7378,41016
[DIVADM].[POBLACION].&[7.388E3],7388,6310
[DIVADM].[POBLACION].&[7.423E3],7423,1991
[DIVADM].[POBLACION].&[7.4455E3],"7445,5",18826
[DIVADM].[POBLACION].&[7.449E3],7449,39956
[DIVADM].[POBLACION].&[7.45E3],7450,3958
[DIVADM].[POBLACION].&[7.455E3],7455,15877
[DIVADM].[POBLACION].&[7.498E3],7498,19348
[DIVADM].[POBLACION].&[7.50239990234E3],"7502,39990234",40072
[DIVADM].[POBLACION].&[7.5025E3],"7502,5",24654
[DIVADM].[POBLACION].&[7.5085E3],"7508,5",20911
[DIVADM].[POBLACION].&[7.509E3],7509,46813
[DIVADM].[POBLACION].&[7.524E3],7524,4002
[DIVADM].[POBLACION].&[7.542E3],7542,75615
[DIVADM].[POBLACION].&[7.567E3],7567,7269
[DIVADM].[POBLACION].&[7.569E3],7569,14217
[DIVADM].[POBLACION].&[7.572E3],7572,128008
[DIVADM].[POBLACION].&[7.574E3],7574,10538
[DIVADM].[POBLACION].&[7.581E3],7581,16132
[DIVADM].[POBLACION].&[7.5875E3],"7587,5",17126
[DIVADM].[POBLACION].&[7.59E3],7590,2317
[DIVADM].[POBLACION].&[7.5905E3],"7590,5",24944
[DIVADM].[POBLACION].&[7.598E3],7598,39437
[DIVADM].[POBLACION].&[7.603E3],7603,26939
[DIVADM].[POBLACION].&[7.608E3],7608,12346
[DIVADM].[POBLACION].&[7.649E3],7649,16411
[DIVADM].[POBLACION].&[7.6625E3],"7662,5",32052
[DIVADM].[POBLACION].&[7.675E3],7675,3532
[DIVADM].[POBLACION].&[7.6775E3],"7677,5",22783
[DIVADM].[POBLACION].&[7.685E3],7685,4293
[DIVADM].[POBLACION].&[7.687E3],7687,2970
[DIVADM].[POBLACION].&[7.695E3],7695,1216
[DIVADM].[POBLACION].&[7.696E3],7696,9971
[DIVADM].[POBLACION].&[7.697E3],7697,7010
[DIVADM].[POBLACION].&[7.7085E3],"7708,5",15720
[DIVADM].[POBLACION].&[7.719E3],7719,27952
[DIVADM].[POBLACION].&[7.724E3],7724,115767
[DIVADM].[POBLACION].&[7.728E3],7728,6954
[DIVADM].[POBLACION].&[7.75039990234E3],"7750,39990234",89452
[DIVADM].[POBLACION].&[7.7595E3],"7759,5",9329
[DIVADM].[POBLACION].&[7.762E3],7762,4892
[DIVADM].[POBLACION].&[7.771E3],7771,3884
[DIVADM].[POBLACION].&[7.7915E3],"7791,5",41576
[DIVADM].[POBLACION].&[7.793E3],7793,32172
[DIVADM].[POBLACION].&[7.796E3],7796,60583
[DIVADM].[POBLACION].&[7.80575E3],"7805,75",145979
[DIVADM].[POBLACION].&[7.811E3],7811,1283
[DIVADM].[POBLACION].&[7.8115E3],"7811,5",11760
[DIVADM].[POBLACION].&[7.81575E3],"7815,75",81162
[DIVADM].[POBLACION].&[7.8175E3],"7817,5",21588
[DIVADM].[POBLACION].&[7.818E3],7818,34973
[DIVADM].[POBLACION].&[7.824E3],7824,11365
[DIVADM].[POBLACION].&[7.8265E3],"7826,5",33216
[DIVADM].[POBLACION].&[7.832E3],7832,1054
[DIVADM].[POBLACION].&[7.847E3],7847,658
[DIVADM].[POBLACION].&[7.861E3],7861,5244
[DIVADM].[POBLACION].&[7.865E3],7865,17442
[DIVADM].[POBLACION].&[7.892E3],7892,108763
[DIVADM].[POBLACION].&[7.9115E3],"7911,5",20215
[DIVADM].[POBLACION].&[7.914E3],7914,31430
[DIVADM].[POBLACION].&[7.919E3],7919,5301
[DIVADM].[POBLACION].&[7.92E3],7920,2028
[DIVADM].[POBLACION].&[7.933E3],7933,6694
[DIVADM].[POBLACION].&[7.9345E3],"7934,5",51427
[DIVADM].[POBLACION].&[7.94E3],7940,6120
[DIVADM].[POBLACION].&[7.943E3],7943,5270
[DIVADM].[POBLACION].&[7.9655E3],"7965,5",40464
[DIVADM].[POBLACION].&[8.00325E3],"8003,25",30990
[DIVADM].[POBLACION].&[8.021E3],8021,2633
[DIVADM].[POBLACION].&[8.023E3],8023,131634
[DIVADM].[POBLACION].&[8.026E3],8026,1091
[DIVADM].[POBLACION].&[8.028E3],8028,26669
[DIVADM].[POBLACION].&[8.056E3],8056,5582
[DIVADM].[POBLACION].&[8.079E3],8079,10127
[DIVADM].[POBLACION].&[8.087E3],8087,25845
[DIVADM].[POBLACION].&[8.088E3],8088,10280
[DIVADM].[POBLACION].&[8.095E3],8095,9513
[DIVADM].[POBLACION].&[8.1065E3],"8106,5",26488
[DIVADM].[POBLACION].&[8.15425E3],"8154,25",91292
[DIVADM].[POBLACION].&[8.163E3],8163,12040
[DIVADM].[POBLACION].&[8.17E3],8170,90093
[DIVADM].[POBLACION].&[8.171E3],8171,23906
[DIVADM].[POBLACION].&[8.1765E3],"8176,5",32010
[DIVADM].[POBLACION].&[8.178E3],8178,19043
[DIVADM].[POBLACION].&[8.1815E3],"8181,5",8109
[DIVADM].[POBLACION].&[8.186E3],8186,2451
[DIVADM].[POBLACION].&[8.1905E3],"8190,5",37074
[DIVADM].[POBLACION].&[8.195E3],8195,6339
[DIVADM].[POBLACION].&[8.1975E3],"8197,5",30855
[DIVADM].[POBLACION].&[8.199E3],8199,22872
[DIVADM].[POBLACION].&[8.203E3],8203,58821
[DIVADM].[POBLACION].&[8.218E3],8218,2864
[DIVADM].[POBLACION].&[8.227E3],8227,31913
[DIVADM].[POBLACION].&[8.2285E3],"8228,5",29784
[DIVADM].[POBLACION].&[8.23E3],8230,81750
[DIVADM].[POBLACION].&[8.256E3],8256,11301
[DIVADM].[POBLACION].&[8.258E3],8258,27212
[DIVADM].[POBLACION].&[8.264E3],8264,26882
[DIVADM].[POBLACION].&[8.27E3],8270,29439
[DIVADM].[POBLACION].&[8.2745E3],"8274,5",49484
[DIVADM].[POBLACION].&[8.294E3],8294,1198
[DIVADM].[POBLACION].&[8.296E3],8296,9489
[DIVADM].[POBLACION].&[8.3E3],8300,6251
[DIVADM].[POBLACION].&[8.326E3],8326,58608
[DIVADM].[POBLACION].&[8.35E3],8350,6237
[DIVADM].[POBLACION].&[8.354E3],8354,11736
[DIVADM].[POBLACION].&[8.36E3],8360,28090
[DIVADM].[POBLACION].&[8.373E3],8373,30566
[DIVADM].[POBLACION].&[8.376E3],8376,8582
[DIVADM].[POBLACION].&[8.392E3],8392,13315
[DIVADM].[POBLACION].&[8.394E3],8394,8043
[DIVADM].[POBLACION].&[8.416E3],8416,6241
[DIVADM].[POBLACION].&[8.4225E3],"8422,5",37826
[DIVADM].[POBLACION].&[8.4275E3],"8427,5",34922
[DIVADM].[POBLACION].&[8.43E3],8430,17191
[DIVADM].[POBLACION].&[8.43025E3],"8430,25",47073
[DIVADM].[POBLACION].&[8.439E3],8439,9159
[DIVADM].[POBLACION].&[8.466E3],8466,15850
[DIVADM].[POBLACION].&[8.476E3],8476,4589
[DIVADM].[POBLACION].&[8.505E3],8505,22666
[DIVADM].[POBLACION].&[8.546E3],8546,1847
[DIVADM].[POBLACION].&[8.55475E3],"8554,75",96576
[DIVADM].[POBLACION].&[8.5695E3],"8569,5",22092
[DIVADM].[POBLACION].&[8.573E3],8573,11595
[DIVADM].[POBLACION].&[8.579E3],8579,22057
[DIVADM].[POBLACION].&[8.582E3],8582,23359
[DIVADM].[POBLACION].&[8.591E3],8591,9387
[DIVADM].[POBLACION].&[8.5985E3],"8598,5",11848
[DIVADM].[POBLACION].&[8.599E3],8599,11395
[DIVADM].[POBLACION].&[8.603E3],8603,561
[DIVADM].[POBLACION].&[8.613E3],8613,14999
[DIVADM].[POBLACION].&[8.6135E3],"8613,5",25543
[DIVADM].[POBLACION].&[8.615E3],8615,38505
[DIVADM].[POBLACION].&[8.65E3],8650,3846
[DIVADM].[POBLACION].&[8.66E3],8660,11412
[DIVADM].[POBLACION].&[8.663E3],8663,5465
[DIVADM].[POBLACION].&[8.675E3],8675,21195
[DIVADM].[POBLACION].&[8.7325E3],"8732,5",46316
[DIVADM].[POBLACION].&[8.7335E3],"8733,5",40634
[DIVADM].[POBLACION].&[8.739E3],8739,38672
[DIVADM].[POBLACION].&[8.7425E3],"8742,5",49678
[DIVADM].[POBLACION].&[8.7585E3],"8758,5",94396
[DIVADM].[POBLACION].&[8.761E3],8761,31808
[DIVADM].[POBLACION].&[8.774E3],8774,7648
[DIVADM].[POBLACION].&[8.776E3],8776,92606
[DIVADM].[POBLACION].&[8.7765E3],"8776,5",37163
[DIVADM].[POBLACION].&[8.777E3],8777,1276
[DIVADM].[POBLACION].&[8.819E3],8819,30389
[DIVADM].[POBLACION].&[8.825E3],8825,4711
[DIVADM].[POBLACION].&[8.853E3],8853,4818
[DIVADM].[POBLACION].&[8.87525E3],"8875,25",55004
[DIVADM].[POBLACION].&[8.886E3],8886,2343
[DIVADM].[POBLACION].&[8.899E3],8899,29017
[DIVADM].[POBLACION].&[8.904E3],8904,2220
[DIVADM].[POBLACION].&[8.916E3],8916,2654
[DIVADM].[POBLACION].&[8.927E3],8927,38004
[DIVADM].[POBLACION].&[8.932E3],8932,10631
[DIVADM].[POBLACION].&[8.953E3],8953,9473
[DIVADM].[POBLACION].&[8.964E3],8964,17766
[DIVADM].[POBLACION].&[8.967E3],8967,22289
[DIVADM].[POBLACION].&[8.972E3],8972,22258
[DIVADM].[POBLACION].&[8.98E3],8980,6504
[DIVADM].[POBLACION].&[8.99E3],8990,4555
[DIVADM].[POBLACION].&[8.999E3],8999,19134
[DIVADM].[POBLACION].&[9.0105E3],"9010,5",18560
[DIVADM].[POBLACION].&[9.012E3],9012,109576
[DIVADM].[POBLACION].&[9.023E3],9023,78535
[DIVADM].[POBLACION].&[9.038E3],9038,13387
[DIVADM].[POBLACION].&[9.039E3],9039,2344
[DIVADM].[POBLACION].&[9.045E3],9045,9601
[DIVADM].[POBLACION].&[9.11E3],9110,4344
[DIVADM].[POBLACION].&[9.134E3],9134,29560
[DIVADM].[POBLACION].&[9.1535E3],"9153,5",13265
[DIVADM].[POBLACION].&[9.196E3],9196,7295
[DIVADM].[POBLACION].&[9.205E3],9205,1488
[DIVADM].[POBLACION].&[9.2065E3],"9206,5",18275
[DIVADM].[POBLACION].&[9.2135E3],"9213,5",20265
[DIVADM].[POBLACION].&[9.221E3],9221,27838
[DIVADM].[POBLACION].&[9.223E3],9223,14359
[DIVADM].[POBLACION].&[9.23075E3],"9230,75",151916
[DIVADM].[POBLACION].&[9.232E3],9232,4506
[DIVADM].[POBLACION].&[9.23325E3],"9233,25",64736
[DIVADM].[POBLACION].&[9.237E3],9237,28499
[DIVADM].[POBLACION].&[9.243E3],9243,21233
[DIVADM].[POBLACION].&[9.256E3],9256,16264
[DIVADM].[POBLACION].&[9.264E3],9264,54237
[DIVADM].[POBLACION].&[9.266E3],9266,41726
[DIVADM].[POBLACION].&[9.282E3],9282,25511
[DIVADM].[POBLACION].&[9.295E3],9295,42556
[DIVADM].[POBLACION].&[9.30062988281E3],"9300,62988281",113162
[DIVADM].[POBLACION].&[9.30859960938E3],"9308,59960938",70355
[DIVADM].[POBLACION].&[9.33275E3],"9332,75",70347
[DIVADM].[POBLACION].&[9.34E3],9340,8824
[DIVADM].[POBLACION].&[9.342E3],9342,1306
[DIVADM].[POBLACION].&[9.344E3],9344,7704
[DIVADM].[POBLACION].&[9.366E3],9366,42961
[DIVADM].[POBLACION].&[9.373E3],9373,45673
[DIVADM].[POBLACION].&[9.38E3],9380,1900
[DIVADM].[POBLACION].&[9.383E3],9383,5563
[DIVADM].[POBLACION].&[9.391E3],9391,6228
[DIVADM].[POBLACION].&[9.394E3],9394,3688
[DIVADM].[POBLACION].&[9.4E3],9400,15219
[DIVADM].[POBLACION].&[9.427E3],9427,1167
[DIVADM].[POBLACION].&[9.4365E3],"9436,5",43896
[DIVADM].[POBLACION].&[9.45E3],9450,36492
[DIVADM].[POBLACION].&[9.452E3],9452,1745
[DIVADM].[POBLACION].&[9.458E3],9458,57626
[DIVADM].[POBLACION].&[9.45925E3],"9459,25",100516
[DIVADM].[POBLACION].&[9.461E3],9461,32309
[DIVADM].[POBLACION].&[9.475E3],9475,7397
[DIVADM].[POBLACION].&[9.497E3],9497,17935
[DIVADM].[POBLACION].&[9.511E3],9511,2684
[DIVADM].[POBLACION].&[9.5455E3],"9545,5",33946
[DIVADM].[POBLACION].&[9.549E3],9549,57424
[DIVADM].[POBLACION].&[9.556E3],9556,11364
[DIVADM].[POBLACION].&[9.567E3],9567,9143
[DIVADM].[POBLACION].&[9.5735E3],"9573,5",54071
[DIVADM].[POBLACION].&[9.574E3],9574,93801
[DIVADM].[POBLACION].&[9.587E3],9587,32711
[DIVADM].[POBLACION].&[9.588E3],9588,109318
[DIVADM].[POBLACION].&[9.596E3],9596,5075
[DIVADM].[POBLACION].&[9.613E3],9613,23872
[DIVADM].[POBLACION].&[9.65E3],9650,25492
[DIVADM].[POBLACION].&[9.655E3],9655,14975
[DIVADM].[POBLACION].&[9.71E3],9710,3992
[DIVADM].[POBLACION].&[9.7245E3],"9724,5",39971
[DIVADM].[POBLACION].&[9.731E3],9731,27165
[DIVADM].[POBLACION].&[9.759E3],9759,35340
[DIVADM].[POBLACION].&[9.7595E3],"9759,5",36033
[DIVADM].[POBLACION].&[9.792E3],9792,8880
[DIVADM].[POBLACION].&[9.8E3],9800,29779
[DIVADM].[POBLACION].&[9.805E3],9805,97505
[DIVADM].[POBLACION].&[9.809E3],9809,21639
[DIVADM].[POBLACION].&[9.815E3],9815,23466
[DIVADM].[POBLACION].&[9.848E3],9848,69771
[DIVADM].[POBLACION].&[9.8585E3],"9858,5",130207
[DIVADM].[POBLACION].&[9.868E3],9868,10923
[DIVADM].[POBLACION].&[9.8745E3],"9874,5",102363
[DIVADM].[POBLACION].&[9.882E3],9882,6811
[DIVADM].[POBLACION].&[9.901E3],9901,10031
[DIVADM].[POBLACION].&[9.903E3],9903,18987
[DIVADM].[POBLACION].&[9.906E3],9906,11728
[DIVADM].[POBLACION].&[9.92025E3],"9920,25",56518
[DIVADM].[POBLACION].&[9.925E3],9925,25185
[DIVADM].[POBLACION].&[9.93E3],9930,6931
[DIVADM].[POBLACION].&[9.947E3],9947,67458
[DIVADM].[POBLACION].&[9.953E3],9953,6244
[DIVADM].[POBLACION].&[9.9595E3],"9959,5",39050
[DIVADM].[POBLACION].&[9.95975E3],"9959,75",101751
[DIVADM].[POBLACION].&[9.962E3],9962,15857
[DIVADM].[POBLACION].&[9.996E3],9996,18245
[DIVADM].[POBLACION].&[1.E4],10000,18249
[DIVADM].[POBLACION].&[1.0022E4],10022,25691
[DIVADM].[POBLACION].&[1.0025E4],10025,5901
[DIVADM].[POBLACION].&[1.0028E4],10028,17438
[DIVADM].[POBLACION].&[1.003E4],10030,13586
[DIVADM].[POBLACION].&[1.0037E4],10037,27077
[DIVADM].[POBLACION].&[1.0046E4],10046,30192
[DIVADM].[POBLACION].&[1.008E4],10080,63747
[DIVADM].[POBLACION].&[1.0088E4],10088,11748
[DIVADM].[POBLACION].&[1.009479980469E4],"10094,79980469",153168
[DIVADM].[POBLACION].&[1.0098E4],10098,25205
[DIVADM].[POBLACION].&[1.01E4],10100,5780
[DIVADM].[POBLACION].&[1.0112E4],10112,47694
[DIVADM].[POBLACION].&[1.0139E4],10139,69109
[DIVADM].[POBLACION].&[1.0142E4],10142,8830
[DIVADM].[POBLACION].&[1.019E4],10190,61619
[DIVADM].[POBLACION].&[1.0203E4],10203,21885
[DIVADM].[POBLACION].&[1.021E4],10210,28696
[DIVADM].[POBLACION].&[1.0287E4],10287,15544
[DIVADM].[POBLACION].&[1.0288E4],10288,7169
[DIVADM].[POBLACION].&[1.0326E4],10326,97028
[DIVADM].[POBLACION].&[1.0386E4],10386,32127
[DIVADM].[POBLACION].&[1.0394E4],10394,63632
[DIVADM].[POBLACION].&[1.0416E4],10416,23946
[DIVADM].[POBLACION].&[1.0438E4],10438,46645
[DIVADM].[POBLACION].&[1.04465E4],"10446,5",58095
[DIVADM].[POBLACION].&[1.04495E4],"10449,5",28213
[DIVADM].[POBLACION].&[1.045E4],10450,59875
[DIVADM].[POBLACION].&[1.0453E4],10453,18135
[DIVADM].[POBLACION].&[1.04605E4],"10460,5",20159
[DIVADM].[POBLACION].&[1.046529980469E4],"10465,29980469",59877
[DIVADM].[POBLACION].&[1.0486E4],10486,46638
[DIVADM].[POBLACION].&[1.049E4],10490,8838
[DIVADM].[POBLACION].&[1.0493E4],10493,24049
[DIVADM].[POBLACION].&[1.0522E4],10522,2393
[DIVADM].[POBLACION].&[1.0529E4],10529,1730
[DIVADM].[POBLACION].&[1.0533E4],10533,20497
[DIVADM].[POBLACION].&[1.0544E4],10544,23530
[DIVADM].[POBLACION].&[1.0559E4],10559,13915
[DIVADM].[POBLACION].&[1.0566E4],10566,36268
[DIVADM].[POBLACION].&[1.0579E4],10579,3016
[DIVADM].[POBLACION].&[1.0642E4],10642,12667
[DIVADM].[POBLACION].&[1.0657E4],10657,12877
[DIVADM].[POBLACION].&[1.0664E4],10664,43910
[DIVADM].[POBLACION].&[1.0673E4],10673,22218
[DIVADM].[POBLACION].&[1.0681E4],10681,20849
[DIVADM].[POBLACION].&[1.0688E4],10688,4956
[DIVADM].[POBLACION].&[1.0694E4],10694,38392
[DIVADM].[POBLACION].&[1.0697E4],10697,12330
[DIVADM].[POBLACION].&[1.0703E4],10703,13541
[DIVADM].[POBLACION].&[1.070929980469E4],"10709,29980469",50325
[DIVADM].[POBLACION].&[1.07245E4],"10724,5",42906
[DIVADM].[POBLACION].&[1.0726E4],10726,19030
[DIVADM].[POBLACION].&[1.07395E4],"10739,5",34103
[DIVADM].[POBLACION].&[1.0771E4],10771,53378
[DIVADM].[POBLACION].&[1.0791E4],10791,15845
[DIVADM].[POBLACION].&[1.0795E4],10795,16742
[DIVADM].[POBLACION].&[1.0797E4],10797,10580
[DIVADM].[POBLACION].&[1.0806E4],10806,14234
[DIVADM].[POBLACION].&[1.08105E4],"10810,5",24651
[DIVADM].[POBLACION].&[1.0823E4],10823,6355
[DIVADM].[POBLACION].&[1.0839E4],10839,7931
[DIVADM].[POBLACION].&[1.085E4],10850,95816
[DIVADM].[POBLACION].&[1.087E4],10870,10928
[DIVADM].[POBLACION].&[1.0874E4],10874,63644
[DIVADM].[POBLACION].&[1.0881E4],10881,987
[DIVADM].[POBLACION].&[1.0884E4],10884,115316
[DIVADM].[POBLACION].&[1.0891E4],10891,15397
[DIVADM].[POBLACION].&[1.0898E4],10898,4804
[DIVADM].[POBLACION].&[1.0966E4],10966,19393
[DIVADM].[POBLACION].&[1.0987E4],10987,3829
[DIVADM].[POBLACION].&[1.098759960938E4],"10987,59960938",95651
[DIVADM].[POBLACION].&[1.1016E4],11016,21622
[DIVADM].[POBLACION].&[1.1032E4],11032,23531
[DIVADM].[POBLACION].&[1.105E4],11050,13443
[DIVADM].[POBLACION].&[1.1051E4],11051,6440
[DIVADM].[POBLACION].&[1.1067E4],11067,22073
[DIVADM].[POBLACION].&[1.1078E4],11078,75677
[DIVADM].[POBLACION].&[1.1085E4],11085,54800
[DIVADM].[POBLACION].&[1.1086E4],11086,24518
[DIVADM].[POBLACION].&[1.1147E4],11147,35972
[DIVADM].[POBLACION].&[1.117E4],11170,15713
[DIVADM].[POBLACION].&[1.12005E4],"11200,5",59678
[DIVADM].[POBLACION].&[1.1213E4],11213,13413
[DIVADM].[POBLACION].&[1.1246E4],11246,2325
[DIVADM].[POBLACION].&[1.1261E4],11261,100288
[DIVADM].[POBLACION].&[1.1306E4],11306,14101
[DIVADM].[POBLACION].&[1.1313E4],11313,33170
[DIVADM].[POBLACION].&[1.1393E4],11393,30328
[DIVADM].[POBLACION].&[1.142E4],11420,17699
[DIVADM].[POBLACION].&[1.1449E4],11449,10425
[DIVADM].[POBLACION].&[1.1473E4],11473,17448
[DIVADM].[POBLACION].&[1.1493E4],11493,33038
[DIVADM].[POBLACION].&[1.1512E4],11512,24411
[DIVADM].[POBLACION].&[1.1515E4],11515,11717
[DIVADM].[POBLACION].&[1.1524E4],11524,3642
[DIVADM].[POBLACION].&[1.1531E4],11531,10178
[DIVADM].[POBLACION].&[1.1544E4],11544,11062
[DIVADM].[POBLACION].&[1.15615E4],"11561,5",94608
[DIVADM].[POBLACION].&[1.160079980469E4],"11600,79980469",71417
[DIVADM].[POBLACION].&[1.1619E4],11619,5157
[DIVADM].[POBLACION].&[1.1635E4],11635,9031
[DIVADM].[POBLACION].&[1.16505E4],"11650,5",35932
[DIVADM].[POBLACION].&[1.1688E4],11688,120564
[DIVADM].[POBLACION].&[1.1708E4],11708,73248
[DIVADM].[POBLACION].&[1.1734E4],11734,11038
[DIVADM].[POBLACION].&[1.1757E4],11757,6126
[DIVADM].[POBLACION].&[1.1773E4],11773,1861
[DIVADM].[POBLACION].&[1.1783E4],11783,19746
[DIVADM].[POBLACION].&[1.1785E4],11785,66344
[DIVADM].[POBLACION].&[1.1796E4],11796,29052
[DIVADM].[POBLACION].&[1.1813E4],11813,35739
[DIVADM].[POBLACION].&[1.1817E4],11817,28214
[DIVADM].[POBLACION].&[1.1822E4],11822,11694
[DIVADM].[POBLACION].&[1.1839E4],11839,5202
[DIVADM].[POBLACION].&[1.1862E4],11862,36399
[DIVADM].[POBLACION].&[1.1867E4],11867,23138
[DIVADM].[POBLACION].&[1.1871E4],11871,14010
[DIVADM].[POBLACION].&[1.1876E4],11876,58467
[DIVADM].[POBLACION].&[1.1909E4],11909,63587
[DIVADM].[POBLACION].&[1.19275E4],"11927,5",46372
[DIVADM].[POBLACION].&[1.192979980469E4],"11929,79980469",37600
[DIVADM].[POBLACION].&[1.1936E4],11936,8029
[DIVADM].[POBLACION].&[1.1957E4],11957,7128
[DIVADM].[POBLACION].&[1.1974E4],11974,26586
[DIVADM].[POBLACION].&[1.1976E4],11976,41416
[DIVADM].[POBLACION].&[1.204679980469E4],"12046,79980469",57588
[DIVADM].[POBLACION].&[1.2067E4],12067,14756
[DIVADM].[POBLACION].&[1.20815E4],"12081,5",38430
[DIVADM].[POBLACION].&[1.2088E4],12088,11402
[DIVADM].[POBLACION].&[1.20975E4],"12097,5",30566
[DIVADM].[POBLACION].&[1.21255E4],"12125,5",43888
[DIVADM].[POBLACION].&[1.2137E4],12137,12660
[DIVADM].[POBLACION].&[1.22015E4],"12201,5",62061
[DIVADM].[POBLACION].&[1.2202E4],12202,9223
[DIVADM].[POBLACION].&[1.2266E4],12266,6590
[DIVADM].[POBLACION].&[1.2276E4],12276,32553
[DIVADM].[POBLACION].&[1.2281E4],12281,9598
[DIVADM].[POBLACION].&[1.2295E4],12295,20464
[DIVADM].[POBLACION].&[1.2297E4],12297,2920
[DIVADM].[POBLACION].&[1.23515E4],"12351,5",35419
[DIVADM].[POBLACION].&[1.2376E4],12376,6246
[DIVADM].[POBLACION].&[1.2409E4],12409,15421
[DIVADM].[POBLACION].&[1.245E4],12450,18328
[DIVADM].[POBLACION].&[1.2469E4],12469,7384
[DIVADM].[POBLACION].&[1.2509E4],12509,9216
[DIVADM].[POBLACION].&[1.2528E4],12528,21430
[DIVADM].[POBLACION].&[1.2552E4],12552,15774
[DIVADM].[POBLACION].&[1.2598E4],12598,7977
[DIVADM].[POBLACION].&[1.2608E4],12608,37580
[DIVADM].[POBLACION].&[1.261579980469E4],"12615,79980469",78542
[DIVADM].[POBLACION].&[1.2627E4],12627,49894
[DIVADM].[POBLACION].&[1.2643E4],12643,3489
[DIVADM].[POBLACION].&[1.2651E4],12651,16004
[DIVADM].[POBLACION].&[1.2654E4],12654,21760
[DIVADM].[POBLACION].&[1.266E4],12660,22170
[DIVADM].[POBLACION].&[1.266479980469E4],"12664,79980469",117520
[DIVADM].[POBLACION].&[1.2668E4],12668,8172
[DIVADM].[POBLACION].&[1.2681E4],12681,26360
[DIVADM].[POBLACION].&[1.2697E4],12697,12489
[DIVADM].[POBLACION].&[1.2704E4],12704,32784
[DIVADM].[POBLACION].&[1.2706E4],12706,32900
[DIVADM].[POBLACION].&[1.2736E4],12736,10094
[DIVADM].[POBLACION].&[1.2768E4],12768,33473
[DIVADM].[POBLACION].&[1.2785E4],12785,27063
[DIVADM].[POBLACION].&[1.291920019531E4],"12919,20019531",104211
[DIVADM].[POBLACION].&[1.297E4],12970,16934
[DIVADM].[POBLACION].&[1.3001E4],13001,3581
[DIVADM].[POBLACION].&[1.3049E4],13049,38907
[DIVADM].[POBLACION].&[1.30755E4],"13075,5",40423
[DIVADM].[POBLACION].&[1.311E4],13110,68954
[DIVADM].[POBLACION].&[1.31225E4],"13122,5",39735
[DIVADM].[POBLACION].&[1.3135E4],13135,36621
[DIVADM].[POBLACION].&[1.31655E4],"13165,5",72769
[DIVADM].[POBLACION].&[1.3172E4],13172,21228
[DIVADM].[POBLACION].&[1.325E4],13250,12209
[DIVADM].[POBLACION].&[1.3274E4],13274,9025
[DIVADM].[POBLACION].&[1.3291E4],13291,23733
[DIVADM].[POBLACION].&[1.3304E4],13304,2838
[DIVADM].[POBLACION].&[1.3372E4],13372,31001
[DIVADM].[POBLACION].&[1.3376E4],13376,25046
[DIVADM].[POBLACION].&[1.3396E4],13396,22270
[DIVADM].[POBLACION].&[1.3426E4],13426,4483
[DIVADM].[POBLACION].&[1.3481E4],13481,11083
[DIVADM].[POBLACION].&[1.3493E4],13493,18727
[DIVADM].[POBLACION].&[1.35215E4],"13521,5",23203
[DIVADM].[POBLACION].&[1.35395E4],"13539,5",21907
[DIVADM].[POBLACION].&[1.3543E4],13543,7731
[DIVADM].[POBLACION].&[1.3555E4],13555,9522
[DIVADM].[POBLACION].&[1.3593E4],13593,24450
[DIVADM].[POBLACION].&[1.3688E4],13688,22617
[DIVADM].[POBLACION].&[1.380320019531E4],"13803,20019531",130169
[DIVADM].[POBLACION].&[1.3815E4],13815,58710
[DIVADM].[POBLACION].&[1.3839E4],13839,9860
[DIVADM].[POBLACION].&[1.39E4],13900,7239
[DIVADM].[POBLACION].&[1.3916E4],13916,92042
[DIVADM].[POBLACION].&[1.3988E4],13988,104740
[DIVADM].[POBLACION].&[1.4012E4],14012,57596
[DIVADM].[POBLACION].&[1.4026E4],14026,35499
[DIVADM].[POBLACION].&[1.4035E4],14035,34747
[DIVADM].[POBLACION].&[1.405E4],14050,14763
[DIVADM].[POBLACION].&[1.40815E4],"14081,5",22276
[DIVADM].[POBLACION].&[1.4164E4],14164,7608
[DIVADM].[POBLACION].&[1.4165E4],14165,63852
[DIVADM].[POBLACION].&[1.4179E4],14179,27013
[DIVADM].[POBLACION].&[1.4189E4],14189,51186
[DIVADM].[POBLACION].&[1.4254E4],14254,10821
[DIVADM].[POBLACION].&[1.435579980469E4],"14355,79980469",110302
[DIVADM].[POBLACION].&[1.4384E4],14384,18069
[DIVADM].[POBLACION].&[1.4443E4],14443,21304
[DIVADM].[POBLACION].&[1.4482E4],14482,6374
[DIVADM].[POBLACION].&[1.4526E4],14526,29484
[DIVADM].[POBLACION].&[1.4563E4],14563,28007
[DIVADM].[POBLACION].&[1.4566E4],14566,4220
[DIVADM].[POBLACION].&[1.4585E4],14585,13089
[DIVADM].[POBLACION].&[1.4619E4],14619,10241
[DIVADM].[POBLACION].&[1.4641E4],14641,22416
[DIVADM].[POBLACION].&[1.4753E4],14753,10251
[DIVADM].[POBLACION].&[1.4831E4],14831,15440
[DIVADM].[POBLACION].&[1.492229980469E4],"14922,29980469",106554
[DIVADM].[POBLACION].&[1.4985E4],14985,12601
[DIVADM].[POBLACION].&[1.49905E4],"14990,5",66340
[DIVADM].[POBLACION].&[1.50235E4],"15023,5",69564
[DIVADM].[POBLACION].&[1.5025E4],15025,21594
[DIVADM].[POBLACION].&[1.5144E4],15144,16602
[DIVADM].[POBLACION].&[1.5178E4],15178,1725
[DIVADM].[POBLACION].&[1.5223E4],15223,30081
[DIVADM].[POBLACION].&[1.5248E4],15248,69559
[DIVADM].[POBLACION].&[1.5335E4],15335,28155
[DIVADM].[POBLACION].&[1.5417E4],15417,19958
[DIVADM].[POBLACION].&[1.5427E4],15427,32332
[DIVADM].[POBLACION].&[1.5531E4],15531,32998
[DIVADM].[POBLACION].&[1.5539E4],15539,27801
[DIVADM].[POBLACION].&[1.5859E4],15859,15417
[DIVADM].[POBLACION].&[1.5862E4],15862,2201
[DIVADM].[POBLACION].&[1.5956E4],15956,19785
[DIVADM].[POBLACION].&[1.61665E4],"16166,5",89475
[DIVADM].[POBLACION].&[1.6231E4],16231,4973
[DIVADM].[POBLACION].&[1.6262E4],16262,66156
[DIVADM].[POBLACION].&[1.6403E4],16403,21188
[DIVADM].[POBLACION].&[1.6476E4],16476,14313
[DIVADM].[POBLACION].&[1.6507E4],16507,16457
[DIVADM].[POBLACION].&[1.6517E4],16517,45036
[DIVADM].[POBLACION].&[1.6526E4],16526,31280
[DIVADM].[POBLACION].&[1.656E4],16560,25387
[DIVADM].[POBLACION].&[1.6591E4],16591,22764
[DIVADM].[POBLACION].&[1.6593E4],16593,12470
[DIVADM].[POBLACION].&[1.6851E4],16851,19993
[DIVADM].[POBLACION].&[1.6888E4],16888,20018
[DIVADM].[POBLACION].&[1.7428E4],17428,26024
[DIVADM].[POBLACION].&[1.7558E4],17558,5581
[DIVADM].[POBLACION].&[1.7675E4],17675,90549
[DIVADM].[POBLACION].&[1.777E4],17770,40797
[DIVADM].[POBLACION].&[1.7787E4],17787,58495
[DIVADM].[POBLACION].&[1.78E4],17800,22843
[DIVADM].[POBLACION].&[1.8335E4],18335,18128
[DIVADM].[POBLACION].&[1.8337E4],18337,68813
[DIVADM].[POBLACION].&[1.835E4],18350,60972
[DIVADM].[POBLACION].&[1.8393E4],18393,20025
[DIVADM].[POBLACION].&[1.8447E4],18447,30792
[DIVADM].[POBLACION].&[1.8746E4],18746,73243
[DIVADM].[POBLACION].&[1.8788E4],18788,35591
[DIVADM].[POBLACION].&[1.8846E4],18846,60265
[DIVADM].[POBLACION].&[1.89885E4],"18988,5",146663
[DIVADM].[POBLACION].&[1.9778E4],19778,57823
[DIVADM].[POBLACION].&[1.990530078125E4],"19905,30078125",108278
[DIVADM].[POBLACION].&[1.9933E4],19933,61643
[DIVADM].[POBLACION].&[2.0141E4],20141,16463
[DIVADM].[POBLACION].&[2.0269E4],20269,53159
[DIVADM].[POBLACION].&[2.0364E4],20364,66931
[DIVADM].[POBLACION].&[2.0451E4],20451,11728
[DIVADM].[POBLACION].&[2.1003E4],21003,28120
[DIVADM].[POBLACION].&[2.1023E4],21023,13321
[DIVADM].[POBLACION].&[2.1039E4],21039,18513
[DIVADM].[POBLACION].&[2.12605E4],"21260,5",92261
[DIVADM].[POBLACION].&[2.1649E4],21649,32362
[DIVADM].[POBLACION].&[2.1853E4],21853,43091
[DIVADM].[POBLACION].&[2.2787E4],22787,48587
[DIVADM].[POBLACION].&[2.2935E4],22935,75394
[DIVADM].[POBLACION].&[2.3065E4],23065,105643
[DIVADM].[POBLACION].&[2.3366E4],23366,39816
[DIVADM].[POBLACION].&[2.4041E4],24041,20065
[DIVADM].[POBLACION].&[2.4136E4],24136,22215
[DIVADM].[POBLACION].&[2.4486E4],24486,84635
[DIVADM].[POBLACION].&[2.6346E4],26346,59391
[DIVADM].[POBLACION].&,,4347
