[DIVADM].[DESC_CIRC].[DESC_CIRC].[MEMBER_UNIQUE_NAME],[DIVADM].[DESC_CIRC].[DESC_CIRC].[MEMBER_CAPTION],[Measures].[SumaIncidentes]
[DIVADM].[DESC_CIRC].&[10 DE AGOSTO],10 DE AGOSTO,4897
[DIVADM].[DESC_CIRC].&[28 DE MAYO (SAN JOSE DE YACUAMBI)],28 DE MAYO (SAN JOSE DE YACUAMBI),2569
[DIVADM].[DESC_CIRC].&[6 DE JULIO DE CUELLAJE (CAB EN CUELLAJE)-PLAZA GUTIERREZ (CALVARIO)-APUELA],6 DE JULIO DE CUELLAJE (CAB EN CUELLAJE)-PLAZA GUTIERREZ (CALVARIO)-APUELA,1451
[DIVADM].[DESC_CIRC].&[ABAÑIN-GUANAZAN],ABAÑIN-GUANAZAN,476
[DIVADM].[DESC_CIRC].&[ABDON CALDERON (LA UNION)-SANTA ISABEL (CHAGUARURCO)-ZHAGLLI (SHAGLLI )],ABDON CALDERON (LA UNION)-SANTA ISABEL (CHAGUARURCO)-ZHAGLLI (SHAGLLI ),20025
[DIVADM].[DESC_CIRC].&[ABDON CALDERON (SAN FRANCISCO)],ABDON CALDERON (SAN FRANCISCO),7608
[DIVADM].[DESC_CIRC].&[ACHUPALLAS],ACHUPALLAS,1730
[DIVADM].[DESC_CIRC].&[AHUANO],AHUANO,2118
[DIVADM].[DESC_CIRC].&[ALAMOR],ALAMOR,9489
[DIVADM].[DESC_CIRC].&[ALANGASI],ALANGASI,43888
[DIVADM].[DESC_CIRC].&[ALAUSI],ALAUSI,12142
[DIVADM].[DESC_CIRC].&[ALFREDO BAQUERIZO MORENO (JUJAN)],ALFREDO BAQUERIZO MORENO (JUJAN),27031
[DIVADM].[DESC_CIRC].&[ALLURIQUIN],ALLURIQUIN,12754
[DIVADM].[DESC_CIRC].&[ALOAG],ALOAG,28499
[DIVADM].[DESC_CIRC].&[ALSHI(CAB EN 9 DE OCTUBRE)-ZUÑA (ZUÑAC)],ALSHI(CAB EN 9 DE OCTUBRE)-ZUÑA (ZUÑAC),491
[DIVADM].[DESC_CIRC].&[AMAGUAÑA],AMAGUAÑA,45644
[DIVADM].[DESC_CIRC].&[AMALUZA-PALAMAS],AMALUZA-PALAMAS,882
[DIVADM].[DESC_CIRC].&[AMARILLOS-SANTA RUFINA-BUENAVISTA],AMARILLOS-SANTA RUFINA-BUENAVISTA,956
[DIVADM].[DESC_CIRC].&[AMAZONAS (ROSARIO DE CUYES)-NUEVA TARQUI- EL IDEAL],AMAZONAS (ROSARIO DE CUYES)-NUEVA TARQUI- EL IDEAL,1405
[DIVADM].[DESC_CIRC].&[AMBATILLO-SAN BARTOLOME DE PINLLOG],AMBATILLO-SAN BARTOLOME DE PINLLOG,14326
[DIVADM].[DESC_CIRC].&[AMBATO],AMBATO,598475
[DIVADM].[DESC_CIRC].&[AMBUQUI],AMBUQUI,12433
[DIVADM].[DESC_CIRC].&[ANCONCITO],ANCONCITO,11694
[DIVADM].[DESC_CIRC].&[ANGAMARCA],ANGAMARCA,456
[DIVADM].[DESC_CIRC].&[ANGEL PEDRO GILER (LA ESTANCILLA)-BACHILLERO],ANGEL PEDRO GILER (LA ESTANCILLA)-BACHILLERO,3484
[DIVADM].[DESC_CIRC].&[ANGOCHAGUA-LA ESPERANZA],ANGOCHAGUA-LA ESPERANZA,10241
[DIVADM].[DESC_CIRC].&[ANTONIO SOTOMAYOR (CAB. PLAYAS DE VINCE],ANTONIO SOTOMAYOR (CAB. PLAYAS DE VINCE,4452
[DIVADM].[DESC_CIRC].&[ARAJUNO],ARAJUNO,4475
[DIVADM].[DESC_CIRC].&[ARAPICOS-SANGAY (CAB EN NAYAMANACA)],ARAPICOS-SANGAY (CAB EN NAYAMANACA),2737
[DIVADM].[DESC_CIRC].&[ARCAPAMBA-MALVAS-MULUNCAY GRANDE-HUERTAS],ARCAPAMBA-MALVAS-MULUNCAY GRANDE-HUERTAS,3948
[DIVADM].[DESC_CIRC].&[ARCHIDONA-SAN PABLO DE USHPAYACU],ARCHIDONA-SAN PABLO DE USHPAYACU,12470
[DIVADM].[DESC_CIRC].&[ARENILLAS],ARENILLAS,29427
[DIVADM].[DESC_CIRC].&[ARQ. SIXTO DURAN BALLEN],ARQ. SIXTO DURAN BALLEN,440
[DIVADM].[DESC_CIRC].&[ATACAMES],ATACAMES,34922
[DIVADM].[DESC_CIRC].&[ATAHUALPA],ATAHUALPA,541
[DIVADM].[DESC_CIRC].&[ATAHUALPA (HABASPAMBA)-CHAVEZPAMBA-PERUCHO],ATAHUALPA (HABASPAMBA)-CHAVEZPAMBA-PERUCHO,1573
[DIVADM].[DESC_CIRC].&[ATUNTAQUI],ATUNTAQUI,41257
[DIVADM].[DESC_CIRC].&[AYACUCHO],AYACUCHO,1991
[DIVADM].[DESC_CIRC].&[AZOGUES],AZOGUES,78448
[DIVADM].[DESC_CIRC].&[BABA],BABA,15328
[DIVADM].[DESC_CIRC].&[BABAHOYO],BABAHOYO,240839
[DIVADM].[DESC_CIRC].&[BAHIA DE CARAQUEZ],BAHIA DE CARAQUEZ,23230
[DIVADM].[DESC_CIRC].&[BALAO],BALAO,18079
[DIVADM].[DESC_CIRC].&[BALSAPAMBA-BILOVAN-REGULO DE MORA],BALSAPAMBA-BILOVAN-REGULO DE MORA,8482
[DIVADM].[DESC_CIRC].&[BALSAS-BELLAMARIA],BALSAS-BELLAMARIA,8955
[DIVADM].[DESC_CIRC].&[BALZAR],BALZAR,58942
[DIVADM].[DESC_CIRC].&[BAÑOS],BAÑOS,19993
[DIVADM].[DESC_CIRC].&[BARRAGANETE],BARRAGANETE,456
[DIVADM].[DESC_CIRC].&[BELISARIO QUEVEDO],BELISARIO QUEVEDO,154080
[DIVADM].[DESC_CIRC].&[BELISARIO QUEVEDO (GUANAILIN)],BELISARIO QUEVEDO (GUANAILIN),5071
[DIVADM].[DESC_CIRC].&[BELLAMARIA],BELLAMARIA,1667
[DIVADM].[DESC_CIRC].&[BELLAVISTA],BELLAVISTA,4958
[DIVADM].[DESC_CIRC].&[BERMEJOS-CHIGUINDA-EL ROSARIO],BERMEJOS-CHIGUINDA-EL ROSARIO,458
[DIVADM].[DESC_CIRC].&[BOLASPAMBA],BOLASPAMBA,99
[DIVADM].[DESC_CIRC].&[BOLIVAR-DAULE],BOLIVAR-DAULE,1132
[DIVADM].[DESC_CIRC].&[BOMBOIZA],BOMBOIZA,4341
[DIVADM].[DESC_CIRC].&[BOYACA],BOYACA,583
[DIVADM].[DESC_CIRC].&[CALACALI],CALACALI,14347
[DIVADM].[DESC_CIRC].&[CALCETA],CALCETA,22240
[DIVADM].[DESC_CIRC].&[CALDERON (CARAPUNGO)],CALDERON (CARAPUNGO),335428
[DIVADM].[DESC_CIRC].&[CALUMA],CALUMA,25736
[DIVADM].[DESC_CIRC].&[CAMILO PONCE ENRIQUEZ],CAMILO PONCE ENRIQUEZ,22066
[DIVADM].[DESC_CIRC].&[CAMPOZANO (LA PALMA DE PAJAN)],CAMPOZANO (LA PALMA DE PAJAN),1218
[DIVADM].[DESC_CIRC].&[CANELOS-VERACRUZ (CAB. EN INDILLAMA)-POMONA-SIMON BOLIVAR (CAB EN MUSHULLAMA],CANELOS-VERACRUZ (CAB. EN INDILLAMA)-POMONA-SIMON BOLIVAR (CAB EN MUSHULLAMA,10643
[DIVADM].[DESC_CIRC].&[CANGAHUA],CANGAHUA,4973
[DIVADM].[DESC_CIRC].&[CANGONAMA-YAMANA-SANANTONIO],CANGONAMA-YAMANA-SANANTONIO,1186
[DIVADM].[DESC_CIRC].&[CANOA],CANOA,3589
[DIVADM].[DESC_CIRC].&[CANUTO],CANUTO,4034
[DIVADM].[DESC_CIRC].&[CAÑAQUEMADA-LA PEAÑA-BUENAVISTA],CAÑAQUEMADA-LA PEAÑA-BUENAVISTA,17284
[DIVADM].[DESC_CIRC].&[CAÑAR],CAÑAR,18128
[DIVADM].[DESC_CIRC].&[CAPIRO (CAB. EN LA CAPILLA DE CAPIRO)],CAPIRO (CAB. EN LA CAPILLA DE CAPIRO),772
[DIVADM].[DESC_CIRC].&[CAPZOL-COMPUD-LLAGOS],CAPZOL-COMPUD-LLAGOS,1772
[DIVADM].[DESC_CIRC].&[CARACOL],CARACOL,5820
[DIVADM].[DESC_CIRC].&[CARCABON-CHACRAS],CARCABON-CHACRAS,4743
[DIVADM].[DESC_CIRC].&[CARCELEN],CARCELEN,95651
[DIVADM].[DESC_CIRC].&[CARIAMANGA],CARIAMANGA,20181
[DIVADM].[DESC_CIRC].&[CARLOS JULIO AROSEMENA TOLA],CARLOS JULIO AROSEMENA TOLA,2416
[DIVADM].[DESC_CIRC].&[CAROLINA],CAROLINA,2953
[DIVADM].[DESC_CIRC].&[CARONDELET-CALDERON-TULULBI  (CAB EN RICAURTE)-SANTA RITA],CARONDELET-CALDERON-TULULBI  (CAB EN RICAURTE)-SANTA RITA,2429
[DIVADM].[DESC_CIRC].&[CASACAY],CASACAY,3726
[DIVADM].[DESC_CIRC].&[CASCOL],CASCOL,3747
[DIVADM].[DESC_CIRC].&[CATACOCHA],CATACOCHA,9223
[DIVADM].[DESC_CIRC].&[CATAMAYO (LA TOMA)],CATAMAYO (LA TOMA),45855
[DIVADM].[DESC_CIRC].&[CATARAMA],CATARAMA,9387
[DIVADM].[DESC_CIRC].&[CAYAMBE],CAYAMBE,69516
[DIVADM].[DESC_CIRC].&[CAZADEROS (CAB EN MANGAURCO)],CAZADEROS (CAB EN MANGAURCO),155
[DIVADM].[DESC_CIRC].&[CEBADAS],CEBADAS,2864
[DIVADM].[DESC_CIRC].&[CELICA],CELICA,9647
[DIVADM].[DESC_CIRC].&[CENTRO HISTORICO],CENTRO HISTORICO,246441
[DIVADM].[DESC_CIRC].&[CEVALLOS],CEVALLOS,12040
[DIVADM].[DESC_CIRC].&[CHAGUARPAMBA-EL ROSARIO],CHAGUARPAMBA-EL ROSARIO,2944
[DIVADM].[DESC_CIRC].&[CHAMBO],CHAMBO,9743
[DIVADM].[DESC_CIRC].&[CHANDUY],CHANDUY,8109
[DIVADM].[DESC_CIRC].&[CHANTACO-TAQUIL (MIGUEL RIOFRIO)-CHIQUIRIBAMABA],CHANTACO-TAQUIL (MIGUEL RIOFRIO)-CHIQUIRIBAMABA,4559
[DIVADM].[DESC_CIRC].&[CHANTILIN-SAQUISILI],CHANTILIN-SAQUISILI,21218
[DIVADM].[DESC_CIRC].&[CHAQUINAL-12 DE DICIEMBRE (CAB EN ACHIOTES)],CHAQUINAL-12 DE DICIEMBRE (CAB EN ACHIOTES),809
[DIVADM].[DESC_CIRC].&[CHARAPOTO],CHARAPOTO,13586
[DIVADM].[DESC_CIRC].&[CHAUCHA],CHAUCHA,239
[DIVADM].[DESC_CIRC].&[CHECA (CHILPA)],CHECA (CHILPA),6504
[DIVADM].[DESC_CIRC].&[CHECA (JIDCAY)-CHIQUINTAD],CHECA (JIDCAY)-CHIQUINTAD,7269
[DIVADM].[DESC_CIRC].&[CHIBUNGA],CHIBUNGA,954
[DIVADM].[DESC_CIRC].&[CHILIBULO],CHILIBULO,90093
[DIVADM].[DESC_CIRC].&[CHILLA],CHILLA,1515
[DIVADM].[DESC_CIRC].&[CHILLANES],CHILLANES,9025
[DIVADM].[DESC_CIRC].&[CHILLOGALLO],CHILLOGALLO,97505
[DIVADM].[DESC_CIRC].&[CHIMBACALLE],CHIMBACALLE,101751
[DIVADM].[DESC_CIRC].&[CHINCA-MAJUA-SAN MATEO],CHINCA-MAJUA-SAN MATEO,14774
[DIVADM].[DESC_CIRC].&[CHIQUICHA (CAB EN CHIQUICHA GRANDE)-GARCIA MORENO (CHUMAQUI)],CHIQUICHA (CAB EN CHIQUICHA GRANDE)-GARCIA MORENO (CHUMAQUI),4711
[DIVADM].[DESC_CIRC].&[CHIRIJOS-ALHAJUELA (BAJO GRANDE)],CHIRIJOS-ALHAJUELA (BAJO GRANDE),2531
[DIVADM].[DESC_CIRC].&[CHITO],CHITO,497
[DIVADM].[DESC_CIRC].&[CHOBO],CHOBO,7682
[DIVADM].[DESC_CIRC].&[CHONE],CHONE,68382
[DIVADM].[DESC_CIRC].&[CHONTADURO-CHUMUNDE-RIOVERDE],CHONTADURO-CHUMUNDE-RIOVERDE,9580
[DIVADM].[DESC_CIRC].&[CHONTAPUNTA],CHONTAPUNTA,1262
[DIVADM].[DESC_CIRC].&[CHUGA-PIMAMPIRO-MARIANO ACOSTA-SAN  FCO. DE SIGSIPAMBA],CHUGA-PIMAMPIRO-MARIANO ACOSTA-SAN  FCO. DE SIGSIPAMBA,16934
[DIVADM].[DESC_CIRC].&[CHUGCHILLAN],CHUGCHILLAN,1283
[DIVADM].[DESC_CIRC].&[CIANO-EL ARENAL-VICENTINO-MERCADILLO],CIANO-EL ARENAL-VICENTINO-MERCADILLO,1556
[DIVADM].[DESC_CIRC].&[COCHAPAMBA],COCHAPAMBA,71417
[DIVADM].[DESC_CIRC].&[COCHAPAMBA-CANCHAGUA],COCHAPAMBA-CANCHAGUA,987
[DIVADM].[DESC_CIRC].&[COJIMIES],COJIMIES,6603
[DIVADM].[DESC_CIRC].&[COJITAMBO-JAVIER LOYOLA (CHUQUIPATA)],COJITAMBO-JAVIER LOYOLA (CHUQUIPATA),12861
[DIVADM].[DESC_CIRC].&[COLIMES],COLIMES,9998
[DIVADM].[DESC_CIRC].&[COLONCHE],COLONCHE,12942
[DIVADM].[DESC_CIRC].&[COLUMBE],COLUMBE,2201
[DIVADM].[DESC_CIRC].&[COMITE DEL PUEBLO],COMITE DEL PUEBLO,104583
[DIVADM].[DESC_CIRC].&[CONCEPCION],CONCEPCION,91292
[DIVADM].[DESC_CIRC].&[CONCEPCION-JIJON Y CAAMAÑO (CAB. EN RIO BLANCO)],CONCEPCION-JIJON Y CAAMAÑO (CAB. EN RIO BLANCO),2520
[DIVADM].[DESC_CIRC].&[CONCEPCION-SAN JAVIER DE CACHAVI-URBINA-ALTO TAMBO (CAB EN GUADUAL)-5 DE JUNIO (CAB EN UIMBI)],CONCEPCION-SAN JAVIER DE CACHAVI-URBINA-ALTO TAMBO (CAB EN GUADUAL)-5 DE JUNIO (CAB EN UIMBI),2264
[DIVADM].[DESC_CIRC].&[CONOCOTO],CONOCOTO,156933
[DIVADM].[DESC_CIRC].&[CONONACO],CONONACO,297
[DIVADM].[DESC_CIRC].&[CONSTATINO FERNANDEZ (CAB EN CULLIT)-AUGUSTO N. MARTINEZ (MUNDUGLEO)-ATAHUALPA (CHISALATA)],CONSTATINO FERNANDEZ (CAB EN CULLIT)-AUGUSTO N. MARTINEZ (MUNDUGLEO)-ATAHUALPA (CHISALATA),24049
[DIVADM].[DESC_CIRC].&[CONVENTO],CONVENTO,1597
[DIVADM].[DESC_CIRC].&[CORDONCILLO-PACCHA-AYAPAMBA-SAN JOSE-MILAGRO],CORDONCILLO-PACCHA-AYAPAMBA-SAN JOSE-MILAGRO,4889
[DIVADM].[DESC_CIRC].&[COSANGA-SAN FRANCISCO DE BORJA (VIRGILIO DAVILA)-BAEZA-SUMACO],COSANGA-SAN FRANCISCO DE BORJA (VIRGILIO DAVILA)-BAEZA-SUMACO,6790
[DIVADM].[DESC_CIRC].&[COTACACHI],COTACACHI,22092
[DIVADM].[DESC_CIRC].&[COTALO-GUAMBALO (HUAMBALO)-BOLIVAR],COTALO-GUAMBALO (HUAMBALO)-BOLIVAR,5024
[DIVADM].[DESC_CIRC].&[COTOCOLLAO],COTOCOLLAO,81162
[DIVADM].[DESC_CIRC].&[COTUNDO],COTUNDO,8582
[DIVADM].[DESC_CIRC].&[CRISTOBAL COLON-FERNANDEZ SALVADOR-PIARTAL-CHITAN DE NAVARRETE],CRISTOBAL COLON-FERNANDEZ SALVADOR-PIARTAL-CHITAN DE NAVARRETE,3116
[DIVADM].[DESC_CIRC].&[CRNEL. LORENZO DE GARAICOA (PEDREGAL)],CRNEL. LORENZO DE GARAICOA (PEDREGAL),4804
[DIVADM].[DESC_CIRC].&[CRNEL. MARCELINO MARIDUEÑA (SAN CARLOS)],CRNEL. MARCELINO MARIDUEÑA (SAN CARLOS),11269
[DIVADM].[DESC_CIRC].&[CRUCITA],CRUCITA,14763
[DIVADM].[DESC_CIRC].&[CUBE],CUBE,2317
[DIVADM].[DESC_CIRC].&[CUBIJIES-QUIMIAG],CUBIJIES-QUIMIAG,3884
[DIVADM].[DESC_CIRC].&[CUCHAENTZA],CUCHAENTZA,1579
[DIVADM].[DESC_CIRC].&[CUENCA_BELLAVISTA],CUENCA_BELLAVISTA,42195
[DIVADM].[DESC_CIRC].&[CUENCA_CAÑARIBAMBA],CUENCA_CAÑARIBAMBA,23138
[DIVADM].[DESC_CIRC].&[CUENCA_EL BATAN],CUENCA_EL BATAN,68813
[DIVADM].[DESC_CIRC].&[CUENCA_EL SAGRARIO],CUENCA_EL SAGRARIO,61572
[DIVADM].[DESC_CIRC].&[CUENCA_EL VECINO],CUENCA_EL VECINO,92982
[DIVADM].[DESC_CIRC].&[CUENCA_GIL RAMIREZ DAVALOS],CUENCA_GIL RAMIREZ DAVALOS,36332
[DIVADM].[DESC_CIRC].&[CUENCA_HERMANO MIGUEL],CUENCA_HERMANO MIGUEL,39971
[DIVADM].[DESC_CIRC].&[CUENCA_HUAYNA CAPAC],CUENCA_HUAYNA CAPAC,66156
[DIVADM].[DESC_CIRC].&[CUENCA_MACHANGARA],CUENCA_MACHANGARA,42667
[DIVADM].[DESC_CIRC].&[CUENCA_MONAY],CUENCA_MONAY,43091
[DIVADM].[DESC_CIRC].&[CUENCA_SAN BLAS],CUENCA_SAN BLAS,35340
[DIVADM].[DESC_CIRC].&[CUENCA_SAN SEBASTIAN],CUENCA_SAN SEBASTIAN,81237
[DIVADM].[DESC_CIRC].&[CUENCA_SUCRE],CUENCA_SUCRE,84635
[DIVADM].[DESC_CIRC].&[CUENCA_TOTOROCOHA],CUENCA_TOTOROCOHA,57085
[DIVADM].[DESC_CIRC].&[CUENCA_YANUNCAY],CUENCA_YANUNCAY,107712
[DIVADM].[DESC_CIRC].&[CUMANDA],CUMANDA,14362
[DIVADM].[DESC_CIRC].&[CUMBARATZA-TIMBARA-SAN CARLOS DE LAS MINAS],CUMBARATZA-TIMBARA-SAN CARLOS DE LAS MINAS,7610
[DIVADM].[DESC_CIRC].&[CUMBAYA],CUMBAYA,69271
[DIVADM].[DESC_CIRC].&[CUMBE-VICTORIA DEL PORTETE (IRQUIS)],CUMBE-VICTORIA DEL PORTETE (IRQUIS),10580
[DIVADM].[DESC_CIRC].&[CUNCHIBAMBA-UNAMUNCHO],CUNCHIBAMBA-UNAMUNCHO,9310
[DIVADM].[DESC_CIRC].&[CURARAY],CURARAY,570
[DIVADM].[DESC_CIRC].&[CUSUBAMBA],CUSUBAMBA,1836
[DIVADM].[DESC_CIRC].&[CUTUGLAHUA],CUTUGLAHUA,30566
[DIVADM].[DESC_CIRC].&[CUYABENO],CUYABENO,396
[DIVADM].[DESC_CIRC].&[CUYUJA-PAPALLACTA],CUYUJA-PAPALLACTA,3548
[DIVADM].[DESC_CIRC].&[DANIEL CORDOVA TORAL (EL ORIENTE)-REMIGIO CRESPO TORAL (GULAG)-LUIS CORDERO VEGA-MARIANO MORENO],DANIEL CORDOVA TORAL (EL ORIENTE)-REMIGIO CRESPO TORAL (GULAG)-LUIS CORDERO VEGA-MARIANO MORENO,4892
[DIVADM].[DESC_CIRC].&[DAULE],DAULE,156728
[DIVADM].[DESC_CIRC].&[DAYUMA-TARACOA (CAB. EN NUEVA ESPERANZA: YUCA)-EL DORADO],DAYUMA-TARACOA (CAB. EN NUEVA ESPERANZA: YUCA)-EL DORADO,22701
[DIVADM].[DESC_CIRC].&[DELEG-SOLANO],DELEG-SOLANO,6777
[DIVADM].[DESC_CIRC].&[DURENO-PACAYACU],DURENO-PACAYACU,7783
[DIVADM].[DESC_CIRC].&[ECHEANDIA],ECHEANDIA,25600
[DIVADM].[DESC_CIRC].&[EL AIRO-27 DE ABRIL (CAB EN LA NARANJA)-EL INGENIO],EL AIRO-27 DE ABRIL (CAB EN LA NARANJA)-EL INGENIO,1597
[DIVADM].[DESC_CIRC].&[EL ANEGADO (CAB EN ELOY ALFARO)-JULCUY],EL ANEGADO (CAB EN ELOY ALFARO)-JULCUY,2344
[DIVADM].[DESC_CIRC].&[EL CARMEN],EL CARMEN,54017
[DIVADM].[DESC_CIRC].&[EL CARMEN DE PIJILI],EL CARMEN DE PIJILI,460
[DIVADM].[DESC_CIRC].&[EL CHACO],EL CHACO,4427
[DIVADM].[DESC_CIRC].&[EL CHAUPI-ALOASI],EL CHAUPI-ALOASI,23915
[DIVADM].[DESC_CIRC].&[EL CHORRO-LA CHONTA-PUCUPAMBA],EL CHORRO-LA CHONTA-PUCUPAMBA,323
[DIVADM].[DESC_CIRC].&[EL CONDADO],EL CONDADO,108675
[DIVADM].[DESC_CIRC].&[EL CORAZON],EL CORAZON,3815
[DIVADM].[DESC_CIRC].&[EL EDEN-ALEJANDRO LABAKA],EL EDEN-ALEJANDRO LABAKA,173
[DIVADM].[DESC_CIRC].&[EL ENO],EL ENO,5701
[DIVADM].[DESC_CIRC].&[EL ESFUERZO],EL ESFUERZO,2647
[DIVADM].[DESC_CIRC].&[EL GOALTAL],EL GOALTAL,238
[DIVADM].[DESC_CIRC].&[EL GUABO],EL GUABO,41798
[DIVADM].[DESC_CIRC].&[EL INGENIO-MARCABELI],EL INGENIO-MARCABELI,6562
[DIVADM].[DESC_CIRC].&[EL LIMO (MARIANA DE JESUS)],EL LIMO (MARIANA DE JESUS),412
[DIVADM].[DESC_CIRC].&[EL LUCERO],EL LUCERO,889
[DIVADM].[DESC_CIRC].&[EL PAN-SAN VICENTE],EL PAN-SAN VICENTE,1520
[DIVADM].[DESC_CIRC].&[EL PARAISO-SAN ISIDRO],EL PARAISO-SAN ISIDRO,301
[DIVADM].[DESC_CIRC].&[EL PIEDRERO],EL PIEDRERO,2751
[DIVADM].[DESC_CIRC].&[EL PORVENIR DEL CARMEN],EL PORVENIR DEL CARMEN,253
[DIVADM].[DESC_CIRC].&[EL PROGRESO],EL PROGRESO,1807
[DIVADM].[DESC_CIRC].&[EL PROGRESO (CAB.EN ZHIOTA)-LAS NIEVES (CHAYA)],EL PROGRESO (CAB.EN ZHIOTA)-LAS NIEVES (CHAYA),1411
[DIVADM].[DESC_CIRC].&[EL QUINCHE],EL QUINCHE,26669
[DIVADM].[DESC_CIRC].&[EL RETIRO],EL RETIRO,7994
[DIVADM].[DESC_CIRC].&[EL ROSARIO],EL ROSARIO,1488
[DIVADM].[DESC_CIRC].&[EL SALITRE (LAS RAMAS)],EL SALITRE (LAS RAMAS),18749
[DIVADM].[DESC_CIRC].&[EL TAMBO],EL TAMBO,10996
[DIVADM].[DESC_CIRC].&[EL TRIUNFO],EL TRIUNFO,54989
[DIVADM].[DESC_CIRC].&[EL TRIUNFO-DIEZ DE AGOSTO],EL TRIUNFO-DIEZ DE AGOSTO,2759
[DIVADM].[DESC_CIRC].&[EL TRIUNFO-PATATE-LOS ANDES (CAB EN POATUG)-SUCRE (CAB EN SUCRE- PATATE  URCO)],EL TRIUNFO-PATATE-LOS ANDES (CAB EN POATUG)-SUCRE (CAB EN SUCRE- PATATE  URCO),12342
[DIVADM].[DESC_CIRC].&[ELOY ALFARO],ELOY ALFARO,1054
[DIVADM].[DESC_CIRC].&[ELOY ALFARO (DURAN)],ELOY ALFARO (DURAN),377248
[DIVADM].[DESC_CIRC].&[ESMERALDAS],ESMERALDAS,289115
"[DIVADM].[DESC_CIRC].&[ESPAÑOLA ""HOOD""-PUERTO BAQUERIZO MORENO]","ESPAÑOLA ""HOOD""-PUERTO BAQUERIZO MORENO",29444
[DIVADM].[DESC_CIRC].&[EUGENIO ESPEJO (CALPAQUI)],EUGENIO ESPEJO (CALPAQUI),4084
[DIVADM].[DESC_CIRC].&[FACUNDO VELA],FACUNDO VELA,1525
[DIVADM].[DESC_CIRC].&[FATIMA-TENIENTE HUGO ORTIZ],FATIMA-TENIENTE HUGO ORTIZ,3034
[DIVADM].[DESC_CIRC].&[FEBRES CORDERO (LAS JUNTAS) (CAB.],FEBRES CORDERO (LAS JUNTAS) (CAB.,15350
[DIVADM].[DESC_CIRC].&[FLAVIO ALFARO],FLAVIO ALFARO,8217
[DIVADM].[DESC_CIRC].&[GALERA-SAN FRANCISCO-QUINGUE (OLMEDO PERDOMO FRANCO)],GALERA-SAN FRANCISCO-QUINGUE (OLMEDO PERDOMO FRANCO),2261
[DIVADM].[DESC_CIRC].&[GARCIA MORENO (LLURIMAGUA)],GARCIA MORENO (LLURIMAGUA),1074
[DIVADM].[DESC_CIRC].&[GARCIA MORENO-LA BELLEZA],GARCIA MORENO-LA BELLEZA,1854
[DIVADM].[DESC_CIRC].&[GARZAREAL],GARZAREAL,665
[DIVADM].[DESC_CIRC].&[GENERAL FARFAN],GENERAL FARFAN,7760
[DIVADM].[DESC_CIRC].&[GENERAL MORALES (SOCARTE)-VENTURA-CHONTAMARCA-DUCUR],GENERAL MORALES (SOCARTE)-VENTURA-CHONTAMARCA-DUCUR,4062
[DIVADM].[DESC_CIRC].&[GENERAL VILLAMIL (PLAYAS)],GENERAL VILLAMIL (PLAYAS),70833
[DIVADM].[DESC_CIRC].&[GIRON-SAN GERARDO-ASUNCION],GIRON-SAN GERARDO-ASUNCION,13623
[DIVADM].[DESC_CIRC].&[GONZALEZ SUAREZ-SAN RAFAEL],GONZALEZ SUAREZ-SAN RAFAEL,6440
[DIVADM].[DESC_CIRC].&[GONZALO DIAZ DE PINEDA(EL BOMBON)-SANTA ROSA],GONZALO DIAZ DE PINEDA(EL BOMBON)-SANTA ROSA,3138
[DIVADM].[DESC_CIRC].&[GONZANAMA],GONZANAMA,3256
[DIVADM].[DESC_CIRC].&[GONZOL-CHUNCHI],GONZOL-CHUNCHI,8593
[DIVADM].[DESC_CIRC].&[GRAL. ANTONIO ELIZALDE (BUCAY)],GRAL. ANTONIO ELIZALDE (BUCAY),12667
[DIVADM].[DESC_CIRC].&[GRAL. PEDRO J. MONTERO (BOLICHE)],GRAL. PEDRO J. MONTERO (BOLICHE),6339
[DIVADM].[DESC_CIRC].&[GRAL. VERNAZA (DOS ESTEROS)],GRAL. VERNAZA (DOS ESTEROS),2684
[DIVADM].[DESC_CIRC].&[GUACHANAMA],GUACHANAMA,661
[DIVADM].[DESC_CIRC].&[GUACHAPALA],GUACHAPALA,1903
[DIVADM].[DESC_CIRC].&[GUADALUPE],GUADALUPE,1934
[DIVADM].[DESC_CIRC].&[GUAITACAMA (GUAYTACAMA)],GUAITACAMA (GUAYTACAMA),14567
[DIVADM].[DESC_CIRC].&[GUALACEO],GUALACEO,35201
[DIVADM].[DESC_CIRC].&[GUALAQUIZA],GUALAQUIZA,18384
[DIVADM].[DESC_CIRC].&[GUALE],GUALE,1227
[DIVADM].[DESC_CIRC].&[GUALEA],GUALEA,1190
[DIVADM].[DESC_CIRC].&[GUALEL-EL CISNE],GUALEL-EL CISNE,3650
[DIVADM].[DESC_CIRC].&[GUALLETURO-SAN ANTONIO-CHOROCOPTE],GUALLETURO-SAN ANTONIO-CHOROCOPTE,2220
[DIVADM].[DESC_CIRC].&[GUAMANI],GUAMANI,130169
[DIVADM].[DESC_CIRC].&[GUAMOTE],GUAMOTE,10698
[DIVADM].[DESC_CIRC].&[GUANGAJE],GUANGAJE,1091
[DIVADM].[DESC_CIRC].&[GUANGOPOLO],GUANGOPOLO,6877
[DIVADM].[DESC_CIRC].&[GUANO-LA PROVIDENCIA-GUANANDO-SANGERARDO DE PACAICAGUAN],GUANO-LA PROVIDENCIA-GUANANDO-SANGERARDO DE PACAICAGUAN,25185
[DIVADM].[DESC_CIRC].&[GUAPAN],GUAPAN,4818
[DIVADM].[DESC_CIRC].&[GUARAINAG-TOMEBAMBA-DUG DUG-BULAN (JOSE VICTOR IZQUIERDO)],GUARAINAG-TOMEBAMBA-DUG DUG-BULAN (JOSE VICTOR IZQUIERDO),2083
[DIVADM].[DESC_CIRC].&[GUARANDA],GUARANDA,98330
[DIVADM].[DESC_CIRC].&[GUARE],GUARE,2974
[DIVADM].[DESC_CIRC].&[GUASUNTOS-PUMALLACTA-SEVILLA],GUASUNTOS-PUMALLACTA-SEVILLA,881
[DIVADM].[DESC_CIRC].&[GUAYAQUIL- CHILE],GUAYAQUIL- CHILE,109776
[DIVADM].[DESC_CIRC].&[GUAYAQUIL- EL CISNE],GUAYAQUIL- EL CISNE,110302
[DIVADM].[DESC_CIRC].&[GUAYAQUIL- Esteros],GUAYAQUIL- Esteros,108278
[DIVADM].[DESC_CIRC].&[GUAYAQUIL- KENNEDY],GUAYAQUIL- KENNEDY,98264
[DIVADM].[DESC_CIRC].&[GUAYAQUIL- TRINITARIA 1],GUAYAQUIL- TRINITARIA 1,59877
[DIVADM].[DESC_CIRC].&[GUAYAQUIL- TRINITARIA 2],GUAYAQUIL- TRINITARIA 2,70355
[DIVADM].[DESC_CIRC].&[GUAYAQUIL- VICTORIA],GUAYAQUIL- VICTORIA,83776
[DIVADM].[DESC_CIRC].&[GUAYAQUIL-7 LAGOS],GUAYAQUIL-7 LAGOS,66340
[DIVADM].[DESC_CIRC].&[GUAYAQUIL-9 DE OCTUBRE],GUAYAQUIL-9 DE OCTUBRE,93365
[DIVADM].[DESC_CIRC].&[GUAYAQUIL-ALBORADA],GUAYAQUIL-ALBORADA,108763
[DIVADM].[DESC_CIRC].&[GUAYAQUIL-ANTEPARA],GUAYAQUIL-ANTEPARA,90549
[DIVADM].[DESC_CIRC].&[GUAYAQUIL-ATARAZANA],GUAYAQUIL-ATARAZANA,151345
[DIVADM].[DESC_CIRC].&[GUAYAQUIL-BASTION POPULAR 1],GUAYAQUIL-BASTION POPULAR 1,36268
[DIVADM].[DESC_CIRC].&[GUAYAQUIL-BASTION POPULAR N2],GUAYAQUIL-BASTION POPULAR N2,60265
[DIVADM].[DESC_CIRC].&[GUAYAQUIL-BATALLON DEL SUBURBIO],GUAYAQUIL-BATALLON DEL SUBURBIO,78542
[DIVADM].[DESC_CIRC].&[GUAYAQUIL-BELLAVISTA],GUAYAQUIL-BELLAVISTA,83220
[DIVADM].[DESC_CIRC].&[GUAYAQUIL-CENTENARIO],GUAYAQUIL-CENTENARIO,89452
[DIVADM].[DESC_CIRC].&[GUAYAQUIL-CHALA],GUAYAQUIL-CHALA,63587
[DIVADM].[DESC_CIRC].&[GUAYAQUIL-CHONGON],GUAYAQUIL-CHONGON,19043
[DIVADM].[DESC_CIRC].&[GUAYAQUIL-CRISTO DEL CONSUELO],GUAYAQUIL-CRISTO DEL CONSUELO,69559
[DIVADM].[DESC_CIRC].&[GUAYAQUIL-FLOR DE BASTION],GUAYAQUIL-FLOR DE BASTION,44392
[DIVADM].[DESC_CIRC].&[GUAYAQUIL-FLORESTA],GUAYAQUIL-FLORESTA,66931
[DIVADM].[DESC_CIRC].&[GUAYAQUIL-FLORIDA],GUAYAQUIL-FLORIDA,73243
[DIVADM].[DESC_CIRC].&[GUAYAQUIL-FORTIN],GUAYAQUIL-FORTIN,57588
[DIVADM].[DESC_CIRC].&[GUAYAQUIL-GARAY],GUAYAQUIL-GARAY,153168
[DIVADM].[DESC_CIRC].&[GUAYAQUIL-GUASMO],GUAYAQUIL-GUASMO,105643
[DIVADM].[DESC_CIRC].&[GUAYAQUIL-GUAYACANES],GUAYAQUIL-GUAYACANES,61781
[DIVADM].[DESC_CIRC].&[GUAYAQUIL-JUAN MONTALVO],GUAYAQUIL-JUAN MONTALVO,61619
[DIVADM].[DESC_CIRC].&[GUAYAQUIL-LOS CEIBOS],GUAYAQUIL-LOS CEIBOS,55142
[DIVADM].[DESC_CIRC].&[GUAYAQUIL-MALVINAS 1],GUAYAQUIL-MALVINAS 1,58710
[DIVADM].[DESC_CIRC].&[GUAYAQUIL-MALVINAS 2],GUAYAQUIL-MALVINAS 2,46638
[DIVADM].[DESC_CIRC].&[GUAYAQUIL-MAPASINGUE],GUAYAQUIL-MAPASINGUE,40072
[DIVADM].[DESC_CIRC].&[GUAYAQUIL-MARTHA ROLDOS],GUAYAQUIL-MARTHA ROLDOS,130207
[DIVADM].[DESC_CIRC].&[GUAYAQUIL-MONTE BELLO],GUAYAQUIL-MONTE BELLO,42962
[DIVADM].[DESC_CIRC].&[GUAYAQUIL-MONTE SINAI],GUAYAQUIL-MONTE SINAI,78535
[DIVADM].[DESC_CIRC].&[GUAYAQUIL-MUCHO LOTE],GUAYAQUIL-MUCHO LOTE,61643
[DIVADM].[DESC_CIRC].&[GUAYAQUIL-NUEVA PROSPERINA],GUAYAQUIL-NUEVA PROSPERINA,75394
[DIVADM].[DESC_CIRC].&[GUAYAQUIL-NUEVO GUAYAQUIL],GUAYAQUIL-NUEVO GUAYAQUIL,19348
[DIVADM].[DESC_CIRC].&[GUAYAQUIL-ORQUIDEAS],GUAYAQUIL-ORQUIDEAS,96326
[DIVADM].[DESC_CIRC].&[GUAYAQUIL-PARAISO DE LA FLOR],GUAYAQUIL-PARAISO DE LA FLOR,37600
[DIVADM].[DESC_CIRC].&[GUAYAQUIL-PASCUALES],GUAYAQUIL-PASCUALES,55004
[DIVADM].[DESC_CIRC].&[GUAYAQUIL-PORTETE],GUAYAQUIL-PORTETE,146663
[DIVADM].[DESC_CIRC].&[GUAYAQUIL-PUENTE LUCIA],GUAYAQUIL-PUENTE LUCIA,9702
[DIVADM].[DESC_CIRC].&[GUAYAQUIL-PUERTO HONDO],GUAYAQUIL-PUERTO HONDO,23834
[DIVADM].[DESC_CIRC].&[GUAYAQUIL-SALINAS],GUAYAQUIL-SALINAS,117520
[DIVADM].[DESC_CIRC].&[GUAYAQUIL-SAMANES],GUAYAQUIL-SAMANES,38672
[DIVADM].[DESC_CIRC].&[GUAYAQUIL-SAN FRANCISCO],GUAYAQUIL-SAN FRANCISCO,62170
[DIVADM].[DESC_CIRC].&[GUAYAQUIL-SAUCES],GUAYAQUIL-SAUCES,113162
[DIVADM].[DESC_CIRC].&[GUAYAQUIL-SUBURBIO],GUAYAQUIL-SUBURBIO,104211
[DIVADM].[DESC_CIRC].&[GUAYAQUIL-UNION DE BANANEROS],GUAYAQUIL-UNION DE BANANEROS,58495
[DIVADM].[DESC_CIRC].&[GUAYAQUIL-URDESA],GUAYAQUIL-URDESA,70743
[DIVADM].[DESC_CIRC].&[GUAYAQUIL-VENEZUELA],GUAYAQUIL-VENEZUELA,92042
[DIVADM].[DESC_CIRC].&[GUAYAS (PUEBLO NUEVO)],GUAYAS (PUEBLO NUEVO),8119
[DIVADM].[DESC_CIRC].&[GUAYLLABAMBA],GUAYLLABAMBA,26488
[DIVADM].[DESC_CIRC].&[GUAYZIMI],GUAYZIMI,3686
[DIVADM].[DESC_CIRC].&[GUIZHAGUIÑA-SALVIAS-SINSAO],GUIZHAGUIÑA-SALVIAS-SINSAO,1407
[DIVADM].[DESC_CIRC].&[HONORATO VASQUEZ (CAB EN VASQUEZ)],HONORATO VASQUEZ (CAB EN VASQUEZ),993
[DIVADM].[DESC_CIRC].&[HONORATO VASQUEZ (TAMBO VIEJO)-INGAPIRCA],HONORATO VASQUEZ (TAMBO VIEJO)-INGAPIRCA,4220
[DIVADM].[DESC_CIRC].&[HUACA-MARISCAL SUCRE],HUACA-MARISCAL SUCRE,10249
[DIVADM].[DESC_CIRC].&[HUAMBI],HUAMBI,2793
[DIVADM].[DESC_CIRC].&[HUAMBOYA-CHIGUAZA-],HUAMBOYA-CHIGUAZA-,15850
[DIVADM].[DESC_CIRC].&[HUAQUILLAS],HUAQUILLAS,81439
[DIVADM].[DESC_CIRC].&[HUASAGA (CAB EN WAMPUIK)-TUUTINENTZA-PUMPUENTSA],HUASAGA (CAB EN WAMPUIK)-TUUTINENTZA-PUMPUENTSA,561
[DIVADM].[DESC_CIRC].&[ILAPO-SAN JOSE DE CHAZO-VALPARAISO-SANTA FE DE GALAN],ILAPO-SAN JOSE DE CHAZO-VALPARAISO-SANTA FE DE GALAN,1261
[DIVADM].[DESC_CIRC].&[IMANTAG],IMANTAG,2597
[DIVADM].[DESC_CIRC].&[IMBANA (LA VICTORIA DE IMBANA)],IMBANA (LA VICTORIA DE IMBANA),184
[DIVADM].[DESC_CIRC].&[IMBAYA (SAN LUIS DE COBUENDO)-SAN JOSE DE CHALTURA-SAN FCO. DE NATABUELA],IMBAYA (SAN LUIS DE COBUENDO)-SAN JOSE DE CHALTURA-SAN FCO. DE NATABUELA,14170
[DIVADM].[DESC_CIRC].&[INES ARANGO],INES ARANGO,363
[DIVADM].[DESC_CIRC].&[IÑAQUITO],IÑAQUITO,234773
[DIVADM].[DESC_CIRC].&[ISIDRO AYORA],ISIDRO AYORA,10928
[DIVADM].[DESC_CIRC].&[ISINLIVI],ISINLIVI,498
[DIVADM].[DESC_CIRC].&[ISLA DE BEJUCAL],ISLA DE BEJUCAL,6228
"[DIVADM].[DESC_CIRC].&[ISLA FERNANDINA ""NARBOROUGH""]","ISLA FERNANDINA ""NARBOROUGH""",300
[DIVADM].[DESC_CIRC].&[ISLA PINZON],ISLA PINZON,3104
[DIVADM].[DESC_CIRC].&[ITCHIMBIA],ITCHIMBIA,151916
[DIVADM].[DESC_CIRC].&[IZAMBA],IZAMBA,28007
[DIVADM].[DESC_CIRC].&[JADAN],JADAN,1411
[DIVADM].[DESC_CIRC].&[JAMA],JAMA,6591
[DIVADM].[DESC_CIRC].&[JAMBELI],JAMBELI,1518
[DIVADM].[DESC_CIRC].&[JARAMIJO],JARAMIJO,21233
[DIVADM].[DESC_CIRC].&[JERUSALEN],JERUSALEN,475
[DIVADM].[DESC_CIRC].&[JIMA (GIMA)],JIMA (GIMA),1057
[DIVADM].[DESC_CIRC].&[JIMBILLA],JIMBILLA,326
[DIVADM].[DESC_CIRC].&[JIMBURA-BELLAVISTA],JIMBURA-BELLAVISTA,1406
[DIVADM].[DESC_CIRC].&[JIPIJAPA],JIPIJAPA,133263
[DIVADM].[DESC_CIRC].&[JOSE LUIS TAMAYO (MUEY)],JOSE LUIS TAMAYO (MUEY),23531
[DIVADM].[DESC_CIRC].&[JOSEGUANGO BAJO-ALAQUES (ALAQUEZ)],JOSEGUANGO BAJO-ALAQUES (ALAQUEZ),6237
[DIVADM].[DESC_CIRC].&[JUAN BAUTISTA AGUIRRE (LOS TINTOS)],JUAN BAUTISTA AGUIRRE (LOS TINTOS),4573
[DIVADM].[DESC_CIRC].&[JUAN DE VELASCO (PANGOR)-CAÑI],JUAN DE VELASCO (PANGOR)-CAÑI,950
[DIVADM].[DESC_CIRC].&[JUAN MONTALVO (SAN IGNACIO DE QUIL)-MIRA (CHONTAHUASI)],JUAN MONTALVO (SAN IGNACIO DE QUIL)-MIRA (CHONTAHUASI),8124
[DIVADM].[DESC_CIRC].&[JULIO ANDRADE (OREJUELA)-EL CARMELO (EL PUN)],JULIO ANDRADE (OREJUELA)-EL CARMELO (EL PUN),17655
[DIVADM].[DESC_CIRC].&[JUNIN],JUNIN,8498
[DIVADM].[DESC_CIRC].&[JUNQUILLAL],JUNQUILLAL,2838
[DIVADM].[DESC_CIRC].&[KENNEDY],KENNEDY,145602
[DIVADM].[DESC_CIRC].&[LA ARGELIA],LA ARGELIA,93416
[DIVADM].[DESC_CIRC].&[LA BOCANA-SARACAY-PIEDRAS],LA BOCANA-SARACAY-PIEDRAS,3358
[DIVADM].[DESC_CIRC].&[LA CONCORDIA],LA CONCORDIA,74810
[DIVADM].[DESC_CIRC].&[LA ECUATORIANA],LA ECUATORIANA,106554
[DIVADM].[DESC_CIRC].&[LA ESPERANZA],LA ESPERANZA,11378
[DIVADM].[DESC_CIRC].&[LA FERROVIARIA],LA FERROVIARIA,95816
[DIVADM].[DESC_CIRC].&[LA IBERIA],LA IBERIA,5601
[DIVADM].[DESC_CIRC].&[LA JOYA DE LOS SACHAS],LA JOYA DE LOS SACHAS,22289
[DIVADM].[DESC_CIRC].&[LA LIBERTAD],LA LIBERTAD,175712
[DIVADM].[DESC_CIRC].&[LA LIBERTAD-LA VICTORIA],LA LIBERTAD-LA VICTORIA,1871
[DIVADM].[DESC_CIRC].&[LA MAGDALENA],LA MAGDALENA,128008
[DIVADM].[DESC_CIRC].&[LA MANA],LA MANA,50996
[DIVADM].[DESC_CIRC].&[LA MARISCAL],LA MARISCAL,144987
[DIVADM].[DESC_CIRC].&[LA MENA],LA MENA,92606
[DIVADM].[DESC_CIRC].&[LA MERCED],LA MERCED,8043
[DIVADM].[DESC_CIRC].&[LA MERCED DE BUENOS AIRES],LA MERCED DE BUENOS AIRES,478
[DIVADM].[DESC_CIRC].&[LA PAZ],LA PAZ,5349
[DIVADM].[DESC_CIRC].&[LA PILA],LA PILA,1669
[DIVADM].[DESC_CIRC].&[LA TINGUE],LA TINGUE,220
[DIVADM].[DESC_CIRC].&[LA TOLA-PAMPANAL DE BOLIVAR-VALDEZ (LIMONES)],LA TOLA-PAMPANAL DE BOLIVAR-VALDEZ (LIMONES),7791
[DIVADM].[DESC_CIRC].&[LA TRONCAL],LA TRONCAL,69222
[DIVADM].[DESC_CIRC].&[LA UNION],LA UNION,30250
[DIVADM].[DESC_CIRC].&[LA UNION-AMERICA],LA UNION-AMERICA,651
[DIVADM].[DESC_CIRC].&[LA VICTORIA],LA VICTORIA,2149
[DIVADM].[DESC_CIRC].&[LA VICTORIA (ÑAUZA)],LA VICTORIA (ÑAUZA),1284
[DIVADM].[DESC_CIRC].&[LA VICTORIA-SABIANGO (LA CAPILLA)],LA VICTORIA-SABIANGO (LA CAPILLA),1134
[DIVADM].[DESC_CIRC].&[LARAMA],LARAMA,462
[DIVADM].[DESC_CIRC].&[LAS GOLONDRINAS],LAS GOLONDRINAS,2533
[DIVADM].[DESC_CIRC].&[LAS NAVES],LAS NAVES,12413
[DIVADM].[DESC_CIRC].&[LASCANO],LASCANO,579
[DIVADM].[DESC_CIRC].&[LATACUNGA],LATACUNGA,208729
[DIVADM].[DESC_CIRC].&[LAURO GUERRERO-COSANGA],LAURO GUERRERO-COSANGA,1156
[DIVADM].[DESC_CIRC].&[LICAN],LICAN,12257
[DIVADM].[DESC_CIRC].&[LICTO-PUNGALA],LICTO-PUNGALA,4208
[DIVADM].[DESC_CIRC].&[LIMONAL-LAUREL],LIMONAL-LAUREL,14459
[DIVADM].[DESC_CIRC].&[LIMONES],LIMONES,136
[DIVADM].[DESC_CIRC].&[LINARES-SARDINAS],LINARES-SARDINAS,332
[DIVADM].[DESC_CIRC].&[LITA],LITA,4252
[DIVADM].[DESC_CIRC].&[LLANO CHICO],LLANO CHICO,22218
[DIVADM].[DESC_CIRC].&[LLIGUA-BAÑOS DE AGUA SANTA-ULBA],LLIGUA-BAÑOS DE AGUA SANTA-ULBA,46316
[DIVADM].[DESC_CIRC].&[LLOA],LLOA,6010
[DIVADM].[DESC_CIRC].&[LOGROÑO-SHIMPIS],LOGROÑO-SHIMPIS,5798
[DIVADM].[DESC_CIRC].&[LOJA],LOJA,418303
[DIVADM].[DESC_CIRC].&[LOMAS DE SARGENTILLO],LOMAS DE SARGENTILLO,18275
[DIVADM].[DESC_CIRC].&[LORETO-AVILA (CAB EN HUIRUNO)-PUERTO MURIALDO],LORETO-AVILA (CAB EN HUIRUNO)-PUERTO MURIALDO,15066
[DIVADM].[DESC_CIRC].&[LOS ANDES-BOLIVAR],LOS ANDES-BOLIVAR,9982
[DIVADM].[DESC_CIRC].&[LOS ENCUENTROS],LOS ENCUENTROS,3970
[DIVADM].[DESC_CIRC].&[LOS LOJAS (ENRIQUE BAQUERIZO MORENO)],LOS LOJAS (ENRIQUE BAQUERIZO MORENO),11412
[DIVADM].[DESC_CIRC].&[LUDO-SAN JOSE DE RARANGA],LUDO-SAN JOSE DE RARANGA,1878
[DIVADM].[DESC_CIRC].&[LUIS CORDERO],LUIS CORDERO,2472
[DIVADM].[DESC_CIRC].&[LUIS V. TORRES (CAB. EN PLAYA DE ORO)-SELVA ALEGRE-COLON ELOY DEL MARIA-MALDONADO-TIMBIRE],LUIS V. TORRES (CAB. EN PLAYA DE ORO)-SELVA ALEGRE-COLON ELOY DEL MARIA-MALDONADO-TIMBIRE,3423
[DIVADM].[DESC_CIRC].&[LUZ DE AMERICA],LUZ DE AMERICA,13995
[DIVADM].[DESC_CIRC].&[MACARA],MACARA,17442
[DIVADM].[DESC_CIRC].&[MACAS],MACAS,107335
[DIVADM].[DESC_CIRC].&[MACHACHI],MACHACHI,75523
[DIVADM].[DESC_CIRC].&[MACHALA],MACHALA,504359
[DIVADM].[DESC_CIRC].&[MACUMA],MACUMA,1237
[DIVADM].[DESC_CIRC].&[MAGDALENA (CHAPACOTO)-ASUNCION (ASANCOTO)],MAGDALENA (CHAPACOTO)-ASUNCION (ASANCOTO),3170
[DIVADM].[DESC_CIRC].&[MALACATOS (VALLADOLID)],MALACATOS (VALLADOLID),11057
[DIVADM].[DESC_CIRC].&[MALCHINGUI-TOCACHI-LA ESPERANZA],MALCHINGUI-TOCACHI-LA ESPERANZA,9316
[DIVADM].[DESC_CIRC].&[MALDONADO-TOBAR DONOSO (LA BOCANA DE CAMUNBI)-EL CHICAL],MALDONADO-TOBAR DONOSO (LA BOCANA DE CAMUNBI)-EL CHICAL,3736
[DIVADM].[DESC_CIRC].&[MALIMPIA],MALIMPIA,2343
[DIVADM].[DESC_CIRC].&[MANGA DEL CURA],MANGA DEL CURA,2369
[DIVADM].[DESC_CIRC].&[MANGLARALTO],MANGLARALTO,28055
[DIVADM].[DESC_CIRC].&[MANTA],MANTA,296921
[DIVADM].[DESC_CIRC].&[MANUEL CORNEJO ASTORGA (TANDAPI)],MANUEL CORNEJO ASTORGA (TANDAPI),13505
[DIVADM].[DESC_CIRC].&[MANUEL J. CALLE-PANCHO NEGRO],MANUEL J. CALLE-PANCHO NEGRO,8512
[DIVADM].[DESC_CIRC].&[MARCOS ESPINEL (CHACATA)-SAN MIGUELITO-BAQUERIZO MORENO-EMILIO MARIA TERAN (RUMIPAMBA)],MARCOS ESPINEL (CHACATA)-SAN MIGUELITO-BAQUERIZO MORENO-EMILIO MARIA TERAN (RUMIPAMBA),4746
[DIVADM].[DESC_CIRC].&[MARISCAL SUCRE (HUAQUES)],MARISCAL SUCRE (HUAQUES),5862
[DIVADM].[DESC_CIRC].&[MATAJE (CAB EN SANTANDER)-SAN LORENZO-ANCON (PICHANGAL) (CAB. EN PALMA REAL)],MATAJE (CAB EN SANTANDER)-SAN LORENZO-ANCON (PICHANGAL) (CAB. EN PALMA REAL),32309
[DIVADM].[DESC_CIRC].&[MEMBRILLAL],MEMBRILLAL,839
[DIVADM].[DESC_CIRC].&[MEMBRILLO],MEMBRILLO,337
[DIVADM].[DESC_CIRC].&[MILAGRO],MILAGRO,217135
[DIVADM].[DESC_CIRC].&[MOCACHE],MOCACHE,30454
[DIVADM].[DESC_CIRC].&[MOLLETURO],MOLLETURO,6146
[DIVADM].[DESC_CIRC].&[MONTALVO],MONTALVO,36233
[DIVADM].[DESC_CIRC].&[MONTALVO (ANDOAS)],MONTALVO (ANDOAS),1214
[DIVADM].[DESC_CIRC].&[MONTALVO (CAB EN HORQUETA)-LAGARTO-ROCAFUERTE],MONTALVO (CAB EN HORQUETA)-LAGARTO-ROCAFUERTE,7582
[DIVADM].[DESC_CIRC].&[MONTALVO-HUACHI GRANDE],MONTALVO-HUACHI GRANDE,29484
[DIVADM].[DESC_CIRC].&[MONTECRISTI],MONTECRISTI,58972
[DIVADM].[DESC_CIRC].&[MORALES-CURTINCAPA],MORALES-CURTINCAPA,441
[DIVADM].[DESC_CIRC].&[MORASPUNGO],MORASPUNGO,6246
[DIVADM].[DESC_CIRC].&[MOROMORO (CAB. EN EL VADO)],MOROMORO (CAB. EN EL VADO),1067
[DIVADM].[DESC_CIRC].&[MORRO],MORRO,5153
[DIVADM].[DESC_CIRC].&[MULALILLO-PANSALEO-ANTONIO JOSE HOLGUIN (SANTA LUCIA)],MULALILLO-PANSALEO-ANTONIO JOSE HOLGUIN (SANTA LUCIA),13389
[DIVADM].[DESC_CIRC].&[MULALO],MULALO,9513
[DIVADM].[DESC_CIRC].&[MULLIQUINDIL (SANTA ANA)],MULLIQUINDIL (SANTA ANA),2264
[DIVADM].[DESC_CIRC].&[MULTITUD-SIBAMBE-HUIGRA-PISTISHI (NARIZ DEL DIABLO)],MULTITUD-SIBAMBE-HUIGRA-PISTISHI (NARIZ DEL DIABLO),3846
[DIVADM].[DESC_CIRC].&[NABON-COCHAPATA],NABON-COCHAPATA,7977
[DIVADM].[DESC_CIRC].&[NAMBACOLA-PURUNUMA (EGUIGUREN)],NAMBACOLA-PURUNUMA (EGUIGUREN),2587
[DIVADM].[DESC_CIRC].&[NANEGAL],NANEGAL,1374
[DIVADM].[DESC_CIRC].&[NANEGALITO],NANEGALITO,8135
[DIVADM].[DESC_CIRC].&[NARANJAL],NARANJAL,65999
[DIVADM].[DESC_CIRC].&[NARANJITO],NARANJITO,46749
[DIVADM].[DESC_CIRC].&[NARCISA DE JESUS],NARCISA DE JESUS,29779
[DIVADM].[DESC_CIRC].&[NAYON],NAYON,21588
[DIVADM].[DESC_CIRC].&[NAZON (CAB. EN PAMPA DE DOMINGUEZ)],NAZON (CAB. EN PAMPA DE DOMINGUEZ),1025
[DIVADM].[DESC_CIRC].&[NOBOA],NOBOA,727
[DIVADM].[DESC_CIRC].&[NONO],NONO,3825
[DIVADM].[DESC_CIRC].&[NUEVA LOJA],NUEVA LOJA,184989
[DIVADM].[DESC_CIRC].&[NUEVO PARAISO],NUEVO PARAISO,196
[DIVADM].[DESC_CIRC].&[NUEVO PARAISO-SAN JOSE DE GUAYUSA],NUEVO PARAISO-SAN JOSE DE GUAYUSA,3210
[DIVADM].[DESC_CIRC].&[NUEVO QUITO],NUEVO QUITO,178
[DIVADM].[DESC_CIRC].&[NUEVO ROCAFUERTE-TIPUTINI-YASUNI],NUEVO ROCAFUERTE-TIPUTINI-YASUNI,500
[DIVADM].[DESC_CIRC].&[OCTAVIO CORDERO PALACIOS (STA. ROSA)-SIDCAY],OCTAVIO CORDERO PALACIOS (STA. ROSA)-SIDCAY,3796
[DIVADM].[DESC_CIRC].&[OLMEDO],OLMEDO,5204
[DIVADM].[DESC_CIRC].&[OLMEDO (PECILLO)],OLMEDO (PECILLO),1680
[DIVADM].[DESC_CIRC].&[ORIANGA],ORIANGA,354
[DIVADM].[DESC_CIRC].&[OTAVALO],OTAVALO,97831
[DIVADM].[DESC_CIRC].&[OTON-SANTA ROSA DE CUZUBAMBA-ASCAZUBI],OTON-SANTA ROSA DE CUZUBAMBA-ASCAZUBI,11328
[DIVADM].[DESC_CIRC].&[OYACACHI],OYACACHI,62
[DIVADM].[DESC_CIRC].&[PABLO ARENAS-CAHUASQUI],PABLO ARENAS-CAHUASQUI,1975
[DIVADM].[DESC_CIRC].&[PABLO SEXTO],PABLO SEXTO,4527
[DIVADM].[DESC_CIRC].&[PACCHA-NULTI],PACCHA-NULTI,15845
[DIVADM].[DESC_CIRC].&[PACHICUTZA-EL PANGUI-EL GUISME],PACHICUTZA-EL PANGUI-EL GUISME,14859
[DIVADM].[DESC_CIRC].&[PACTO],PACTO,2181
[DIVADM].[DESC_CIRC].&[PAJAN],PAJAN,6590
[DIVADM].[DESC_CIRC].&[PALANDA-VALLADOLID],PALANDA-VALLADOLID,6088
[DIVADM].[DESC_CIRC].&[PALENQUE],PALENQUE,9007
[DIVADM].[DESC_CIRC].&[PALESTINA],PALESTINA,11737
[DIVADM].[DESC_CIRC].&[PALETILLAS],PALETILLAS,596
[DIVADM].[DESC_CIRC].&[PALLATANGA],PALLATANGA,11062
[DIVADM].[DESC_CIRC].&[PALMALES],PALMALES,1937
[DIVADM].[DESC_CIRC].&[PALMIRA],PALMIRA,2920
[DIVADM].[DESC_CIRC].&[PALO QUEMADO-LAS PAMPAS],PALO QUEMADO-LAS PAMPAS,713
[DIVADM].[DESC_CIRC].&[PALORA (METZERA)-CUMANDA (CAB EN COLONIA AGRICOLA SEVILLA-16 DE AGOSTO],PALORA (METZERA)-CUMANDA (CAB EN COLONIA AGRICOLA SEVILLA-16 DE AGOSTO,12751
[DIVADM].[DESC_CIRC].&[PAÑACOCHA],PAÑACOCHA,76
[DIVADM].[DESC_CIRC].&[PAQUISHA-BELLAVISTA],PAQUISHA-BELLAVISTA,5326
[DIVADM].[DESC_CIRC].&[PASAJE],PASAJE,98121
[DIVADM].[DESC_CIRC].&[PASA-SAN FERNANDO (PASA SAN FERNANDO)],PASA-SAN FERNANDO (PASA SAN FERNANDO),4555
[DIVADM].[DESC_CIRC].&[PATAQUI],PATAQUI,78
[DIVADM].[DESC_CIRC].&[PATRICIA PILAR],PATRICIA PILAR,15786
[DIVADM].[DESC_CIRC].&[PEDERNALES],PEDERNALES,37653
[DIVADM].[DESC_CIRC].&[PEDRO CARBO],PEDRO CARBO,41484
[DIVADM].[DESC_CIRC].&[PEDRO PABLO GOMEZ],PEDRO PABLO GOMEZ,738
[DIVADM].[DESC_CIRC].&[PEDRO VICENTE MALDONADO],PEDRO VICENTE MALDONADO,9786
[DIVADM].[DESC_CIRC].&[PELILEO],PELILEO,39887
[DIVADM].[DESC_CIRC].&[PICAIGUA-TOTORAS],PICAIGUA-TOTORAS,24944
[DIVADM].[DESC_CIRC].&[PICHINCHA],PICHINCHA,5571
[DIVADM].[DESC_CIRC].&[PIFO],PIFO,35460
[DIVADM].[DESC_CIRC].&[PILAGUIN (PILAHUIN)-JUAN BENIGNO VELA],PILAGUIN (PILAHUIN)-JUAN BENIGNO VELA,8880
[DIVADM].[DESC_CIRC].&[PILALO],PILALO,947
[DIVADM].[DESC_CIRC].&[PILLARO],PILLARO,26789
[DIVADM].[DESC_CIRC].&[PIMOCHA],PIMOCHA,19055
[DIVADM].[DESC_CIRC].&[PINDAL],PINDAL,4489
[DIVADM].[DESC_CIRC].&[PINDILIG-RIVERA-TADAY],PINDILIG-RIVERA-TADAY,1129
[DIVADM].[DESC_CIRC].&[PINGUILI-MOCHA],PINGUILI-MOCHA,8137
[DIVADM].[DESC_CIRC].&[PINLLOPATA],PINLLOPATA,87
[DIVADM].[DESC_CIRC].&[PINTAG],PINTAG,21729
[DIVADM].[DESC_CIRC].&[PIOTER-SANTA MARTHA DE CUBA],PIOTER-SANTA MARTHA DE CUBA,2474
[DIVADM].[DESC_CIRC].&[POALO-11 DE NOVIEMBRE (ILINCHISI)],POALO-11 DE NOVIEMBRE (ILINCHISI),7010
[DIVADM].[DESC_CIRC].&[POMASQUI],POMASQUI,51986
[DIVADM].[DESC_CIRC].&[PONCEANO],PONCEANO,125269
[DIVADM].[DESC_CIRC].&[PORTOVELO],PORTOVELO,18245
[DIVADM].[DESC_CIRC].&[PORTOVIEJO],PORTOVIEJO,310597
[DIVADM].[DESC_CIRC].&[POSORJA],POSORJA,22215
[DIVADM].[DESC_CIRC].&[POZUL (SAN JUAN DE POZUL)-SABANILLA-TNTE. MAXIMILIANO RODRIGUEZ LOAIZA-CRUZPAMBA (CAB EN CARLOS BUS*],POZUL (SAN JUAN DE POZUL)-SABANILLA-TNTE. MAXIMILIANO RODRIGUEZ LOAIZA-CRUZPAMBA (CAB EN CARLOS BUS*,2742
[DIVADM].[DESC_CIRC].&[PROGRESO],PROGRESO,3611
[DIVADM].[DESC_CIRC].&[PROGRESO-GUAYAQUIL - AREA DE EXPANSIÓN],PROGRESO-GUAYAQUIL - AREA DE EXPANSIÓN,59391
[DIVADM].[DESC_CIRC].&[PUCARA],PUCARA,4326
[DIVADM].[DESC_CIRC].&[PUCAYACU-GUASAGANDA (CAB. EN GUASAGANDA CENTRO)],PUCAYACU-GUASAGANDA (CAB. EN GUASAGANDA CENTRO),2885
[DIVADM].[DESC_CIRC].&[PUEBLOVIEJO],PUEBLOVIEJO,25046
[DIVADM].[DESC_CIRC].&[PUELA-EL ALTAR-SAN ANTONIO DE BAYUSHIG-LA CANDELARIA-BILBAO (CAB. EN QUILLUYACU) PANIPE-MATUS],PUELA-EL ALTAR-SAN ANTONIO DE BAYUSHIG-LA CANDELARIA-BILBAO (CAB. EN QUILLUYACU) PANIPE-MATUS,6142
[DIVADM].[DESC_CIRC].&[PUELLARO],PUELLARO,1771
[DIVADM].[DESC_CIRC].&[PUEMBO],PUEMBO,24450
[DIVADM].[DESC_CIRC].&[PUENGASI],PUENGASI,102328
[DIVADM].[DESC_CIRC].&[PUERTO AYORA],PUERTO AYORA,26586
[DIVADM].[DESC_CIRC].&[PUERTO BOLIVAR (PUERTO MONTUFAR)-PUERTO EL CARMEN DEL PUTUMAYO],PUERTO BOLIVAR (PUERTO MONTUFAR)-PUERTO EL CARMEN DEL PUTUMAYO,8167
[DIVADM].[DESC_CIRC].&[PUERTO DE CAYO],PUERTO DE CAYO,2990
[DIVADM].[DESC_CIRC].&[PUERTO FRANCISCO DE ORELLANA (COCA)],PUERTO FRANCISCO DE ORELLANA (COCA),143573
[DIVADM].[DESC_CIRC].&[PUERTO LIBRE-GONZALO PIZARRO-LUMBAQUI-EL REVENTADOR],PUERTO LIBRE-GONZALO PIZARRO-LUMBAQUI-EL REVENTADOR,15083
[DIVADM].[DESC_CIRC].&[PUERTO LIMON],PUERTO LIMON,7704
[DIVADM].[DESC_CIRC].&[PUERTO LOPEZ-MACHALILLA-SALANGO],PUERTO LOPEZ-MACHALILLA-SALANGO,11728
[DIVADM].[DESC_CIRC].&[PUERTO NAPO-PUERTO MISAHUALLI],PUERTO NAPO-PUERTO MISAHUALLI,5303
[DIVADM].[DESC_CIRC].&[PUERTO PECHICHE],PUERTO PECHICHE,2045
[DIVADM].[DESC_CIRC].&[PUERTO QUITO],PUERTO QUITO,12211
[DIVADM].[DESC_CIRC].&[PUERTO RODRIGUEZ],PUERTO RODRIGUEZ,24
[DIVADM].[DESC_CIRC].&[PUERTO VILLAMIL],PUERTO VILLAMIL,7311
[DIVADM].[DESC_CIRC].&[PUJILI],PUJILI,37182
[DIVADM].[DESC_CIRC].&[PUNA],PUNA,4410
[DIVADM].[DESC_CIRC].&[PUNIN-FLORES],PUNIN-FLORES,2393
[DIVADM].[DESC_CIRC].&[PUYO],PUYO,116734
[DIVADM].[DESC_CIRC].&[QUERO],QUERO,10821
[DIVADM].[DESC_CIRC].&[QUEVEDO],QUEVEDO,276422
[DIVADM].[DESC_CIRC].&[QUINARA-YANGANA (ARSENIO CASTILLO)],QUINARA-YANGANA (ARSENIO CASTILLO),1276
[DIVADM].[DESC_CIRC].&[QUINGEO],QUINGEO,3958
[DIVADM].[DESC_CIRC].&[QUINSALOMA],QUINSALOMA,14313
[DIVADM].[DESC_CIRC].&[QUIROGA],QUIROGA,6509
[DIVADM].[DESC_CIRC].&[QUISAPINCHA (QUIZAPINCHA)],QUISAPINCHA (QUIZAPINCHA),3581
[DIVADM].[DESC_CIRC].&[QUITUMBE],QUITUMBE,180242
[DIVADM].[DESC_CIRC].&[RAMON CAMPAÑA],RAMON CAMPAÑA,290
[DIVADM].[DESC_CIRC].&[RICAURTE],RICAURTE,20665
[DIVADM].[DESC_CIRC].&[RICAURTE-LLACAO],RICAURTE-LLACAO,35419
[DIVADM].[DESC_CIRC].&[RIO BLANCO],RIO BLANCO,4539
[DIVADM].[DESC_CIRC].&[RIO BONITO],RIO BONITO,8801
[DIVADM].[DESC_CIRC].&[RIO CORRIENTES],RIO CORRIENTES,15
[DIVADM].[DESC_CIRC].&[RIO TIGRE],RIO TIGRE,75
[DIVADM].[DESC_CIRC].&[RIO VERDE-RIO NEGRO],RIO VERDE-RIO NEGRO,3774
[DIVADM].[DESC_CIRC].&[RIOBAMBA],RIOBAMBA,453392
[DIVADM].[DESC_CIRC].&[RIOCHICO (RIO CHICO)-PUEBLO NUEVO],RIOCHICO (RIO CHICO)-PUEBLO NUEVO,7276
[DIVADM].[DESC_CIRC].&[ROBERTO ASTUDILLO (CAB EN CRUCE DE VENCI],ROBERTO ASTUDILLO (CAB EN CRUCE DE VENCI,6355
[DIVADM].[DESC_CIRC].&[ROCAFUERTE],ROCAFUERTE,23846
[DIVADM].[DESC_CIRC].&[ROSA ZARATE (QUININDE)],ROSA ZARATE (QUININDE),62118
[DIVADM].[DESC_CIRC].&[RUMIPAMBA],RUMIPAMBA,86419
[DIVADM].[DESC_CIRC].&[RUMIPAMBA-COTOGCHOA],RUMIPAMBA-COTOGCHOA,8909
[DIVADM].[DESC_CIRC].&[RUMIPAMBA-ENOKANQUI (CAB. EN EL PARAISO)-LAGO SAN PEDRO-TRES DE NOVIEMBRE],RUMIPAMBA-ENOKANQUI (CAB. EN EL PARAISO)-LAGO SAN PEDRO-TRES DE NOVIEMBRE,10756
[DIVADM].[DESC_CIRC].&[SABANILLA],SABANILLA,5631
[DIVADM].[DESC_CIRC].&[SACAPALCA-CHANGAIMINA (LA LIBERTAD)],SACAPALCA-CHANGAIMINA (LA LIBERTAD),1884
[DIVADM].[DESC_CIRC].&[SALASACA-BENITEZ (PACHANLICA)-EL ROSARIO (RUMICHACA)],SALASACA-BENITEZ (PACHANLICA)-EL ROSARIO (RUMICHACA),7381
[DIVADM].[DESC_CIRC].&[SALATI],SALATI,409
[DIVADM].[DESC_CIRC].&[SALIMA-SAN JOSE DE CHAMANGA],SALIMA-SAN JOSE DE CHAMANGA,3269
[DIVADM].[DESC_CIRC].&[SALINAS],SALINAS,77377
[DIVADM].[DESC_CIRC].&[SAMBORONDON],SAMBORONDON,97028
[DIVADM].[DESC_CIRC].&[SAN ANDRES],SAN ANDRES,87
[DIVADM].[DESC_CIRC].&[SAN ANDRES-SAN ISIDRO DE PATULU],SAN ANDRES-SAN ISIDRO DE PATULU,13319
[DIVADM].[DESC_CIRC].&[SAN ANTONIO],SAN ANTONIO,99321
[DIVADM].[DESC_CIRC].&[SAN ANTONIO (CAB EN SAN ANTONIO CENTRO)-GRAL. LEONIDAS PLAZA GUTIERREZ],SAN ANTONIO (CAB EN SAN ANTONIO CENTRO)-GRAL. LEONIDAS PLAZA GUTIERREZ,8095
[DIVADM].[DESC_CIRC].&[SAN ANTONIO DE LAS ARADAS (CAB)-QUILANGA-FUNDOCHAMBA],SAN ANTONIO DE LAS ARADAS (CAB)-QUILANGA-FUNDOCHAMBA,4761
[DIVADM].[DESC_CIRC].&[SAN ANTONIO DE QUMBE (CUMBE)-EL TABLON-URDANETA (PAQUISHAPA)],SAN ANTONIO DE QUMBE (CUMBE)-EL TABLON-URDANETA (PAQUISHAPA),2200
[DIVADM].[DESC_CIRC].&[SAN BARTOLO],SAN BARTOLO,130672
[DIVADM].[DESC_CIRC].&[SAN BARTOLOME-GUEL-SIGSIG-CUCHIL (CUTCHIL)],SAN BARTOLOME-GUEL-SIGSIG-CUCHIL (CUTCHIL),13265
[DIVADM].[DESC_CIRC].&[SAN CARLOS],SAN CARLOS,25017
[DIVADM].[DESC_CIRC].&[SAN CARLOS-SAN SEBASTIAN DEL COCA],SAN CARLOS-SAN SEBASTIAN DEL COCA,3447
[DIVADM].[DESC_CIRC].&[SAN CRISTOBAL (CARLOS ORDOÑEZ LAZO)-CHICAN (GUILLERMO ORTEGA)-EL CABO-PAUTE],SAN CRISTOBAL (CARLOS ORDOÑEZ LAZO)-CHICAN (GUILLERMO ORTEGA)-EL CABO-PAUTE,23872
[DIVADM].[DESC_CIRC].&[SAN FCO. DE NOVILLO (CAB EN NOVILLO)],SAN FCO. DE NOVILLO (CAB EN NOVILLO),127
[DIVADM].[DESC_CIRC].&[SAN FCO. DEL VERGEL-LA CANELA],SAN FCO. DEL VERGEL-LA CANELA,390
[DIVADM].[DESC_CIRC].&[SAN FERNANDO-CHUMBLIN],SAN FERNANDO-CHUMBLIN,1417
[DIVADM].[DESC_CIRC].&[SAN GABRIEL],SAN GABRIEL,27862
[DIVADM].[DESC_CIRC].&[SAN GREGORIO-MUISNE],SAN GREGORIO-MUISNE,15714
[DIVADM].[DESC_CIRC].&[SAN ISIDRO],SAN ISIDRO,3829
[DIVADM].[DESC_CIRC].&[SAN ISIDRO DEL INCA],SAN ISIDRO DEL INCA,59875
[DIVADM].[DESC_CIRC].&[SAN ISIDRO-GENERAL PROAÑO],SAN ISIDRO-GENERAL PROAÑO,6275
[DIVADM].[DESC_CIRC].&[SAN ISIDRO-LA LIBERTAD (ALIZO)-EL ANGEL],SAN ISIDRO-LA LIBERTAD (ALIZO)-EL ANGEL,13817
[DIVADM].[DESC_CIRC].&[SAN JACINTO],SAN JACINTO,796
[DIVADM].[DESC_CIRC].&[SAN JACINTO DE BUENA FE],SAN JACINTO DE BUENA FE,81690
[DIVADM].[DESC_CIRC].&[SAN JACINTO DE YAGUACHI],SAN JACINTO DE YAGUACHI,34050
[DIVADM].[DESC_CIRC].&[SAN JACINTO DEL BUA],SAN JACINTO DEL BUA,7288
[DIVADM].[DESC_CIRC].&[SAN JOAQUIN],SAN JOAQUIN,10893
[DIVADM].[DESC_CIRC].&[SAN JOSE DE ANCON-ATAHUALPA],SAN JOSE DE ANCON-ATAHUALPA,8836
[DIVADM].[DESC_CIRC].&[SAN JOSE DE CAYAPAS-TELEMBI-BORBON-ATAHUALPA (CAB. EN CAMARONES)],SAN JOSE DE CAYAPAS-TELEMBI-BORBON-ATAHUALPA (CAB. EN CAMARONES),10277
[DIVADM].[DESC_CIRC].&[SAN JOSE DE DAHUANO-SAN VICENTE DE HUATICOCHA],SAN JOSE DE DAHUANO-SAN VICENTE DE HUATICOCHA,1143
[DIVADM].[DESC_CIRC].&[SAN JOSE DE MINAS],SAN JOSE DE MINAS,2049
[DIVADM].[DESC_CIRC].&[SAN JOSE DE MORONA-SANTIAGO],SAN JOSE DE MORONA-SANTIAGO,4315
[DIVADM].[DESC_CIRC].&[SAN JOSE DE PAYAMINO],SAN JOSE DE PAYAMINO,403
[DIVADM].[DESC_CIRC].&[SAN JOSE DE POALO-PRESIDENTE URBINA (CHAGRAPAMBA-SAN ANDRES],SAN JOSE DE POALO-PRESIDENTE URBINA (CHAGRAPAMBA-SAN ANDRES,6120
[DIVADM].[DESC_CIRC].&[SAN JOSE DE QUICHINCHE],SAN JOSE DE QUICHINCHE,4589
[DIVADM].[DESC_CIRC].&[SAN JOSE DEL TAMBO (TAMBOPAMBA)],SAN JOSE DEL TAMBO (TAMBOPAMBA),5277
[DIVADM].[DESC_CIRC].&[SAN JOSE-SANTA CLARA],SAN JOSE-SANTA CLARA,3636
[DIVADM].[DESC_CIRC].&[SAN JUAN],SAN JUAN,172552
[DIVADM].[DESC_CIRC].&[SAN JUAN BOSCO-PANDE AZUCAR-SAN JACINTO DE WAKAMBEIS],SAN JUAN BOSCO-PANDE AZUCAR-SAN JACINTO DE WAKAMBEIS,1851
[DIVADM].[DESC_CIRC].&[SAN JUAN DE CERRO AZUL],SAN JUAN DE CERRO AZUL,107
[DIVADM].[DESC_CIRC].&[SAN JUAN DE ILUMAN-DOCTOR MIGUEL EGAS CABEZAS (PEGUCHE)],SAN JUAN DE ILUMAN-DOCTOR MIGUEL EGAS CABEZAS (PEGUCHE),10587
[DIVADM].[DESC_CIRC].&[SAN JUAN DE PASTOCALLE],SAN JUAN DE PASTOCALLE,10425
[DIVADM].[DESC_CIRC].&[SAN JUAN-CALPI],SAN JUAN-CALPI,9860
[DIVADM].[DESC_CIRC].&[SAN JUAN-SIMON BOLIVAR (CAB. EN GAÑANZOL)],SAN JUAN-SIMON BOLIVAR (CAB. EN GAÑANZOL),2818
[DIVADM].[DESC_CIRC].&[SAN LORENZO-SANTA MARIANITA (BOCA DE PACOCHE)],SAN LORENZO-SANTA MARIANITA (BOCA DE PACOCHE),3016
[DIVADM].[DESC_CIRC].&[SAN LUCAS-SANTIAGO],SAN LUCAS-SANTIAGO,2869
[DIVADM].[DESC_CIRC].&[SAN LUIS DE ARMENIA],SAN LUIS DE ARMENIA,1747
[DIVADM].[DESC_CIRC].&[SAN LUIS DE PAMBIL],SAN LUIS DE PAMBIL,12172
[DIVADM].[DESC_CIRC].&[SAN LUIS-CACHA (CAB. EN MACHANGARA)],SAN LUIS-CACHA (CAB. EN MACHANGARA),16132
[DIVADM].[DESC_CIRC].&[SAN MARTIN DE PUZHIO-LUIS GALARZA ORELLANA (CAB. EN DELEGSOL)-PRINCIPAL-CHORDELEG-LA UNION],SAN MARTIN DE PUZHIO-LUIS GALARZA ORELLANA (CAB. EN DELEGSOL)-PRINCIPAL-CHORDELEG-LA UNION,7682
[DIVADM].[DESC_CIRC].&[SAN MIGUEL],SAN MIGUEL,64263
[DIVADM].[DESC_CIRC].&[SAN MIGUEL DE CONCHAY-INDANZA],SAN MIGUEL DE CONCHAY-INDANZA,901
[DIVADM].[DESC_CIRC].&[SAN MIGUEL DE CUYES],SAN MIGUEL DE CUYES,132
[DIVADM].[DESC_CIRC].&[SAN MIGUEL DE IBARRA],SAN MIGUEL DE IBARRA,475461
[DIVADM].[DESC_CIRC].&[SAN MIGUEL DE LOS BANCOS-MINDO],SAN MIGUEL DE LOS BANCOS-MINDO,14397
[DIVADM].[DESC_CIRC].&[SAN PABLO],SAN PABLO,10031
[DIVADM].[DESC_CIRC].&[SAN PABLO (CAB EN PUEBLO NUEVO)],SAN PABLO (CAB EN PUEBLO NUEVO),185
[DIVADM].[DESC_CIRC].&[SAN PABLO (SAN PABLO DE ATENAS)],SAN PABLO (SAN PABLO DE ATENAS),4008
[DIVADM].[DESC_CIRC].&[SAN PABLO DE TENTA-EL PARAISO DE CELEN],SAN PABLO DE TENTA-EL PARAISO DE CELEN,1084
[DIVADM].[DESC_CIRC].&[SAN PEDRO DE LA BENDITA],SAN PEDRO DE LA BENDITA,3069
[DIVADM].[DESC_CIRC].&[SAN PEDRO DE LOS COFANES-SIETE DE JULIO],SAN PEDRO DE LOS COFANES-SIETE DE JULIO,7117
[DIVADM].[DESC_CIRC].&[SAN PEDRO DE SUMA],SAN PEDRO DE SUMA,1338
[DIVADM].[DESC_CIRC].&[SAN PLACIDO],SAN PLACIDO,2970
[DIVADM].[DESC_CIRC].&[SAN RAFAEL DE SHARUG],SAN RAFAEL DE SHARUG,393
[DIVADM].[DESC_CIRC].&[SAN RAFAEL-MONTE OLIVO],SAN RAFAEL-MONTE OLIVO,1037
[DIVADM].[DESC_CIRC].&[SAN ROQUE],SAN ROQUE,8830
[DIVADM].[DESC_CIRC].&[SAN ROQUE (AMBROSIO MALDONADO)-PIÑAS],SAN ROQUE (AMBROSIO MALDONADO)-PIÑAS,20967
[DIVADM].[DESC_CIRC].&[SAN ROQUE (CAB EN SAN VICENTE)-LIMONCOCHA],SAN ROQUE (CAB EN SAN VICENTE)-LIMONCOCHA,6244
[DIVADM].[DESC_CIRC].&[SAN SEBASTIAN],SAN SEBASTIAN,1085
[DIVADM].[DESC_CIRC].&[SAN SEBASTIAN DE YULUC-MANU],SAN SEBASTIAN DE YULUC-MANU,1154
[DIVADM].[DESC_CIRC].&[SAN SEBASTIAN-SAN JOSE DE CHIMBO],SAN SEBASTIAN-SAN JOSE DE CHIMBO,11571
[DIVADM].[DESC_CIRC].&[SAN VICENTE],SAN VICENTE,14217
[DIVADM].[DESC_CIRC].&[SAN VICENTE DE PUSIR-GARCIA MORENO],SAN VICENTE DE PUSIR-GARCIA MORENO,1844
[DIVADM].[DESC_CIRC].&[SANGOLQUI],SANGOLQUI,249814
[DIVADM].[DESC_CIRC].&[SANGUILLIN],SANGUILLIN,374
[DIVADM].[DESC_CIRC].&[SANTA ANA],SANTA ANA,4210
[DIVADM].[DESC_CIRC].&[SANTA ANA DE VUELTA LARGA],SANTA ANA DE VUELTA LARGA,10494
[DIVADM].[DESC_CIRC].&[SANTA BARBARA-LA BONITA-LA SOFIA-ROSA FLORIDA-EL PLAYON DE SAN FRANCISCO],SANTA BARBARA-LA BONITA-LA SOFIA-ROSA FLORIDA-EL PLAYON DE SAN FRANCISCO,992
[DIVADM].[DESC_CIRC].&[SANTA CECILIA-JAMBELI],SANTA CECILIA-JAMBELI,9451
[DIVADM].[DESC_CIRC].&[SANTA ELENA],SANTA ELENA,75245
[DIVADM].[DESC_CIRC].&[SANTA ELENA-PALMA ROJA],SANTA ELENA-PALMA ROJA,4792
[DIVADM].[DESC_CIRC].&[SANTA LUCIA],SANTA LUCIA,21309
[DIVADM].[DESC_CIRC].&[SANTA MARIA DE HUIRIRIMA-CAP. AUGUSTO RIVADENEYRA],SANTA MARIA DE HUIRIRIMA-CAP. AUGUSTO RIVADENEYRA,38
[DIVADM].[DESC_CIRC].&[SANTA MARIA DEL TOACHI],SANTA MARIA DEL TOACHI,2383
[DIVADM].[DESC_CIRC].&[SANTA ROSA],SANTA ROSA,128338
[DIVADM].[DESC_CIRC].&[SANTA ROSA DE FLANDES-JESUS MARIA],SANTA ROSA DE FLANDES-JESUS MARIA,14010
[DIVADM].[DESC_CIRC].&[SANTA ROSA DE SUCUMBIOS-SEVILLA-EL DORADO DE CASCALES],SANTA ROSA DE SUCUMBIOS-SEVILLA-EL DORADO DE CASCALES,13219
[DIVADM].[DESC_CIRC].&[SANTA TERESITA-AMALUZA],SANTA TERESITA-AMALUZA,4838
[DIVADM].[DESC_CIRC].&[SANTAFE (SANTA FE)-JULIO E. MORENO (CATANAHUAN GRANDE)-SAN SIMON (YACOTO)-SANLORENZO],SANTAFE (SANTA FE)-JULIO E. MORENO (CATANAHUAN GRANDE)-SAN SIMON (YACOTO)-SANLORENZO,12167
[DIVADM].[DESC_CIRC].&[SANTIAGO DE MENDEZ-COPAL-CHUPIANZA-SAN LUIS DE EL ACHO (CAB EN EL ACHO)],SANTIAGO DE MENDEZ-COPAL-CHUPIANZA-SAN LUIS DE EL ACHO (CAB EN EL ACHO),9011
[DIVADM].[DESC_CIRC].&[SANTIAGO DE PANANZA-SAN CARLOS DE LIMON],SANTIAGO DE PANANZA-SAN CARLOS DE LIMON,360
[DIVADM].[DESC_CIRC].&[SANTIAGO DE QUITO (CAB. EN SAN],SANTIAGO DE QUITO (CAB. EN SAN,1424
[DIVADM].[DESC_CIRC].&[SANTIAGO-SAN VICENTE],SANTIAGO-SAN VICENTE,3006
[DIVADM].[DESC_CIRC].&[SANTO DOMINGO DE LOS COLORADOS],SANTO DOMINGO DE LOS COLORADOS,677633
[DIVADM].[DESC_CIRC].&[SANTO DOMINGO DE ONZOLE-SAN FRANCISCO DE ONZOLE-ANCHAYACU],SANTO DOMINGO DE ONZOLE-SAN FRANCISCO DE ONZOLE-ANCHAYACU,305
[DIVADM].[DESC_CIRC].&[SARAGURO],SARAGURO,9601
[DIVADM].[DESC_CIRC].&[SARAYACU],SARAYACU,302
[DIVADM].[DESC_CIRC].&[SAYAUSI],SAYAUSI,13315
[DIVADM].[DESC_CIRC].&[SELVA ALEGRE (CAB. EN SAN MIGUEL DE P.)],SELVA ALEGRE (CAB. EN SAN MIGUEL DE P.),238
[DIVADM].[DESC_CIRC].&[SELVA ALEGRE-LLUZHAPA],SELVA ALEGRE-LLUZHAPA,901
[DIVADM].[DESC_CIRC].&[SEVILLA DE ORO],SEVILLA DE ORO,752
[DIVADM].[DESC_CIRC].&[SEVILLA DON BOSCO],SEVILLA DON BOSCO,22377
[DIVADM].[DESC_CIRC].&[SHELL-MADRE TIERRA-MERA],SHELL-MADRE TIERRA-MERA,22599
[DIVADM].[DESC_CIRC].&[SHUSHUFINDI],SHUSHUFINDI,42652
[DIVADM].[DESC_CIRC].&[SIGCHOS],SIGCHOS,6694
[DIVADM].[DESC_CIRC].&[SIMIATUG],SIMIATUG,2325
[DIVADM].[DESC_CIRC].&[SIMON BOLIVAR],SIMON BOLIVAR,13089
[DIVADM].[DESC_CIRC].&[SIMON BOLIVAR (JULIO MORENO)],SIMON BOLIVAR (JULIO MORENO),688
[DIVADM].[DESC_CIRC].&[SINAI],SINAI,1595
[DIVADM].[DESC_CIRC].&[SININCAY],SININCAY,15417
[DIVADM].[DESC_CIRC].&[SOLANDA],SOLANDA,175965
[DIVADM].[DESC_CIRC].&[SOZORANGA-NUEVA FATIMA],SOZORANGA-NUEVA FATIMA,1538
[DIVADM].[DESC_CIRC].&[SUA (CAB EN LA BOCANA)-TONCHIGUE],SUA (CAB EN LA BOCANA)-TONCHIGUE,13938
[DIVADM].[DESC_CIRC].&[SUCRE],SUCRE,4483
[DIVADM].[DESC_CIRC].&[SUCUA-ASUNCION-SANTA MARIANITA DE JESUS],SUCUA-ASUNCION-SANTA MARIANITA DE JESUS,32332
[DIVADM].[DESC_CIRC].&[SUMAYPAMBA],SUMAYPAMBA,266
[DIVADM].[DESC_CIRC].&[SUSCAL],SUSCAL,3212
[DIVADM].[DESC_CIRC].&[SUSUDEL-SAN FELIPE DE OÑA],SUSUDEL-SAN FELIPE DE OÑA,3269
[DIVADM].[DESC_CIRC].&[TABABELA],TABABELA,13723
[DIVADM].[DESC_CIRC].&[TABACUNDO-TUPIGACHI],TABACUNDO-TUPIGACHI,26539
[DIVADM].[DESC_CIRC].&[TABIAZO-CRNEL. CARLOS C. TORRES (CAB. EN HUELE)],TABIAZO-CRNEL. CARLOS C. TORRES (CAB. EN HUELE),1109
[DIVADM].[DESC_CIRC].&[TACAMOROS],TACAMOROS,266
[DIVADM].[DESC_CIRC].&[TACHINA-CAMARONES (CAB. EN SAN VICENTE)],TACHINA-CAMARONES (CAB. EN SAN VICENTE),11685
[DIVADM].[DESC_CIRC].&[TAISHA],TAISHA,5967
[DIVADM].[DESC_CIRC].&[TALAG-PANO],TALAG-PANO,1996
[DIVADM].[DESC_CIRC].&[TAMBILLO],TAMBILLO,127
[DIVADM].[DESC_CIRC].&[TAMBILLO-UYUMBICHO],TAMBILLO-UYUMBICHO,31377
[DIVADM].[DESC_CIRC].&[TANICUCHI],TANICUCHI,16051
[DIVADM].[DESC_CIRC].&[TARAPOA-AGUAS NEGRAS],TARAPOA-AGUAS NEGRAS,7246
[DIVADM].[DESC_CIRC].&[TARIFA],TARIFA,19785
[DIVADM].[DESC_CIRC].&[TARQUI],TARQUI,21206
[DIVADM].[DESC_CIRC].&[TAURA],TAURA,9004
[DIVADM].[DESC_CIRC].&[TAYUZA-SAN FRANCISCO DE CHINIMBIMI-PATUCA],TAYUZA-SAN FRANCISCO DE CHINIMBIMI-PATUCA,2755
[DIVADM].[DESC_CIRC].&[TELIMBELA],TELIMBELA,425
[DIVADM].[DESC_CIRC].&[TENA],TENA,74237
[DIVADM].[DESC_CIRC].&[TENDALES (CAB. EN PUERTO TENDALES)-BARBONES (SUCRE)],TENDALES (CAB. EN PUERTO TENDALES)-BARBONES (SUCRE),11979
[DIVADM].[DESC_CIRC].&[TENGUEL],TENGUEL,8029
[DIVADM].[DESC_CIRC].&[TINGO],TINGO,1416
[DIVADM].[DESC_CIRC].&[TISALEO-QUINCHICOTO],TISALEO-QUINCHICOTO,12660
[DIVADM].[DESC_CIRC].&[TIXAN],TIXAN,3016
[DIVADM].[DESC_CIRC].&[TOACASO],TOACASO,4293
[DIVADM].[DESC_CIRC].&[TONSUPA],TONSUPA,20849
[DIVADM].[DESC_CIRC].&[TORATA-LA AVANZADA-BELLAVISTA-SAN ANTONIO],TORATA-LA AVANZADA-BELLAVISTA-SAN ANTONIO,10547
[DIVADM].[DESC_CIRC].&[TOSAGUA],TOSAGUA,19763
[DIVADM].[DESC_CIRC].&[TUFIÑO],TUFIÑO,5177
[DIVADM].[DESC_CIRC].&[TULCAN],TULCAN,160009
[DIVADM].[DESC_CIRC].&[TUMBACO],TUMBACO,105353
[DIVADM].[DESC_CIRC].&[TUNDAYME],TUNDAYME,922
[DIVADM].[DESC_CIRC].&[TURI],TURI,17766
[DIVADM].[DESC_CIRC].&[TURUBAMBA],TURUBAMBA,109576
[DIVADM].[DESC_CIRC].&[TURUPAMBA-SAN FRANCISCO DE SAGEO-BIBLIAN],TURUPAMBA-SAN FRANCISCO DE SAGEO-BIBLIAN,16457
[DIVADM].[DESC_CIRC].&[TUTUPALI],TUTUPALI,73
[DIVADM].[DESC_CIRC].&[UNIÓN MILAGREÑA-POMPEYA],UNIÓN MILAGREÑA-POMPEYA,902
[DIVADM].[DESC_CIRC].&[URBINA (TAYA)],URBINA (TAYA),3612
[DIVADM].[DESC_CIRC].&[URCUQUI-SAN BLAS-TUMBABIRO],URCUQUI-SAN BLAS-TUMBABIRO,14711
[DIVADM].[DESC_CIRC].&[UTUANA-COLAISACA],UTUANA-COLAISACA,1170
[DIVADM].[DESC_CIRC].&[UZHCURRUMI],UZHCURRUMI,448
[DIVADM].[DESC_CIRC].&[VACAS GALINDO (CAB. EN SAN MIGUEL ALTO)-PEÑAHERRERA],VACAS GALINDO (CAB. EN SAN MIGUEL ALTO)-PEÑAHERRERA,705
[DIVADM].[DESC_CIRC].&[VALENCIA],VALENCIA,38943
[DIVADM].[DESC_CIRC].&[VALLE],VALLE,25000
[DIVADM].[DESC_CIRC].&[VALLE DE LA VIRGEN],VALLE DE LA VIRGEN,2189
[DIVADM].[DESC_CIRC].&[VALLE HERMOSO],VALLE HERMOSO,9531
[DIVADM].[DESC_CIRC].&[VELASCO IBARRA (CAB. EL EMPALME)],VELASCO IBARRA (CAB. EL EMPALME),61243
[DIVADM].[DESC_CIRC].&[VENTANAS],VENTANAS,79105
[DIVADM].[DESC_CIRC].&[VICHE-CHURA (CHANCAMA) (CAB. EN EL YERBERO)],VICHE-CHURA (CHANCAMA) (CAB. EN EL YERBERO),5901
[DIVADM].[DESC_CIRC].&[VICTORIA],VICTORIA,2673
[DIVADM].[DESC_CIRC].&[VILCABAMBA (VICTORIA)-SAN PEDRO DE VILCABAMBA],VILCABAMBA (VICTORIA)-SAN PEDRO DE VILCABAMBA,9866
[DIVADM].[DESC_CIRC].&[VILLA LA UNION (CAJABAMBA)],VILLA LA UNION (CAJABAMBA),10426
[DIVADM].[DESC_CIRC].&[VINCES],VINCES,58183
[DIVADM].[DESC_CIRC].&[VIRGEN DE FATIMA],VIRGEN DE FATIMA,30306
[DIVADM].[DESC_CIRC].&[VUELTA LARGA],VUELTA LARGA,3366
[DIVADM].[DESC_CIRC].&[WILFRIDO LOOR MOREIRA (MAICITO)],WILFRIDO LOOR MOREIRA (MAICITO),1363
[DIVADM].[DESC_CIRC].&[YAGUACHI VIEJO (CONE)],YAGUACHI VIEJO (CONE),7128
[DIVADM].[DESC_CIRC].&[YANAYACU - MOCHAPATA (CAB EN YANAYACU)-RUMIPAMBA],YANAYACU - MOCHAPATA (CAB EN YANAYACU)-RUMIPAMBA,2286
[DIVADM].[DESC_CIRC].&[YANTZAZA (YANZATZA)-CHICAÑA],YANTZAZA (YANZATZA)-CHICAÑA,20911
[DIVADM].[DESC_CIRC].&[YARUQUI],YARUQUI,38004
[DIVADM].[DESC_CIRC].&[YAUPI],YAUPI,236
[DIVADM].[DESC_CIRC].&[YUNGANZA (CAB EN EL ROSARIO)-STA SUSANA DE CHIVIAZA (CAB EN CHIVIAZA)],YUNGANZA (CAB EN EL ROSARIO)-STA SUSANA DE CHIVIAZA (CAB EN CHIVIAZA),1436
[DIVADM].[DESC_CIRC].&[ZAMBI-GUAYQUICHUMA],ZAMBI-GUAYQUICHUMA,710
[DIVADM].[DESC_CIRC].&[ZAMBIZA],ZAMBIZA,6677
[DIVADM].[DESC_CIRC].&[ZAMORA],ZAMORA,25127
[DIVADM].[DESC_CIRC].&[ZAPALLO],ZAPALLO,977
[DIVADM].[DESC_CIRC].&[ZAPOTAL],ZAPOTAL,20371
[DIVADM].[DESC_CIRC].&[ZAPOTILLO],ZAPOTILLO,6744
[DIVADM].[DESC_CIRC].&[ZARUMA],ZARUMA,13915
[DIVADM].[DESC_CIRC].&[ZHIDMAD],ZHIDMAD,897
[DIVADM].[DESC_CIRC].&[ZHUD-JUNCAL],ZHUD-JUNCAL,2177
[DIVADM].[DESC_CIRC].&[ZUMBA],ZUMBA,7229
[DIVADM].[DESC_CIRC].&[ZUMBAHUA],ZUMBAHUA,3489
[DIVADM].[DESC_CIRC].&[ZUMBI],ZUMBI,7252
[DIVADM].[DESC_CIRC].&[ZURMI],ZURMI,544
[DIVADM].[DESC_CIRC].&,,4347
