[DMH_INCIDENT].[IncidentNewTypeId].[IncidentNewTypeId].[MEMBER_UNIQUE_NAME],[DMH_INCIDENT].[IncidentNewTypeId].[IncidentNewTypeId].[MEMBER_CAPTION],[Measures].[SumaIncidentes]
[DMH_INCIDENT].[IncidentNewTypeId].&,,95
[DMH_INCIDENT].[IncidentNewTypeId].&[1],1,81
[DMH_INCIDENT].[IncidentNewTypeId].&[2],2,18
[DMH_INCIDENT].[IncidentNewTypeId].&[3],3,98
[DMH_INCIDENT].[IncidentNewTypeId].&[4],4,2
[DMH_INCIDENT].[IncidentNewTypeId].&[6],6,1
[DMH_INCIDENT].[IncidentNewTypeId].&[21],21,1
[DMH_INCIDENT].[IncidentNewTypeId].&[20500],20500,8832
[DMH_INCIDENT].[IncidentNewTypeId].&[20501],20501,6050
[DMH_INCIDENT].[IncidentNewTypeId].&[20502],20502,5780
[DMH_INCIDENT].[IncidentNewTypeId].&[20503],20503,2604
[DMH_INCIDENT].[IncidentNewTypeId].&[20504],20504,344
[DMH_INCIDENT].[IncidentNewTypeId].&[20505],20505,2863
[DMH_INCIDENT].[IncidentNewTypeId].&[20506],20506,768
[DMH_INCIDENT].[IncidentNewTypeId].&[20507],20507,170
[DMH_INCIDENT].[IncidentNewTypeId].&[20508],20508,991
[DMH_INCIDENT].[IncidentNewTypeId].&[20509],20509,504
[DMH_INCIDENT].[IncidentNewTypeId].&[20510],20510,1381
[DMH_INCIDENT].[IncidentNewTypeId].&[20511],20511,127910
[DMH_INCIDENT].[IncidentNewTypeId].&[20512],20512,60017
[DMH_INCIDENT].[IncidentNewTypeId].&[20513],20513,186296
[DMH_INCIDENT].[IncidentNewTypeId].&[20517],20517,2049
[DMH_INCIDENT].[IncidentNewTypeId].&[20518],20518,416
[DMH_INCIDENT].[IncidentNewTypeId].&[20519],20519,175
[DMH_INCIDENT].[IncidentNewTypeId].&[20520],20520,22
[DMH_INCIDENT].[IncidentNewTypeId].&[20521],20521,8
[DMH_INCIDENT].[IncidentNewTypeId].&[20522],20522,18
[DMH_INCIDENT].[IncidentNewTypeId].&[20523],20523,22862
[DMH_INCIDENT].[IncidentNewTypeId].&[20524],20524,24010
[DMH_INCIDENT].[IncidentNewTypeId].&[20525],20525,12776
[DMH_INCIDENT].[IncidentNewTypeId].&[20526],20526,3883
[DMH_INCIDENT].[IncidentNewTypeId].&[20527],20527,46509
[DMH_INCIDENT].[IncidentNewTypeId].&[20528],20528,13105
[DMH_INCIDENT].[IncidentNewTypeId].&[20529],20529,821
[DMH_INCIDENT].[IncidentNewTypeId].&[20530],20530,25
[DMH_INCIDENT].[IncidentNewTypeId].&[20531],20531,19688
[DMH_INCIDENT].[IncidentNewTypeId].&[20532],20532,195
[DMH_INCIDENT].[IncidentNewTypeId].&[20533],20533,7796
[DMH_INCIDENT].[IncidentNewTypeId].&[20534],20534,150
[DMH_INCIDENT].[IncidentNewTypeId].&[20535],20535,613
[DMH_INCIDENT].[IncidentNewTypeId].&[20536],20536,20529
[DMH_INCIDENT].[IncidentNewTypeId].&[20537],20537,2604
[DMH_INCIDENT].[IncidentNewTypeId].&[20538],20538,2472
[DMH_INCIDENT].[IncidentNewTypeId].&[20539],20539,5836
[DMH_INCIDENT].[IncidentNewTypeId].&[20540],20540,2491
[DMH_INCIDENT].[IncidentNewTypeId].&[20544],20544,8229
[DMH_INCIDENT].[IncidentNewTypeId].&[20545],20545,308
[DMH_INCIDENT].[IncidentNewTypeId].&[20546],20546,14691
[DMH_INCIDENT].[IncidentNewTypeId].&[20547],20547,31
[DMH_INCIDENT].[IncidentNewTypeId].&[20548],20548,1281
[DMH_INCIDENT].[IncidentNewTypeId].&[20549],20549,87
[DMH_INCIDENT].[IncidentNewTypeId].&[20550],20550,34
[DMH_INCIDENT].[IncidentNewTypeId].&[20551],20551,10
[DMH_INCIDENT].[IncidentNewTypeId].&[20552],20552,19
[DMH_INCIDENT].[IncidentNewTypeId].&[20553],20553,428
[DMH_INCIDENT].[IncidentNewTypeId].&[20555],20555,838
[DMH_INCIDENT].[IncidentNewTypeId].&[20556],20556,1374
[DMH_INCIDENT].[IncidentNewTypeId].&[20558],20558,55354
[DMH_INCIDENT].[IncidentNewTypeId].&[20559],20559,11757
[DMH_INCIDENT].[IncidentNewTypeId].&[20560],20560,193951
[DMH_INCIDENT].[IncidentNewTypeId].&[20561],20561,413243
[DMH_INCIDENT].[IncidentNewTypeId].&[20562],20562,837713
[DMH_INCIDENT].[IncidentNewTypeId].&[20563],20563,175
[DMH_INCIDENT].[IncidentNewTypeId].&[20564],20564,1019
[DMH_INCIDENT].[IncidentNewTypeId].&[20565],20565,35
[DMH_INCIDENT].[IncidentNewTypeId].&[20566],20566,24539
[DMH_INCIDENT].[IncidentNewTypeId].&[20567],20567,17123
[DMH_INCIDENT].[IncidentNewTypeId].&[20568],20568,19361
[DMH_INCIDENT].[IncidentNewTypeId].&[20569],20569,29501
[DMH_INCIDENT].[IncidentNewTypeId].&[20570],20570,2130
[DMH_INCIDENT].[IncidentNewTypeId].&[20571],20571,7354
[DMH_INCIDENT].[IncidentNewTypeId].&[20573],20573,1726
[DMH_INCIDENT].[IncidentNewTypeId].&[20575],20575,3380
[DMH_INCIDENT].[IncidentNewTypeId].&[20577],20577,95
[DMH_INCIDENT].[IncidentNewTypeId].&[20578],20578,12
[DMH_INCIDENT].[IncidentNewTypeId].&[20579],20579,101
[DMH_INCIDENT].[IncidentNewTypeId].&[20580],20580,29
[DMH_INCIDENT].[IncidentNewTypeId].&[20581],20581,298
[DMH_INCIDENT].[IncidentNewTypeId].&[20582],20582,121
[DMH_INCIDENT].[IncidentNewTypeId].&[20583],20583,51
[DMH_INCIDENT].[IncidentNewTypeId].&[20588],20588,109
[DMH_INCIDENT].[IncidentNewTypeId].&[20590],20590,1841789
[DMH_INCIDENT].[IncidentNewTypeId].&[20591],20591,2093
[DMH_INCIDENT].[IncidentNewTypeId].&[20592],20592,1143
[DMH_INCIDENT].[IncidentNewTypeId].&[20593],20593,86
[DMH_INCIDENT].[IncidentNewTypeId].&[20594],20594,5042
[DMH_INCIDENT].[IncidentNewTypeId].&[20595],20595,69
[DMH_INCIDENT].[IncidentNewTypeId].&[20596],20596,6219
[DMH_INCIDENT].[IncidentNewTypeId].&[20597],20597,1610
[DMH_INCIDENT].[IncidentNewTypeId].&[20598],20598,248
[DMH_INCIDENT].[IncidentNewTypeId].&[20599],20599,217
[DMH_INCIDENT].[IncidentNewTypeId].&[20600],20600,431
[DMH_INCIDENT].[IncidentNewTypeId].&[20601],20601,91
[DMH_INCIDENT].[IncidentNewTypeId].&[20604],20604,49201
[DMH_INCIDENT].[IncidentNewTypeId].&[20606],20606,3829
[DMH_INCIDENT].[IncidentNewTypeId].&[20607],20607,5448
[DMH_INCIDENT].[IncidentNewTypeId].&[20609],20609,52215
[DMH_INCIDENT].[IncidentNewTypeId].&[20610],20610,328
[DMH_INCIDENT].[IncidentNewTypeId].&[20614],20614,476379
[DMH_INCIDENT].[IncidentNewTypeId].&[20617],20617,1232622
[DMH_INCIDENT].[IncidentNewTypeId].&[20622],20622,36594
[DMH_INCIDENT].[IncidentNewTypeId].&[20623],20623,815
[DMH_INCIDENT].[IncidentNewTypeId].&[20625],20625,384
[DMH_INCIDENT].[IncidentNewTypeId].&[20626],20626,643
[DMH_INCIDENT].[IncidentNewTypeId].&[20627],20627,724
[DMH_INCIDENT].[IncidentNewTypeId].&[20629],20629,470
[DMH_INCIDENT].[IncidentNewTypeId].&[20631],20631,462
[DMH_INCIDENT].[IncidentNewTypeId].&[20632],20632,2698
[DMH_INCIDENT].[IncidentNewTypeId].&[20635],20635,1021
[DMH_INCIDENT].[IncidentNewTypeId].&[20636],20636,796
[DMH_INCIDENT].[IncidentNewTypeId].&[20637],20637,748
[DMH_INCIDENT].[IncidentNewTypeId].&[20639],20639,373
[DMH_INCIDENT].[IncidentNewTypeId].&[20642],20642,219604
[DMH_INCIDENT].[IncidentNewTypeId].&[20643],20643,4641
[DMH_INCIDENT].[IncidentNewTypeId].&[20644],20644,148707
[DMH_INCIDENT].[IncidentNewTypeId].&[20646],20646,433
[DMH_INCIDENT].[IncidentNewTypeId].&[20647],20647,627
[DMH_INCIDENT].[IncidentNewTypeId].&[20648],20648,38461
[DMH_INCIDENT].[IncidentNewTypeId].&[20650],20650,2273
[DMH_INCIDENT].[IncidentNewTypeId].&[20651],20651,2677
[DMH_INCIDENT].[IncidentNewTypeId].&[20652],20652,15855
[DMH_INCIDENT].[IncidentNewTypeId].&[20653],20653,24223
[DMH_INCIDENT].[IncidentNewTypeId].&[20655],20655,44787
[DMH_INCIDENT].[IncidentNewTypeId].&[20656],20656,153
[DMH_INCIDENT].[IncidentNewTypeId].&[20657],20657,41208
[DMH_INCIDENT].[IncidentNewTypeId].&[20658],20658,2357
[DMH_INCIDENT].[IncidentNewTypeId].&[20660],20660,248905
[DMH_INCIDENT].[IncidentNewTypeId].&[20662],20662,123453
[DMH_INCIDENT].[IncidentNewTypeId].&[20664],20664,45212
[DMH_INCIDENT].[IncidentNewTypeId].&[20665],20665,178087
[DMH_INCIDENT].[IncidentNewTypeId].&[20667],20667,1387
[DMH_INCIDENT].[IncidentNewTypeId].&[20668],20668,711
[DMH_INCIDENT].[IncidentNewTypeId].&[20670],20670,12
[DMH_INCIDENT].[IncidentNewTypeId].&[20671],20671,1905
[DMH_INCIDENT].[IncidentNewTypeId].&[20672],20672,10558
[DMH_INCIDENT].[IncidentNewTypeId].&[20673],20673,4390
[DMH_INCIDENT].[IncidentNewTypeId].&[20674],20674,1678
[DMH_INCIDENT].[IncidentNewTypeId].&[20675],20675,1537
[DMH_INCIDENT].[IncidentNewTypeId].&[20677],20677,257
[DMH_INCIDENT].[IncidentNewTypeId].&[20678],20678,96069
[DMH_INCIDENT].[IncidentNewTypeId].&[20679],20679,42994
[DMH_INCIDENT].[IncidentNewTypeId].&[20680],20680,8876
[DMH_INCIDENT].[IncidentNewTypeId].&[20681],20681,277
[DMH_INCIDENT].[IncidentNewTypeId].&[20682],20682,448
[DMH_INCIDENT].[IncidentNewTypeId].&[20683],20683,16
[DMH_INCIDENT].[IncidentNewTypeId].&[20686],20686,8353
[DMH_INCIDENT].[IncidentNewTypeId].&[20687],20687,54683
[DMH_INCIDENT].[IncidentNewTypeId].&[20688],20688,717355
[DMH_INCIDENT].[IncidentNewTypeId].&[20689],20689,14305
[DMH_INCIDENT].[IncidentNewTypeId].&[20690],20690,10653
[DMH_INCIDENT].[IncidentNewTypeId].&[20691],20691,146
[DMH_INCIDENT].[IncidentNewTypeId].&[20692],20692,51
[DMH_INCIDENT].[IncidentNewTypeId].&[20697],20697,95
[DMH_INCIDENT].[IncidentNewTypeId].&[20698],20698,78
[DMH_INCIDENT].[IncidentNewTypeId].&[20700],20700,3236
[DMH_INCIDENT].[IncidentNewTypeId].&[20703],20703,199427
[DMH_INCIDENT].[IncidentNewTypeId].&[20704],20704,85922
[DMH_INCIDENT].[IncidentNewTypeId].&[20705],20705,36954
[DMH_INCIDENT].[IncidentNewTypeId].&[20706],20706,9089
[DMH_INCIDENT].[IncidentNewTypeId].&[20707],20707,4238
[DMH_INCIDENT].[IncidentNewTypeId].&[20708],20708,30448
[DMH_INCIDENT].[IncidentNewTypeId].&[20709],20709,15
[DMH_INCIDENT].[IncidentNewTypeId].&[20710],20710,45
[DMH_INCIDENT].[IncidentNewTypeId].&[20711],20711,25120
[DMH_INCIDENT].[IncidentNewTypeId].&[20712],20712,7
[DMH_INCIDENT].[IncidentNewTypeId].&[20713],20713,367
[DMH_INCIDENT].[IncidentNewTypeId].&[20714],20714,283609
[DMH_INCIDENT].[IncidentNewTypeId].&[20715],20715,244068
[DMH_INCIDENT].[IncidentNewTypeId].&[20716],20716,116620
[DMH_INCIDENT].[IncidentNewTypeId].&[20717],20717,58413
[DMH_INCIDENT].[IncidentNewTypeId].&[20718],20718,32274
[DMH_INCIDENT].[IncidentNewTypeId].&[20719],20719,87474
[DMH_INCIDENT].[IncidentNewTypeId].&[20720],20720,72027
[DMH_INCIDENT].[IncidentNewTypeId].&[20721],20721,28115
[DMH_INCIDENT].[IncidentNewTypeId].&[20722],20722,37433
[DMH_INCIDENT].[IncidentNewTypeId].&[20723],20723,21882
[DMH_INCIDENT].[IncidentNewTypeId].&[20724],20724,33066
[DMH_INCIDENT].[IncidentNewTypeId].&[20725],20725,330
[DMH_INCIDENT].[IncidentNewTypeId].&[20726],20726,347
[DMH_INCIDENT].[IncidentNewTypeId].&[20727],20727,277533
[DMH_INCIDENT].[IncidentNewTypeId].&[20728],20728,24586
[DMH_INCIDENT].[IncidentNewTypeId].&[20729],20729,11676
[DMH_INCIDENT].[IncidentNewTypeId].&[20730],20730,191074
[DMH_INCIDENT].[IncidentNewTypeId].&[20731],20731,5609
[DMH_INCIDENT].[IncidentNewTypeId].&[20732],20732,146086
[DMH_INCIDENT].[IncidentNewTypeId].&[20733],20733,17787
[DMH_INCIDENT].[IncidentNewTypeId].&[20734],20734,15780
[DMH_INCIDENT].[IncidentNewTypeId].&[20735],20735,17540
[DMH_INCIDENT].[IncidentNewTypeId].&[20736],20736,69104
[DMH_INCIDENT].[IncidentNewTypeId].&[20737],20737,51363
[DMH_INCIDENT].[IncidentNewTypeId].&[20738],20738,11089
[DMH_INCIDENT].[IncidentNewTypeId].&[20739],20739,58341
[DMH_INCIDENT].[IncidentNewTypeId].&[20740],20740,60753
[DMH_INCIDENT].[IncidentNewTypeId].&[20741],20741,5585
[DMH_INCIDENT].[IncidentNewTypeId].&[20742],20742,2260
[DMH_INCIDENT].[IncidentNewTypeId].&[20743],20743,7870
[DMH_INCIDENT].[IncidentNewTypeId].&[20744],20744,9795
[DMH_INCIDENT].[IncidentNewTypeId].&[20745],20745,1424
[DMH_INCIDENT].[IncidentNewTypeId].&[20746],20746,12550
[DMH_INCIDENT].[IncidentNewTypeId].&[20747],20747,357505
[DMH_INCIDENT].[IncidentNewTypeId].&[20748],20748,77518
[DMH_INCIDENT].[IncidentNewTypeId].&[20749],20749,1300
[DMH_INCIDENT].[IncidentNewTypeId].&[20750],20750,447
[DMH_INCIDENT].[IncidentNewTypeId].&[20751],20751,1282
[DMH_INCIDENT].[IncidentNewTypeId].&[20752],20752,130944
[DMH_INCIDENT].[IncidentNewTypeId].&[20753],20753,3952
[DMH_INCIDENT].[IncidentNewTypeId].&[20754],20754,146
[DMH_INCIDENT].[IncidentNewTypeId].&[20755],20755,14450
[DMH_INCIDENT].[IncidentNewTypeId].&[20756],20756,153133
[DMH_INCIDENT].[IncidentNewTypeId].&[20757],20757,8734
[DMH_INCIDENT].[IncidentNewTypeId].&[20758],20758,762
[DMH_INCIDENT].[IncidentNewTypeId].&[20759],20759,290
[DMH_INCIDENT].[IncidentNewTypeId].&[20760],20760,10273
[DMH_INCIDENT].[IncidentNewTypeId].&[20761],20761,611
[DMH_INCIDENT].[IncidentNewTypeId].&[20762],20762,666
[DMH_INCIDENT].[IncidentNewTypeId].&[20763],20763,13053
[DMH_INCIDENT].[IncidentNewTypeId].&[20764],20764,2651
[DMH_INCIDENT].[IncidentNewTypeId].&[20765],20765,1274
[DMH_INCIDENT].[IncidentNewTypeId].&[20766],20766,5375
[DMH_INCIDENT].[IncidentNewTypeId].&[20767],20767,1998
[DMH_INCIDENT].[IncidentNewTypeId].&[20768],20768,3941
[DMH_INCIDENT].[IncidentNewTypeId].&[20769],20769,105931
[DMH_INCIDENT].[IncidentNewTypeId].&[20770],20770,574
[DMH_INCIDENT].[IncidentNewTypeId].&[20771],20771,289
[DMH_INCIDENT].[IncidentNewTypeId].&[20772],20772,12795
[DMH_INCIDENT].[IncidentNewTypeId].&[20773],20773,1217
[DMH_INCIDENT].[IncidentNewTypeId].&[20774],20774,4672
[DMH_INCIDENT].[IncidentNewTypeId].&[20775],20775,285
[DMH_INCIDENT].[IncidentNewTypeId].&[20776],20776,6754
[DMH_INCIDENT].[IncidentNewTypeId].&[20777],20777,3030
[DMH_INCIDENT].[IncidentNewTypeId].&[20778],20778,270
[DMH_INCIDENT].[IncidentNewTypeId].&[20779],20779,329
[DMH_INCIDENT].[IncidentNewTypeId].&[20780],20780,514
[DMH_INCIDENT].[IncidentNewTypeId].&[20781],20781,32
[DMH_INCIDENT].[IncidentNewTypeId].&[20782],20782,53
[DMH_INCIDENT].[IncidentNewTypeId].&[20783],20783,10770
[DMH_INCIDENT].[IncidentNewTypeId].&[20784],20784,193
[DMH_INCIDENT].[IncidentNewTypeId].&[20785],20785,258
[DMH_INCIDENT].[IncidentNewTypeId].&[20786],20786,8716
[DMH_INCIDENT].[IncidentNewTypeId].&[20787],20787,103
[DMH_INCIDENT].[IncidentNewTypeId].&[20788],20788,154
[DMH_INCIDENT].[IncidentNewTypeId].&[20789],20789,6465
[DMH_INCIDENT].[IncidentNewTypeId].&[20790],20790,153
[DMH_INCIDENT].[IncidentNewTypeId].&[20791],20791,312
[DMH_INCIDENT].[IncidentNewTypeId].&[20792],20792,1205
[DMH_INCIDENT].[IncidentNewTypeId].&[20793],20793,429
[DMH_INCIDENT].[IncidentNewTypeId].&[20794],20794,33
[DMH_INCIDENT].[IncidentNewTypeId].&[20795],20795,90
[DMH_INCIDENT].[IncidentNewTypeId].&[20796],20796,134
[DMH_INCIDENT].[IncidentNewTypeId].&[20797],20797,209
[DMH_INCIDENT].[IncidentNewTypeId].&[20798],20798,7
[DMH_INCIDENT].[IncidentNewTypeId].&[20799],20799,15
[DMH_INCIDENT].[IncidentNewTypeId].&[20800],20800,1948
[DMH_INCIDENT].[IncidentNewTypeId].&[20801],20801,136
[DMH_INCIDENT].[IncidentNewTypeId].&[20802],20802,1606
[DMH_INCIDENT].[IncidentNewTypeId].&[20803],20803,322
[DMH_INCIDENT].[IncidentNewTypeId].&[20804],20804,1685
[DMH_INCIDENT].[IncidentNewTypeId].&[20805],20805,19
[DMH_INCIDENT].[IncidentNewTypeId].&[20808],20808,51
[DMH_INCIDENT].[IncidentNewTypeId].&[20809],20809,97
[DMH_INCIDENT].[IncidentNewTypeId].&[20810],20810,14
[DMH_INCIDENT].[IncidentNewTypeId].&[20811],20811,48
[DMH_INCIDENT].[IncidentNewTypeId].&[20812],20812,8339
[DMH_INCIDENT].[IncidentNewTypeId].&[20813],20813,6686
[DMH_INCIDENT].[IncidentNewTypeId].&[20814],20814,226
[DMH_INCIDENT].[IncidentNewTypeId].&[20815],20815,642
[DMH_INCIDENT].[IncidentNewTypeId].&[20816],20816,589
[DMH_INCIDENT].[IncidentNewTypeId].&[20817],20817,595
[DMH_INCIDENT].[IncidentNewTypeId].&[20818],20818,39
[DMH_INCIDENT].[IncidentNewTypeId].&[20819],20819,79
[DMH_INCIDENT].[IncidentNewTypeId].&[20820],20820,23
[DMH_INCIDENT].[IncidentNewTypeId].&[20821],20821,1
[DMH_INCIDENT].[IncidentNewTypeId].&[20822],20822,9
[DMH_INCIDENT].[IncidentNewTypeId].&[20823],20823,26
[DMH_INCIDENT].[IncidentNewTypeId].&[20824],20824,4
[DMH_INCIDENT].[IncidentNewTypeId].&[20825],20825,10
[DMH_INCIDENT].[IncidentNewTypeId].&[20826],20826,107349
[DMH_INCIDENT].[IncidentNewTypeId].&[20827],20827,23622
[DMH_INCIDENT].[IncidentNewTypeId].&[20828],20828,3165
[DMH_INCIDENT].[IncidentNewTypeId].&[20829],20829,839
[DMH_INCIDENT].[IncidentNewTypeId].&[20830],20830,30266
[DMH_INCIDENT].[IncidentNewTypeId].&[20831],20831,20192
[DMH_INCIDENT].[IncidentNewTypeId].&[20832],20832,45742
[DMH_INCIDENT].[IncidentNewTypeId].&[20833],20833,6910
[DMH_INCIDENT].[IncidentNewTypeId].&[20834],20834,4100
[DMH_INCIDENT].[IncidentNewTypeId].&[20835],20835,26580
[DMH_INCIDENT].[IncidentNewTypeId].&[20836],20836,4522
[DMH_INCIDENT].[IncidentNewTypeId].&[20837],20837,38
[DMH_INCIDENT].[IncidentNewTypeId].&[20840],20840,37
[DMH_INCIDENT].[IncidentNewTypeId].&[20841],20841,81
[DMH_INCIDENT].[IncidentNewTypeId].&[20842],20842,17
[DMH_INCIDENT].[IncidentNewTypeId].&[20843],20843,86
[DMH_INCIDENT].[IncidentNewTypeId].&[20844],20844,16194
[DMH_INCIDENT].[IncidentNewTypeId].&[20845],20845,9087
[DMH_INCIDENT].[IncidentNewTypeId].&[20846],20846,28377
[DMH_INCIDENT].[IncidentNewTypeId].&[20847],20847,12338
[DMH_INCIDENT].[IncidentNewTypeId].&[20848],20848,1311
[DMH_INCIDENT].[IncidentNewTypeId].&[20849],20849,1476
[DMH_INCIDENT].[IncidentNewTypeId].&[20850],20850,93
[DMH_INCIDENT].[IncidentNewTypeId].&[20851],20851,70
[DMH_INCIDENT].[IncidentNewTypeId].&[20852],20852,232410
[DMH_INCIDENT].[IncidentNewTypeId].&[20853],20853,60614
[DMH_INCIDENT].[IncidentNewTypeId].&[20854],20854,266926
[DMH_INCIDENT].[IncidentNewTypeId].&[20855],20855,1295
[DMH_INCIDENT].[IncidentNewTypeId].&[20856],20856,218035
[DMH_INCIDENT].[IncidentNewTypeId].&[20857],20857,3101
[DMH_INCIDENT].[IncidentNewTypeId].&[20858],20858,465708
[DMH_INCIDENT].[IncidentNewTypeId].&[20859],20859,8794
[DMH_INCIDENT].[IncidentNewTypeId].&[20860],20860,3098
[DMH_INCIDENT].[IncidentNewTypeId].&[20861],20861,42037
[DMH_INCIDENT].[IncidentNewTypeId].&[20862],20862,191083
[DMH_INCIDENT].[IncidentNewTypeId].&[20863],20863,11131
[DMH_INCIDENT].[IncidentNewTypeId].&[20864],20864,29810
[DMH_INCIDENT].[IncidentNewTypeId].&[20865],20865,1929
[DMH_INCIDENT].[IncidentNewTypeId].&[20866],20866,829
[DMH_INCIDENT].[IncidentNewTypeId].&[20867],20867,5825
[DMH_INCIDENT].[IncidentNewTypeId].&[20868],20868,678
[DMH_INCIDENT].[IncidentNewTypeId].&[20869],20869,19243
[DMH_INCIDENT].[IncidentNewTypeId].&[20870],20870,1273
[DMH_INCIDENT].[IncidentNewTypeId].&[20871],20871,18333
[DMH_INCIDENT].[IncidentNewTypeId].&[20872],20872,3388
[DMH_INCIDENT].[IncidentNewTypeId].&[20873],20873,75248
[DMH_INCIDENT].[IncidentNewTypeId].&[20874],20874,24789
[DMH_INCIDENT].[IncidentNewTypeId].&[20875],20875,4689
[DMH_INCIDENT].[IncidentNewTypeId].&[20876],20876,151
[DMH_INCIDENT].[IncidentNewTypeId].&[20877],20877,231
[DMH_INCIDENT].[IncidentNewTypeId].&[20878],20878,2539
[DMH_INCIDENT].[IncidentNewTypeId].&[20879],20879,22848
[DMH_INCIDENT].[IncidentNewTypeId].&[20880],20880,57923
[DMH_INCIDENT].[IncidentNewTypeId].&[20881],20881,5734
[DMH_INCIDENT].[IncidentNewTypeId].&[20882],20882,41405
[DMH_INCIDENT].[IncidentNewTypeId].&[20883],20883,14912
[DMH_INCIDENT].[IncidentNewTypeId].&[20884],20884,1366
[DMH_INCIDENT].[IncidentNewTypeId].&[20885],20885,2064
[DMH_INCIDENT].[IncidentNewTypeId].&[20886],20886,28347
[DMH_INCIDENT].[IncidentNewTypeId].&[20887],20887,1069
[DMH_INCIDENT].[IncidentNewTypeId].&[20888],20888,69
[DMH_INCIDENT].[IncidentNewTypeId].&[20889],20889,1441
[DMH_INCIDENT].[IncidentNewTypeId].&[20890],20890,531
[DMH_INCIDENT].[IncidentNewTypeId].&[20891],20891,646
[DMH_INCIDENT].[IncidentNewTypeId].&[20892],20892,2083
[DMH_INCIDENT].[IncidentNewTypeId].&[20893],20893,501
[DMH_INCIDENT].[IncidentNewTypeId].&[20894],20894,5155
[DMH_INCIDENT].[IncidentNewTypeId].&[20895],20895,673
[DMH_INCIDENT].[IncidentNewTypeId].&[20896],20896,16283
[DMH_INCIDENT].[IncidentNewTypeId].&[20897],20897,31429
[DMH_INCIDENT].[IncidentNewTypeId].&[20898],20898,351
[DMH_INCIDENT].[IncidentNewTypeId].&[20899],20899,11
[DMH_INCIDENT].[IncidentNewTypeId].&[20900],20900,212
[DMH_INCIDENT].[IncidentNewTypeId].&[20901],20901,486
[DMH_INCIDENT].[IncidentNewTypeId].&[20902],20902,33
[DMH_INCIDENT].[IncidentNewTypeId].&[20903],20903,9
[DMH_INCIDENT].[IncidentNewTypeId].&[20904],20904,2218
[DMH_INCIDENT].[IncidentNewTypeId].&[20905],20905,114
[DMH_INCIDENT].[IncidentNewTypeId].&[20906],20906,84
[DMH_INCIDENT].[IncidentNewTypeId].&[20907],20907,149
[DMH_INCIDENT].[IncidentNewTypeId].&[20908],20908,4
[DMH_INCIDENT].[IncidentNewTypeId].&[20909],20909,4
[DMH_INCIDENT].[IncidentNewTypeId].&[20911],20911,2165
[DMH_INCIDENT].[IncidentNewTypeId].&[20912],20912,72
[DMH_INCIDENT].[IncidentNewTypeId].&[20913],20913,14
[DMH_INCIDENT].[IncidentNewTypeId].&[20914],20914,455
[DMH_INCIDENT].[IncidentNewTypeId].&[20918],20918,2
[DMH_INCIDENT].[IncidentNewTypeId].&[20919],20919,38056
[DMH_INCIDENT].[IncidentNewTypeId].&[20923],20923,12
[DMH_INCIDENT].[IncidentNewTypeId].&[20925],20925,537
[DMH_INCIDENT].[IncidentNewTypeId].&[20927],20927,119
[DMH_INCIDENT].[IncidentNewTypeId].&[20928],20928,26269
[DMH_INCIDENT].[IncidentNewTypeId].&[20929],20929,122
[DMH_INCIDENT].[IncidentNewTypeId].&[20930],20930,463
[DMH_INCIDENT].[IncidentNewTypeId].&[20931],20931,40
[DMH_INCIDENT].[IncidentNewTypeId].&[20932],20932,38
[DMH_INCIDENT].[IncidentNewTypeId].&[20933],20933,28
[DMH_INCIDENT].[IncidentNewTypeId].&[20934],20934,89
[DMH_INCIDENT].[IncidentNewTypeId].&[20935],20935,704
[DMH_INCIDENT].[IncidentNewTypeId].&[20936],20936,7
[DMH_INCIDENT].[IncidentNewTypeId].&[20937],20937,15
[DMH_INCIDENT].[IncidentNewTypeId].&[20938],20938,8813
[DMH_INCIDENT].[IncidentNewTypeId].&[20939],20939,1787
[DMH_INCIDENT].[IncidentNewTypeId].&[20940],20940,559
[DMH_INCIDENT].[IncidentNewTypeId].&[20941],20941,539
[DMH_INCIDENT].[IncidentNewTypeId].&[20942],20942,4
[DMH_INCIDENT].[IncidentNewTypeId].&[20943],20943,17
[DMH_INCIDENT].[IncidentNewTypeId].&[20944],20944,2
[DMH_INCIDENT].[IncidentNewTypeId].&[20945],20945,19
[DMH_INCIDENT].[IncidentNewTypeId].&[20946],20946,2
[DMH_INCIDENT].[IncidentNewTypeId].&[20947],20947,260
[DMH_INCIDENT].[IncidentNewTypeId].&[20948],20948,772
[DMH_INCIDENT].[IncidentNewTypeId].&[20949],20949,283
[DMH_INCIDENT].[IncidentNewTypeId].&[20950],20950,87
[DMH_INCIDENT].[IncidentNewTypeId].&[20951],20951,1094
[DMH_INCIDENT].[IncidentNewTypeId].&[20952],20952,10118
[DMH_INCIDENT].[IncidentNewTypeId].&[20953],20953,179
[DMH_INCIDENT].[IncidentNewTypeId].&[20954],20954,775
[DMH_INCIDENT].[IncidentNewTypeId].&[20955],20955,1248
[DMH_INCIDENT].[IncidentNewTypeId].&[20956],20956,182
[DMH_INCIDENT].[IncidentNewTypeId].&[20957],20957,518
[DMH_INCIDENT].[IncidentNewTypeId].&[20958],20958,31801
[DMH_INCIDENT].[IncidentNewTypeId].&[20959],20959,5281
[DMH_INCIDENT].[IncidentNewTypeId].&[20960],20960,44453
[DMH_INCIDENT].[IncidentNewTypeId].&[20961],20961,11239
[DMH_INCIDENT].[IncidentNewTypeId].&[20962],20962,8098
[DMH_INCIDENT].[IncidentNewTypeId].&[20963],20963,53
[DMH_INCIDENT].[IncidentNewTypeId].&[20964],20964,46
[DMH_INCIDENT].[IncidentNewTypeId].&[20965],20965,642
[DMH_INCIDENT].[IncidentNewTypeId].&[20966],20966,193
[DMH_INCIDENT].[IncidentNewTypeId].&[20967],20967,19
[DMH_INCIDENT].[IncidentNewTypeId].&[20968],20968,19
[DMH_INCIDENT].[IncidentNewTypeId].&[20969],20969,5
[DMH_INCIDENT].[IncidentNewTypeId].&[20971],20971,186
[DMH_INCIDENT].[IncidentNewTypeId].&[20972],20972,81
[DMH_INCIDENT].[IncidentNewTypeId].&[20973],20973,42
[DMH_INCIDENT].[IncidentNewTypeId].&[20974],20974,4771
[DMH_INCIDENT].[IncidentNewTypeId].&[20975],20975,62
[DMH_INCIDENT].[IncidentNewTypeId].&[20976],20976,235
[DMH_INCIDENT].[IncidentNewTypeId].&[20977],20977,649
[DMH_INCIDENT].[IncidentNewTypeId].&[20978],20978,129
[DMH_INCIDENT].[IncidentNewTypeId].&[20979],20979,301
[DMH_INCIDENT].[IncidentNewTypeId].&[20980],20980,381
[DMH_INCIDENT].[IncidentNewTypeId].&[20981],20981,37
[DMH_INCIDENT].[IncidentNewTypeId].&[20982],20982,11
[DMH_INCIDENT].[IncidentNewTypeId].&[20983],20983,4
[DMH_INCIDENT].[IncidentNewTypeId].&[20984],20984,23
[DMH_INCIDENT].[IncidentNewTypeId].&[20985],20985,43
[DMH_INCIDENT].[IncidentNewTypeId].&[20986],20986,193
[DMH_INCIDENT].[IncidentNewTypeId].&[20987],20987,262
[DMH_INCIDENT].[IncidentNewTypeId].&[20988],20988,90
[DMH_INCIDENT].[IncidentNewTypeId].&[20989],20989,169
[DMH_INCIDENT].[IncidentNewTypeId].&[20990],20990,9
[DMH_INCIDENT].[IncidentNewTypeId].&[20991],20991,219
[DMH_INCIDENT].[IncidentNewTypeId].&[20992],20992,1
[DMH_INCIDENT].[IncidentNewTypeId].&[20993],20993,3
[DMH_INCIDENT].[IncidentNewTypeId].&[20994],20994,72
[DMH_INCIDENT].[IncidentNewTypeId].&[20995],20995,1215
[DMH_INCIDENT].[IncidentNewTypeId].&[20996],20996,3068
[DMH_INCIDENT].[IncidentNewTypeId].&[20997],20997,3362
[DMH_INCIDENT].[IncidentNewTypeId].&[20998],20998,5594
[DMH_INCIDENT].[IncidentNewTypeId].&[20999],20999,7161
[DMH_INCIDENT].[IncidentNewTypeId].&[21000],21000,425
[DMH_INCIDENT].[IncidentNewTypeId].&[21001],21001,2
[DMH_INCIDENT].[IncidentNewTypeId].&[21002],21002,4
[DMH_INCIDENT].[IncidentNewTypeId].&[21003],21003,268
[DMH_INCIDENT].[IncidentNewTypeId].&[21004],21004,1895
[DMH_INCIDENT].[IncidentNewTypeId].&[21005],21005,3130
[DMH_INCIDENT].[IncidentNewTypeId].&[21006],21006,980
[DMH_INCIDENT].[IncidentNewTypeId].&[21007],21007,31
[DMH_INCIDENT].[IncidentNewTypeId].&[21008],21008,40
[DMH_INCIDENT].[IncidentNewTypeId].&[21009],21009,25556
[DMH_INCIDENT].[IncidentNewTypeId].&[21010],21010,215
[DMH_INCIDENT].[IncidentNewTypeId].&[21011],21011,11124
[DMH_INCIDENT].[IncidentNewTypeId].&[21012],21012,1033
[DMH_INCIDENT].[IncidentNewTypeId].&[21013],21013,22414
[DMH_INCIDENT].[IncidentNewTypeId].&[21014],21014,11655
[DMH_INCIDENT].[IncidentNewTypeId].&[21015],21015,9188
[DMH_INCIDENT].[IncidentNewTypeId].&[21016],21016,1459
[DMH_INCIDENT].[IncidentNewTypeId].&[21017],21017,1987
[DMH_INCIDENT].[IncidentNewTypeId].&[21018],21018,9838
[DMH_INCIDENT].[IncidentNewTypeId].&[21019],21019,161094
[DMH_INCIDENT].[IncidentNewTypeId].&[21020],21020,7374
[DMH_INCIDENT].[IncidentNewTypeId].&[21021],21021,69251
[DMH_INCIDENT].[IncidentNewTypeId].&[21022],21022,8836
[DMH_INCIDENT].[IncidentNewTypeId].&[21023],21023,589
[DMH_INCIDENT].[IncidentNewTypeId].&[21024],21024,10933
[DMH_INCIDENT].[IncidentNewTypeId].&[21025],21025,514
[DMH_INCIDENT].[IncidentNewTypeId].&[21026],21026,1429
[DMH_INCIDENT].[IncidentNewTypeId].&[21027],21027,3572
[DMH_INCIDENT].[IncidentNewTypeId].&[21028],21028,2028
[DMH_INCIDENT].[IncidentNewTypeId].&[21029],21029,1379
[DMH_INCIDENT].[IncidentNewTypeId].&[21030],21030,46118
[DMH_INCIDENT].[IncidentNewTypeId].&[21031],21031,187237
[DMH_INCIDENT].[IncidentNewTypeId].&[21032],21032,15186
[DMH_INCIDENT].[IncidentNewTypeId].&[21033],21033,54
[DMH_INCIDENT].[IncidentNewTypeId].&[21034],21034,12
[DMH_INCIDENT].[IncidentNewTypeId].&[21035],21035,314
[DMH_INCIDENT].[IncidentNewTypeId].&[21036],21036,262
[DMH_INCIDENT].[IncidentNewTypeId].&[21037],21037,185
[DMH_INCIDENT].[IncidentNewTypeId].&[21038],21038,73
[DMH_INCIDENT].[IncidentNewTypeId].&[21039],21039,1021
[DMH_INCIDENT].[IncidentNewTypeId].&[21040],21040,13703
[DMH_INCIDENT].[IncidentNewTypeId].&[21041],21041,1434
[DMH_INCIDENT].[IncidentNewTypeId].&[21042],21042,14925
[DMH_INCIDENT].[IncidentNewTypeId].&[21043],21043,26
[DMH_INCIDENT].[IncidentNewTypeId].&[21044],21044,361
[DMH_INCIDENT].[IncidentNewTypeId].&[21045],21045,73
[DMH_INCIDENT].[IncidentNewTypeId].&[21046],21046,309
[DMH_INCIDENT].[IncidentNewTypeId].&[21047],21047,53964
[DMH_INCIDENT].[IncidentNewTypeId].&[21048],21048,187
[DMH_INCIDENT].[IncidentNewTypeId].&[21049],21049,171
[DMH_INCIDENT].[IncidentNewTypeId].&[21050],21050,398
[DMH_INCIDENT].[IncidentNewTypeId].&[21051],21051,321
[DMH_INCIDENT].[IncidentNewTypeId].&[21052],21052,1270
[DMH_INCIDENT].[IncidentNewTypeId].&[21053],21053,22297
[DMH_INCIDENT].[IncidentNewTypeId].&[21054],21054,1241
[DMH_INCIDENT].[IncidentNewTypeId].&[21055],21055,54442
[DMH_INCIDENT].[IncidentNewTypeId].&[21056],21056,2852
[DMH_INCIDENT].[IncidentNewTypeId].&[21057],21057,2013
[DMH_INCIDENT].[IncidentNewTypeId].&[21058],21058,57072
[DMH_INCIDENT].[IncidentNewTypeId].&[21059],21059,13707
[DMH_INCIDENT].[IncidentNewTypeId].&[21060],21060,305
[DMH_INCIDENT].[IncidentNewTypeId].&[21061],21061,2358
[DMH_INCIDENT].[IncidentNewTypeId].&[21062],21062,20857
[DMH_INCIDENT].[IncidentNewTypeId].&[21063],21063,4025
[DMH_INCIDENT].[IncidentNewTypeId].&[21064],21064,854
[DMH_INCIDENT].[IncidentNewTypeId].&[21065],21065,301
[DMH_INCIDENT].[IncidentNewTypeId].&[21066],21066,4717
[DMH_INCIDENT].[IncidentNewTypeId].&[21067],21067,1429
[DMH_INCIDENT].[IncidentNewTypeId].&[21068],21068,240
[DMH_INCIDENT].[IncidentNewTypeId].&[21069],21069,468
[DMH_INCIDENT].[IncidentNewTypeId].&[21070],21070,654
[DMH_INCIDENT].[IncidentNewTypeId].&[21071],21071,729
[DMH_INCIDENT].[IncidentNewTypeId].&[21073],21073,1465
[DMH_INCIDENT].[IncidentNewTypeId].&[21074],21074,1822
[DMH_INCIDENT].[IncidentNewTypeId].&[21075],21075,211
[DMH_INCIDENT].[IncidentNewTypeId].&[21076],21076,269
[DMH_INCIDENT].[IncidentNewTypeId].&[21077],21077,4621
[DMH_INCIDENT].[IncidentNewTypeId].&[21078],21078,60
[DMH_INCIDENT].[IncidentNewTypeId].&[21079],21079,13433
[DMH_INCIDENT].[IncidentNewTypeId].&[21080],21080,72
[DMH_INCIDENT].[IncidentNewTypeId].&[21081],21081,72
[DMH_INCIDENT].[IncidentNewTypeId].&[21082],21082,95
[DMH_INCIDENT].[IncidentNewTypeId].&[21083],21083,1662
[DMH_INCIDENT].[IncidentNewTypeId].&[21084],21084,13584
[DMH_INCIDENT].[IncidentNewTypeId].&[21085],21085,178
[DMH_INCIDENT].[IncidentNewTypeId].&[21086],21086,1647
[DMH_INCIDENT].[IncidentNewTypeId].&[21087],21087,1192
[DMH_INCIDENT].[IncidentNewTypeId].&[21088],21088,3457
[DMH_INCIDENT].[IncidentNewTypeId].&[21089],21089,141
[DMH_INCIDENT].[IncidentNewTypeId].&[21090],21090,198
[DMH_INCIDENT].[IncidentNewTypeId].&[21091],21091,655
[DMH_INCIDENT].[IncidentNewTypeId].&[21092],21092,883
[DMH_INCIDENT].[IncidentNewTypeId].&[21093],21093,1886
[DMH_INCIDENT].[IncidentNewTypeId].&[21094],21094,354
[DMH_INCIDENT].[IncidentNewTypeId].&[21095],21095,6055
[DMH_INCIDENT].[IncidentNewTypeId].&[21096],21096,6092
[DMH_INCIDENT].[IncidentNewTypeId].&[21097],21097,406
[DMH_INCIDENT].[IncidentNewTypeId].&[21098],21098,1732
[DMH_INCIDENT].[IncidentNewTypeId].&[21099],21099,1380
[DMH_INCIDENT].[IncidentNewTypeId].&[21100],21100,1100
[DMH_INCIDENT].[IncidentNewTypeId].&[21101],21101,1738
[DMH_INCIDENT].[IncidentNewTypeId].&[21102],21102,14247
[DMH_INCIDENT].[IncidentNewTypeId].&[21103],21103,650
[DMH_INCIDENT].[IncidentNewTypeId].&[21104],21104,8618
[DMH_INCIDENT].[IncidentNewTypeId].&[21105],21105,2315
[DMH_INCIDENT].[IncidentNewTypeId].&[21106],21106,5418
[DMH_INCIDENT].[IncidentNewTypeId].&[21107],21107,86
[DMH_INCIDENT].[IncidentNewTypeId].&[21108],21108,63343
[DMH_INCIDENT].[IncidentNewTypeId].&[21109],21109,92
[DMH_INCIDENT].[IncidentNewTypeId].&[21110],21110,952
[DMH_INCIDENT].[IncidentNewTypeId].&[21111],21111,2076
[DMH_INCIDENT].[IncidentNewTypeId].&[21112],21112,11846
[DMH_INCIDENT].[IncidentNewTypeId].&[21113],21113,119
[DMH_INCIDENT].[IncidentNewTypeId].&[21115],21115,365117
[DMH_INCIDENT].[IncidentNewTypeId].&[21116],21116,861
[DMH_INCIDENT].[IncidentNewTypeId].&[21117],21117,971
[DMH_INCIDENT].[IncidentNewTypeId].&[21118],21118,2
[DMH_INCIDENT].[IncidentNewTypeId].&[21120],21120,8
[DMH_INCIDENT].[IncidentNewTypeId].&[21121],21121,10
[DMH_INCIDENT].[IncidentNewTypeId].&[21131],21131,1908
[DMH_INCIDENT].[IncidentNewTypeId].&[21132],21132,453
[DMH_INCIDENT].[IncidentNewTypeId].&[21133],21133,351
[DMH_INCIDENT].[IncidentNewTypeId].&[21134],21134,1522
[DMH_INCIDENT].[IncidentNewTypeId].&[21135],21135,2547
[DMH_INCIDENT].[IncidentNewTypeId].&[21136],21136,130
[DMH_INCIDENT].[IncidentNewTypeId].&[21137],21137,81081
[DMH_INCIDENT].[IncidentNewTypeId].&[21138],21138,4592
[DMH_INCIDENT].[IncidentNewTypeId].&[21139],21139,3041
[DMH_INCIDENT].[IncidentNewTypeId].&[21140],21140,7699
[DMH_INCIDENT].[IncidentNewTypeId].&[21141],21141,703
[DMH_INCIDENT].[IncidentNewTypeId].&[21142],21142,3846
[DMH_INCIDENT].[IncidentNewTypeId].&[21143],21143,149772
[DMH_INCIDENT].[IncidentNewTypeId].&[21144],21144,3365
[DMH_INCIDENT].[IncidentNewTypeId].&[21145],21145,678
[DMH_INCIDENT].[IncidentNewTypeId].&[21146],21146,56
[DMH_INCIDENT].[IncidentNewTypeId].&[21147],21147,21
[DMH_INCIDENT].[IncidentNewTypeId].&[21148],21148,58
[DMH_INCIDENT].[IncidentNewTypeId].&[21149],21149,2846
[DMH_INCIDENT].[IncidentNewTypeId].&[21150],21150,1287
[DMH_INCIDENT].[IncidentNewTypeId].&[21151],21151,981
[DMH_INCIDENT].[IncidentNewTypeId].&[21152],21152,148
[DMH_INCIDENT].[IncidentNewTypeId].&[21153],21153,9401
[DMH_INCIDENT].[IncidentNewTypeId].&[21154],21154,500
[DMH_INCIDENT].[IncidentNewTypeId].&[21155],21155,292
[DMH_INCIDENT].[IncidentNewTypeId].&[21156],21156,69
[DMH_INCIDENT].[IncidentNewTypeId].&[21157],21157,3022
[DMH_INCIDENT].[IncidentNewTypeId].&[21158],21158,216
[DMH_INCIDENT].[IncidentNewTypeId].&[21159],21159,26901
[DMH_INCIDENT].[IncidentNewTypeId].&[21160],21160,421
[DMH_INCIDENT].[IncidentNewTypeId].&[21161],21161,135
[DMH_INCIDENT].[IncidentNewTypeId].&[21162],21162,7518
[DMH_INCIDENT].[IncidentNewTypeId].&[21163],21163,2730
[DMH_INCIDENT].[IncidentNewTypeId].&[21164],21164,41
[DMH_INCIDENT].[IncidentNewTypeId].&[21165],21165,376
[DMH_INCIDENT].[IncidentNewTypeId].&[21166],21166,407
[DMH_INCIDENT].[IncidentNewTypeId].&[21167],21167,44721
[DMH_INCIDENT].[IncidentNewTypeId].&[21168],21168,29
[DMH_INCIDENT].[IncidentNewTypeId].&[21169],21169,23
[DMH_INCIDENT].[IncidentNewTypeId].&[21170],21170,478
[DMH_INCIDENT].[IncidentNewTypeId].&[21171],21171,3
[DMH_INCIDENT].[IncidentNewTypeId].&[21172],21172,77
[DMH_INCIDENT].[IncidentNewTypeId].&[21173],21173,8
[DMH_INCIDENT].[IncidentNewTypeId].&[21174],21174,138
[DMH_INCIDENT].[IncidentNewTypeId].&[21175],21175,40100
[DMH_INCIDENT].[IncidentNewTypeId].&[21176],21176,2399
[DMH_INCIDENT].[IncidentNewTypeId].&[21177],21177,48
[DMH_INCIDENT].[IncidentNewTypeId].&[21178],21178,150
[DMH_INCIDENT].[IncidentNewTypeId].&[21179],21179,231298
[DMH_INCIDENT].[IncidentNewTypeId].&[21180],21180,245211
[DMH_INCIDENT].[IncidentNewTypeId].&[21181],21181,428693
[DMH_INCIDENT].[IncidentNewTypeId].&[21182],21182,51
[DMH_INCIDENT].[IncidentNewTypeId].&[21183],21183,38
[DMH_INCIDENT].[IncidentNewTypeId].&[21184],21184,127
[DMH_INCIDENT].[IncidentNewTypeId].&[21185],21185,86
[DMH_INCIDENT].[IncidentNewTypeId].&[21186],21186,1907
[DMH_INCIDENT].[IncidentNewTypeId].&[21187],21187,375
[DMH_INCIDENT].[IncidentNewTypeId].&[21188],21188,13100
[DMH_INCIDENT].[IncidentNewTypeId].&[21189],21189,8801
[DMH_INCIDENT].[IncidentNewTypeId].&[21190],21190,15202
[DMH_INCIDENT].[IncidentNewTypeId].&[21191],21191,3741
[DMH_INCIDENT].[IncidentNewTypeId].&[21192],21192,325
[DMH_INCIDENT].[IncidentNewTypeId].&[21193],21193,98074
[DMH_INCIDENT].[IncidentNewTypeId].&[21194],21194,1311
[DMH_INCIDENT].[IncidentNewTypeId].&[21195],21195,5700627
[DMH_INCIDENT].[IncidentNewTypeId].&[21196],21196,189
[DMH_INCIDENT].[IncidentNewTypeId].&[21197],21197,253
[DMH_INCIDENT].[IncidentNewTypeId].&[21198],21198,562
[DMH_INCIDENT].[IncidentNewTypeId].&[21199],21199,271110
[DMH_INCIDENT].[IncidentNewTypeId].&[21200],21200,4022
[DMH_INCIDENT].[IncidentNewTypeId].&[21201],21201,40112
[DMH_INCIDENT].[IncidentNewTypeId].&[21202],21202,41
[DMH_INCIDENT].[IncidentNewTypeId].&[21203],21203,3443
[DMH_INCIDENT].[IncidentNewTypeId].&[21204],21204,232
[DMH_INCIDENT].[IncidentNewTypeId].&[21205],21205,207
[DMH_INCIDENT].[IncidentNewTypeId].&[21206],21206,24
[DMH_INCIDENT].[IncidentNewTypeId].&[21207],21207,5
[DMH_INCIDENT].[IncidentNewTypeId].&[21208],21208,9
[DMH_INCIDENT].[IncidentNewTypeId].&[21209],21209,161811
[DMH_INCIDENT].[IncidentNewTypeId].&[21210],21210,48254
[DMH_INCIDENT].[IncidentNewTypeId].&[21211],21211,4677
[DMH_INCIDENT].[IncidentNewTypeId].&[21212],21212,1387
[DMH_INCIDENT].[IncidentNewTypeId].&[21213],21213,762
[DMH_INCIDENT].[IncidentNewTypeId].&[21214],21214,180
[DMH_INCIDENT].[IncidentNewTypeId].&[21215],21215,2786
[DMH_INCIDENT].[IncidentNewTypeId].&[21216],21216,81
[DMH_INCIDENT].[IncidentNewTypeId].&[21217],21217,69
[DMH_INCIDENT].[IncidentNewTypeId].&[21218],21218,236
[DMH_INCIDENT].[IncidentNewTypeId].&[21219],21219,940
[DMH_INCIDENT].[IncidentNewTypeId].&[21220],21220,255
[DMH_INCIDENT].[IncidentNewTypeId].&[21221],21221,105
[DMH_INCIDENT].[IncidentNewTypeId].&[21222],21222,2
[DMH_INCIDENT].[IncidentNewTypeId].&[21223],21223,158
[DMH_INCIDENT].[IncidentNewTypeId].&[21224],21224,37
[DMH_INCIDENT].[IncidentNewTypeId].&[21225],21225,94
[DMH_INCIDENT].[IncidentNewTypeId].&[21226],21226,154
[DMH_INCIDENT].[IncidentNewTypeId].&[21227],21227,12
[DMH_INCIDENT].[IncidentNewTypeId].&[21228],21228,45
[DMH_INCIDENT].[IncidentNewTypeId].&[21229],21229,58
[DMH_INCIDENT].[IncidentNewTypeId].&[21230],21230,87
[DMH_INCIDENT].[IncidentNewTypeId].&[21231],21231,70
[DMH_INCIDENT].[IncidentNewTypeId].&[21232],21232,45
[DMH_INCIDENT].[IncidentNewTypeId].&[21233],21233,42
[DMH_INCIDENT].[IncidentNewTypeId].&[21234],21234,133
[DMH_INCIDENT].[IncidentNewTypeId].&[21235],21235,190
[DMH_INCIDENT].[IncidentNewTypeId].&[21236],21236,66
[DMH_INCIDENT].[IncidentNewTypeId].&[21237],21237,47
[DMH_INCIDENT].[IncidentNewTypeId].&[21238],21238,2779
[DMH_INCIDENT].[IncidentNewTypeId].&[21239],21239,9
[DMH_INCIDENT].[IncidentNewTypeId].&[21240],21240,11
[DMH_INCIDENT].[IncidentNewTypeId].&[21241],21241,30
[DMH_INCIDENT].[IncidentNewTypeId].&[21242],21242,82
[DMH_INCIDENT].[IncidentNewTypeId].&[21243],21243,38
[DMH_INCIDENT].[IncidentNewTypeId].&[21244],21244,21
[DMH_INCIDENT].[IncidentNewTypeId].&[21246],21246,52
[DMH_INCIDENT].[IncidentNewTypeId].&[21248],21248,4
[DMH_INCIDENT].[IncidentNewTypeId].&[21249],21249,26
[DMH_INCIDENT].[IncidentNewTypeId].&[21250],21250,2
[DMH_INCIDENT].[IncidentNewTypeId].&[21251],21251,14
[DMH_INCIDENT].[IncidentNewTypeId].&[21252],21252,1
[DMH_INCIDENT].[IncidentNewTypeId].&[21253],21253,5
[DMH_INCIDENT].[IncidentNewTypeId].&[21254],21254,15
[DMH_INCIDENT].[IncidentNewTypeId].&[21255],21255,2
[DMH_INCIDENT].[IncidentNewTypeId].&[21256],21256,15
[DMH_INCIDENT].[IncidentNewTypeId].&[21257],21257,8
[DMH_INCIDENT].[IncidentNewTypeId].&[21258],21258,60
[DMH_INCIDENT].[IncidentNewTypeId].&[21259],21259,48
[DMH_INCIDENT].[IncidentNewTypeId].&[21260],21260,61
[DMH_INCIDENT].[IncidentNewTypeId].&[21261],21261,2
[DMH_INCIDENT].[IncidentNewTypeId].&[21262],21262,558
[DMH_INCIDENT].[IncidentNewTypeId].&[21263],21263,532
[DMH_INCIDENT].[IncidentNewTypeId].&[21264],21264,761
[DMH_INCIDENT].[IncidentNewTypeId].&[21265],21265,25
[DMH_INCIDENT].[IncidentNewTypeId].&[21266],21266,1626
[DMH_INCIDENT].[IncidentNewTypeId].&[21267],21267,770
[DMH_INCIDENT].[IncidentNewTypeId].&[21268],21268,52
[DMH_INCIDENT].[IncidentNewTypeId].&[21269],21269,357
[DMH_INCIDENT].[IncidentNewTypeId].&[21270],21270,193
[DMH_INCIDENT].[IncidentNewTypeId].&[21271],21271,506
[DMH_INCIDENT].[IncidentNewTypeId].&[21272],21272,4
[DMH_INCIDENT].[IncidentNewTypeId].&[21273],21273,6782
[DMH_INCIDENT].[IncidentNewTypeId].&[21274],21274,331
[DMH_INCIDENT].[IncidentNewTypeId].&[21275],21275,14931
[DMH_INCIDENT].[IncidentNewTypeId].&[21276],21276,5
[DMH_INCIDENT].[IncidentNewTypeId].&[21277],21277,5
[DMH_INCIDENT].[IncidentNewTypeId].&[21278],21278,2777
[DMH_INCIDENT].[IncidentNewTypeId].&[21280],21280,151
[DMH_INCIDENT].[IncidentNewTypeId].&[21281],21281,3830
[DMH_INCIDENT].[IncidentNewTypeId].&[21282],21282,106
[DMH_INCIDENT].[IncidentNewTypeId].&[21283],21283,77
[DMH_INCIDENT].[IncidentNewTypeId].&[21284],21284,1891
[DMH_INCIDENT].[IncidentNewTypeId].&[21285],21285,189
[DMH_INCIDENT].[IncidentNewTypeId].&[21286],21286,245
[DMH_INCIDENT].[IncidentNewTypeId].&[21287],21287,1198
[DMH_INCIDENT].[IncidentNewTypeId].&[21288],21288,451
[DMH_INCIDENT].[IncidentNewTypeId].&[21289],21289,656
[DMH_INCIDENT].[IncidentNewTypeId].&[21290],21290,3
[DMH_INCIDENT].[IncidentNewTypeId].&[21291],21291,2
[DMH_INCIDENT].[IncidentNewTypeId].&[21292],21292,2447
[DMH_INCIDENT].[IncidentNewTypeId].&[21293],21293,415
[DMH_INCIDENT].[IncidentNewTypeId].&[21294],21294,36
[DMH_INCIDENT].[IncidentNewTypeId].&[21295],21295,736
[DMH_INCIDENT].[IncidentNewTypeId].&[21296],21296,84
[DMH_INCIDENT].[IncidentNewTypeId].&[21297],21297,2994
[DMH_INCIDENT].[IncidentNewTypeId].&[21298],21298,105
[DMH_INCIDENT].[IncidentNewTypeId].&[21299],21299,55
[DMH_INCIDENT].[IncidentNewTypeId].&[21300],21300,396
[DMH_INCIDENT].[IncidentNewTypeId].&[21301],21301,344
[DMH_INCIDENT].[IncidentNewTypeId].&[21302],21302,84
[DMH_INCIDENT].[IncidentNewTypeId].&[21303],21303,198
[DMH_INCIDENT].[IncidentNewTypeId].&[21304],21304,28
[DMH_INCIDENT].[IncidentNewTypeId].&[21305],21305,23
[DMH_INCIDENT].[IncidentNewTypeId].&[21306],21306,512
[DMH_INCIDENT].[IncidentNewTypeId].&[21307],21307,88
[DMH_INCIDENT].[IncidentNewTypeId].&[21308],21308,11
[DMH_INCIDENT].[IncidentNewTypeId].&[21309],21309,62
[DMH_INCIDENT].[IncidentNewTypeId].&[21310],21310,12
[DMH_INCIDENT].[IncidentNewTypeId].&[21311],21311,6
[DMH_INCIDENT].[IncidentNewTypeId].&[21312],21312,16
[DMH_INCIDENT].[IncidentNewTypeId].&[21313],21313,629
[DMH_INCIDENT].[IncidentNewTypeId].&[21314],21314,3350
[DMH_INCIDENT].[IncidentNewTypeId].&[21315],21315,4
[DMH_INCIDENT].[IncidentNewTypeId].&[21316],21316,86
[DMH_INCIDENT].[IncidentNewTypeId].&[21317],21317,35
[DMH_INCIDENT].[IncidentNewTypeId].&[21318],21318,983
[DMH_INCIDENT].[IncidentNewTypeId].&[21319],21319,35
[DMH_INCIDENT].[IncidentNewTypeId].&[21320],21320,10
[DMH_INCIDENT].[IncidentNewTypeId].&[21321],21321,942
[DMH_INCIDENT].[IncidentNewTypeId].&[21322],21322,12
[DMH_INCIDENT].[IncidentNewTypeId].&[21323],21323,10
[DMH_INCIDENT].[IncidentNewTypeId].&[21324],21324,1168
[DMH_INCIDENT].[IncidentNewTypeId].&[21325],21325,720
[DMH_INCIDENT].[IncidentNewTypeId].&[21326],21326,10
[DMH_INCIDENT].[IncidentNewTypeId].&[21327],21327,113
[DMH_INCIDENT].[IncidentNewTypeId].&[21328],21328,233
[DMH_INCIDENT].[IncidentNewTypeId].&[21329],21329,153
[DMH_INCIDENT].[IncidentNewTypeId].&[21330],21330,5
[DMH_INCIDENT].[IncidentNewTypeId].&[21331],21331,41
[DMH_INCIDENT].[IncidentNewTypeId].&[21332],21332,36
[DMH_INCIDENT].[IncidentNewTypeId].&[21333],21333,3
[DMH_INCIDENT].[IncidentNewTypeId].&[21334],21334,550
[DMH_INCIDENT].[IncidentNewTypeId].&[21335],21335,1361
[DMH_INCIDENT].[IncidentNewTypeId].&[21336],21336,264
[DMH_INCIDENT].[IncidentNewTypeId].&[21337],21337,15132
[DMH_INCIDENT].[IncidentNewTypeId].&[21338],21338,11
[DMH_INCIDENT].[IncidentNewTypeId].&[21339],21339,723
[DMH_INCIDENT].[IncidentNewTypeId].&[21340],21340,74
[DMH_INCIDENT].[IncidentNewTypeId].&[21341],21341,174
[DMH_INCIDENT].[IncidentNewTypeId].&[21342],21342,104
[DMH_INCIDENT].[IncidentNewTypeId].&[21343],21343,5111
[DMH_INCIDENT].[IncidentNewTypeId].&[21344],21344,3694
[DMH_INCIDENT].[IncidentNewTypeId].&[21345],21345,392
[DMH_INCIDENT].[IncidentNewTypeId].&[21346],21346,5695
[DMH_INCIDENT].[IncidentNewTypeId].&[21348],21348,2247
[DMH_INCIDENT].[IncidentNewTypeId].&[21349],21349,822
[DMH_INCIDENT].[IncidentNewTypeId].&[21350],21350,520
[DMH_INCIDENT].[IncidentNewTypeId].&[21351],21351,880
[DMH_INCIDENT].[IncidentNewTypeId].&[21352],21352,155
[DMH_INCIDENT].[IncidentNewTypeId].&[21353],21353,2302
[DMH_INCIDENT].[IncidentNewTypeId].&[21354],21354,24451
[DMH_INCIDENT].[IncidentNewTypeId].&[21355],21355,3700
[DMH_INCIDENT].[IncidentNewTypeId].&[21356],21356,4
[DMH_INCIDENT].[IncidentNewTypeId].&[21357],21357,81
[DMH_INCIDENT].[IncidentNewTypeId].&[21358],21358,456
[DMH_INCIDENT].[IncidentNewTypeId].&[21359],21359,6
[DMH_INCIDENT].[IncidentNewTypeId].&[21361],21361,3
[DMH_INCIDENT].[IncidentNewTypeId].&[21362],21362,21
[DMH_INCIDENT].[IncidentNewTypeId].&[21363],21363,1
[DMH_INCIDENT].[IncidentNewTypeId].&[21364],21364,5
[DMH_INCIDENT].[IncidentNewTypeId].&[21365],21365,11323
[DMH_INCIDENT].[IncidentNewTypeId].&[21366],21366,133
[DMH_INCIDENT].[IncidentNewTypeId].&[21367],21367,20
[DMH_INCIDENT].[IncidentNewTypeId].&[21368],21368,279
[DMH_INCIDENT].[IncidentNewTypeId].&[21369],21369,1870
[DMH_INCIDENT].[IncidentNewTypeId].&[21370],21370,205
[DMH_INCIDENT].[IncidentNewTypeId].&[21371],21371,109
[DMH_INCIDENT].[IncidentNewTypeId].&[21372],21372,1126
[DMH_INCIDENT].[IncidentNewTypeId].&[21373],21373,68
[DMH_INCIDENT].[IncidentNewTypeId].&[21374],21374,228
[DMH_INCIDENT].[IncidentNewTypeId].&[21375],21375,1283
[DMH_INCIDENT].[IncidentNewTypeId].&[21376],21376,18
[DMH_INCIDENT].[IncidentNewTypeId].&[21377],21377,41
[DMH_INCIDENT].[IncidentNewTypeId].&[21378],21378,8
[DMH_INCIDENT].[IncidentNewTypeId].&[21379],21379,918
[DMH_INCIDENT].[IncidentNewTypeId].&[21381],21381,14
[DMH_INCIDENT].[IncidentNewTypeId].&[21382],21382,23
[DMH_INCIDENT].[IncidentNewTypeId].&[21383],21383,150
[DMH_INCIDENT].[IncidentNewTypeId].&[21384],21384,1261
[DMH_INCIDENT].[IncidentNewTypeId].&[21385],21385,26
[DMH_INCIDENT].[IncidentNewTypeId].&[21386],21386,22
[DMH_INCIDENT].[IncidentNewTypeId].&[21387],21387,4
[DMH_INCIDENT].[IncidentNewTypeId].&[21388],21388,3
[DMH_INCIDENT].[IncidentNewTypeId].&[21389],21389,66
[DMH_INCIDENT].[IncidentNewTypeId].&[21390],21390,60
[DMH_INCIDENT].[IncidentNewTypeId].&[21391],21391,1535
[DMH_INCIDENT].[IncidentNewTypeId].&[21392],21392,395
[DMH_INCIDENT].[IncidentNewTypeId].&[21393],21393,36
[DMH_INCIDENT].[IncidentNewTypeId].&[21394],21394,54
[DMH_INCIDENT].[IncidentNewTypeId].&[21395],21395,133
[DMH_INCIDENT].[IncidentNewTypeId].&[21396],21396,8
[DMH_INCIDENT].[IncidentNewTypeId].&[21397],21397,144
