[DIVPOL].[NOMPARROQ].[NOMPARROQ].[MEMBER_UNIQUE_NAME],[DIVPOL].[NOMPARROQ].[NOMPARROQ].[MEMBER_CAPTION],[Measures].[SumaIncidentes]
[DIVPOL].[NOMPARROQ].&[10 DE AGOSTO],10 DE AGOSTO,5174
[DIVPOL].[NOMPARROQ].&[11 DE NOVIEMBRE (ILINCHISI)],11 DE NOVIEMBRE (ILINCHISI),3079
[DIVPOL].[NOMPARROQ].&[12 DE DICIEMBRE (CAB.EN ACHIOTES)],12 DE DICIEMBRE (CAB.EN ACHIOTES),533
[DIVPOL].[NOMPARROQ].&[16 DE AGOSTO],16 DE AGOSTO,1239
[DIVPOL].[NOMPARROQ].&[27 DE ABRIL (CAB. EN LA NARANJA)],27 DE ABRIL (CAB. EN LA NARANJA),788
"[DIVPOL].[NOMPARROQ].&[28 DE MAYO (SAN JOSÉ DE YACUAMBI), CABECERA CANTO]","28 DE MAYO (SAN JOSÉ DE YACUAMBI), CABECERA CANTO",2569
[DIVPOL].[NOMPARROQ].&[5 DE JUNIO (CAB. EN UIMBI)],5 DE JUNIO (CAB. EN UIMBI),23
[DIVPOL].[NOMPARROQ].&[6 DE JULIO DE CUELLAJE (CAB. EN CUELLAJE)],6 DE JULIO DE CUELLAJE (CAB. EN CUELLAJE),300
[DIVPOL].[NOMPARROQ].&[ABAÑÍN],ABAÑÍN,184
[DIVPOL].[NOMPARROQ].&[ABDÓN CALDERÓN  (LA UNIÓN)],ABDÓN CALDERÓN  (LA UNIÓN),4539
[DIVPOL].[NOMPARROQ].&[ABDÓN CALDERÓN (SAN FRANCISCO)],ABDÓN CALDERÓN (SAN FRANCISCO),7608
[DIVPOL].[NOMPARROQ].&[ACHUPALLAS],ACHUPALLAS,1730
[DIVPOL].[NOMPARROQ].&[AGUAS NEGRAS],AGUAS NEGRAS,635
[DIVPOL].[NOMPARROQ].&[AHUANO],AHUANO,2118
"[DIVPOL].[NOMPARROQ].&[ALAMOR, CABECERA CANTONAL]","ALAMOR, CABECERA CANTONAL",9489
[DIVPOL].[NOMPARROQ].&[ALANGASÍ],ALANGASÍ,43887
[DIVPOL].[NOMPARROQ].&[ALAQUES (ALÁQUEZ)],ALAQUES (ALÁQUEZ),4357
"[DIVPOL].[NOMPARROQ].&[ALAUSÍ, CABECERA CANTONAL]","ALAUSÍ, CABECERA CANTONAL",12142
[DIVPOL].[NOMPARROQ].&[ALEJANDRO LABAKA],ALEJANDRO LABAKA,140
"[DIVPOL].[NOMPARROQ].&[ALFREDO BAQUERIZO MORENO (JUJÁN), CABECERA CANTON]","ALFREDO BAQUERIZO MORENO (JUJÁN), CABECERA CANTON",27014
[DIVPOL].[NOMPARROQ].&[ALHAJUELA (BAJO GRANDE)],ALHAJUELA (BAJO GRANDE),2049
[DIVPOL].[NOMPARROQ].&[ALLURIQUÍN],ALLURIQUÍN,12754
[DIVPOL].[NOMPARROQ].&[ALÓAG],ALÓAG,28499
[DIVPOL].[NOMPARROQ].&[ALOASÍ],ALOASÍ,22121
[DIVPOL].[NOMPARROQ].&[ALSHI (CAB. EN 9 DE OCTUBRE)],ALSHI (CAB. EN 9 DE OCTUBRE),213
[DIVPOL].[NOMPARROQ].&[ALTO TAMBO (CAB. EN GUADUAL)],ALTO TAMBO (CAB. EN GUADUAL),540
[DIVPOL].[NOMPARROQ].&[AMAGUAÑA],AMAGUAÑA,45644
[DIVPOL].[NOMPARROQ].&[AMALUZA],AMALUZA,242
"[DIVPOL].[NOMPARROQ].&[AMALUZA, CABECERA CANTONAL]","AMALUZA, CABECERA CANTONAL",4068
[DIVPOL].[NOMPARROQ].&[AMARILLOS],AMARILLOS,196
[DIVPOL].[NOMPARROQ].&[AMAZONAS (ROSARIO DE CUYES)],AMAZONAS (ROSARIO DE CUYES),121
[DIVPOL].[NOMPARROQ].&[AMBATILLO],AMBATILLO,2567
"[DIVPOL].[NOMPARROQ].&[AMBATO, CABECERA CANTONAL Y CAPITAL PROVINCIAL]","AMBATO, CABECERA CANTONAL Y CAPITAL PROVINCIAL",598475
[DIVPOL].[NOMPARROQ].&[AMBUQUÍ],AMBUQUÍ,12436
[DIVPOL].[NOMPARROQ].&[AMÉRICA],AMÉRICA,402
[DIVPOL].[NOMPARROQ].&[ANCHAYACU],ANCHAYACU,261
[DIVPOL].[NOMPARROQ].&[ANCÓN (PICHANGAL) (CAB. EN PALMA REAL)],ANCÓN (PICHANGAL) (CAB. EN PALMA REAL),36
[DIVPOL].[NOMPARROQ].&[ANCONCITO],ANCONCITO,11694
[DIVPOL].[NOMPARROQ].&[ANGAMARCA],ANGAMARCA,456
[DIVPOL].[NOMPARROQ].&[ÁNGEL PEDRO GILER (LA ESTANCILLA)],ÁNGEL PEDRO GILER (LA ESTANCILLA),1860
[DIVPOL].[NOMPARROQ].&[ANGOCHAGUA],ANGOCHAGUA,1490
[DIVPOL].[NOMPARROQ].&[ANTONIO JOSÉ HOLGUÍN  (SANTA LUCÍA)],ANTONIO JOSÉ HOLGUÍN  (SANTA LUCÍA),1618
[DIVPOL].[NOMPARROQ].&[ANTONIO SOTOMAYOR (CAB. EN PLAYAS DE VINCES)],ANTONIO SOTOMAYOR (CAB. EN PLAYAS DE VINCES),4452
[DIVPOL].[NOMPARROQ].&[APUELA],APUELA,993
"[DIVPOL].[NOMPARROQ].&[ARAJUNO, CABECERA CANTONAL]","ARAJUNO, CABECERA CANTONAL",4475
[DIVPOL].[NOMPARROQ].&[ARAPICOS],ARAPICOS,812
[DIVPOL].[NOMPARROQ].&[ARCAPAMBA],ARCAPAMBA,430
"[DIVPOL].[NOMPARROQ].&[ARCHIDONA, CABECERA CANTONAL]","ARCHIDONA, CABECERA CANTONAL",11330
"[DIVPOL].[NOMPARROQ].&[ARENILLAS, CABECERA CANTONAL]","ARENILLAS, CABECERA CANTONAL",29427
[DIVPOL].[NOMPARROQ].&[ARQUITECTO SIXTO DURÁN BALLÉN],ARQUITECTO SIXTO DURÁN BALLÉN,440
[DIVPOL].[NOMPARROQ].&[ASCÁZUBI],ASCÁZUBI,6002
[DIVPOL].[NOMPARROQ].&[ASUNCIÓN],ASUNCIÓN,4219
[DIVPOL].[NOMPARROQ].&[ASUNCIÓN (ASANCOTO)],ASUNCIÓN (ASANCOTO),1508
"[DIVPOL].[NOMPARROQ].&[ATACAMES, CABECERA CANTONAL]","ATACAMES, CABECERA CANTONAL",34922
[DIVPOL].[NOMPARROQ].&[ATAHUALPA],ATAHUALPA,5219
[DIVPOL].[NOMPARROQ].&[ATAHUALPA (CAB. EN CAMARONES)],ATAHUALPA (CAB. EN CAMARONES),29
[DIVPOL].[NOMPARROQ].&[ATAHUALPA (CHISALATA)],ATAHUALPA (CHISALATA),16092
[DIVPOL].[NOMPARROQ].&[ATAHUALPA (HABASPAMBA)],ATAHUALPA (HABASPAMBA),307
"[DIVPOL].[NOMPARROQ].&[ATUNTAQUI, CABECERA CANTONAL]","ATUNTAQUI, CABECERA CANTONAL",41257
[DIVPOL].[NOMPARROQ].&[AUGUSTO N. MARTÍNEZ (MUNDUGLEO)],AUGUSTO N. MARTÍNEZ (MUNDUGLEO),6514
[DIVPOL].[NOMPARROQ].&[ÁVILA (CAB. EN HUIRUNO)],ÁVILA (CAB. EN HUIRUNO),6571
[DIVPOL].[NOMPARROQ].&[AYACUCHO],AYACUCHO,1991
[DIVPOL].[NOMPARROQ].&[AYAPAMBA],AYAPAMBA,778
"[DIVPOL].[NOMPARROQ].&[AZOGUES, CABECERA CANTONAL Y CAPITAL PROVINCIAL]","AZOGUES, CABECERA CANTONAL Y CAPITAL PROVINCIAL",78448
"[DIVPOL].[NOMPARROQ].&[BABA, CABECERA CANTONAL]","BABA, CABECERA CANTONAL",15328
"[DIVPOL].[NOMPARROQ].&[BABAHOYO, CABECERA CANTONAL Y CAPITAL PROVINCIAL]","BABAHOYO, CABECERA CANTONAL Y CAPITAL PROVINCIAL",240839
[DIVPOL].[NOMPARROQ].&[BACHILLERO],BACHILLERO,1624
"[DIVPOL].[NOMPARROQ].&[BAEZA, CABECERA CANTONAL]","BAEZA, CABECERA CANTONAL",5740
"[DIVPOL].[NOMPARROQ].&[BAHÍA DE CARÁQUEZ, CABECERA CANTONAL]","BAHÍA DE CARÁQUEZ, CABECERA CANTONAL",23230
"[DIVPOL].[NOMPARROQ].&[BALAO, CABECERA CANTONAL]","BALAO, CABECERA CANTONAL",18079
[DIVPOL].[NOMPARROQ].&[BALSAPAMBA],BALSAPAMBA,6404
"[DIVPOL].[NOMPARROQ].&[BALSAS, CABECERA CANTONAL]","BALSAS, CABECERA CANTONAL",7393
"[DIVPOL].[NOMPARROQ].&[BALZAR, CABECERA CANTONAL]","BALZAR, CABECERA CANTONAL",58942
[DIVPOL].[NOMPARROQ].&[BAÑOS],BAÑOS,19993
"[DIVPOL].[NOMPARROQ].&[BAÑOS DE AGUA SANTA, CABECERA CANTONAL]","BAÑOS DE AGUA SANTA, CABECERA CANTONAL",40750
[DIVPOL].[NOMPARROQ].&[BAQUERIZO MORENO],BAQUERIZO MORENO,146
[DIVPOL].[NOMPARROQ].&[BARBONES (SUCRE)],BARBONES (SUCRE),7672
[DIVPOL].[NOMPARROQ].&[BARRAGANETE],BARRAGANETE,456
[DIVPOL].[NOMPARROQ].&[BELISARIO QUEVEDO (GUANAILÍN)],BELISARIO QUEVEDO (GUANAILÍN),5071
[DIVPOL].[NOMPARROQ].&[BELLAMARÍA],BELLAMARÍA,3229
[DIVPOL].[NOMPARROQ].&[BELLAVISTA],BELLAVISTA,9972
[DIVPOL].[NOMPARROQ].&[BENÍTEZ (PACHANLICA)],BENÍTEZ (PACHANLICA),2386
[DIVPOL].[NOMPARROQ].&[BERMEJOS],BERMEJOS,52
"[DIVPOL].[NOMPARROQ].&[BIBLIÁN, CABECERA CANTONAL]","BIBLIÁN, CABECERA CANTONAL",13911
[DIVPOL].[NOMPARROQ].&[BILBAO (CAB.EN QUILLUYACU)],BILBAO (CAB.EN QUILLUYACU),221
[DIVPOL].[NOMPARROQ].&[BILOVÁN],BILOVÁN,1756
[DIVPOL].[NOMPARROQ].&[BOLASPAMBA],BOLASPAMBA,99
[DIVPOL].[NOMPARROQ].&[BOLÍVAR],BOLÍVAR,1214
"[DIVPOL].[NOMPARROQ].&[BOLÍVAR, CABECERA CANTONAL]","BOLÍVAR, CABECERA CANTONAL",5802
[DIVPOL].[NOMPARROQ].&[BOMBOIZA],BOMBOIZA,4341
[DIVPOL].[NOMPARROQ].&[BORBÓN],BORBÓN,9971
[DIVPOL].[NOMPARROQ].&[BOYACÁ],BOYACÁ,583
[DIVPOL].[NOMPARROQ].&[BUENAVISTA],BUENAVISTA,10039
[DIVPOL].[NOMPARROQ].&[BULÁN (JOSÉ VÍCTOR IZQUIERDO)],BULÁN (JOSÉ VÍCTOR IZQUIERDO),665
[DIVPOL].[NOMPARROQ].&[CACHA (CAB. EN MACHÁNGARA)],CACHA (CAB. EN MACHÁNGARA),589
[DIVPOL].[NOMPARROQ].&[CAHUASQUÍ],CAHUASQUÍ,924
[DIVPOL].[NOMPARROQ].&[CALACALÍ],CALACALÍ,14347
"[DIVPOL].[NOMPARROQ].&[CALCETA, CABECERA CANTONAL]","CALCETA, CABECERA CANTONAL",22240
[DIVPOL].[NOMPARROQ].&[CALDERÓN],CALDERÓN,826
[DIVPOL].[NOMPARROQ].&[CALDERÓN (CARAPUNGO)],CALDERÓN (CARAPUNGO),335428
[DIVPOL].[NOMPARROQ].&[CALPI],CALPI,5864
"[DIVPOL].[NOMPARROQ].&[CALUMA, CABECERA CANTONAL]","CALUMA, CABECERA CANTONAL",25736
[DIVPOL].[NOMPARROQ].&[CAMARONES (CAB. EN SAN VICENTE)],CAMARONES (CAB. EN SAN VICENTE),2374
"[DIVPOL].[NOMPARROQ].&[CAMILO PONCE ENRÍQUEZ, CABECERA CANTONAL]","CAMILO PONCE ENRÍQUEZ, CABECERA CANTONAL",22066
[DIVPOL].[NOMPARROQ].&[CAMPOZANO (LA PALMA DE PAJÁN)],CAMPOZANO (LA PALMA DE PAJÁN),1218
[DIVPOL].[NOMPARROQ].&[CANCHAGUA],CANCHAGUA,576
[DIVPOL].[NOMPARROQ].&[CANELOS],CANELOS,1228
[DIVPOL].[NOMPARROQ].&[CANGAHUA],CANGAHUA,4973
[DIVPOL].[NOMPARROQ].&[CANGONAMÁ],CANGONAMÁ,296
[DIVPOL].[NOMPARROQ].&[CANOA],CANOA,3589
[DIVPOL].[NOMPARROQ].&[CANUTO],CANUTO,4034
[DIVPOL].[NOMPARROQ].&[CAÑAQUEMADA],CAÑAQUEMADA,1888
"[DIVPOL].[NOMPARROQ].&[CAÑAR, CABECERA CANTONAL]","CAÑAR, CABECERA CANTONAL",18362
[DIVPOL].[NOMPARROQ].&[CAÑI],CAÑI,130
[DIVPOL].[NOMPARROQ].&[CAPIRO (CAB. EN LA CAPILLA DE CAPIRO)],CAPIRO (CAB. EN LA CAPILLA DE CAPIRO),772
[DIVPOL].[NOMPARROQ].&[CAPITÁN AUGUSTO RIVADENEYRA],CAPITÁN AUGUSTO RIVADENEYRA,34
[DIVPOL].[NOMPARROQ].&[CAPZOL],CAPZOL,567
[DIVPOL].[NOMPARROQ].&[CARACOL],CARACOL,5820
[DIVPOL].[NOMPARROQ].&[CARCABÓN],CARCABÓN,1051
"[DIVPOL].[NOMPARROQ].&[CARIAMANGA, CABECERA CANTONAL]","CARIAMANGA, CABECERA CANTONAL",20181
"[DIVPOL].[NOMPARROQ].&[CARLOS JULIO AROSEMENA TOLA, CABECERA CANTONAL]","CARLOS JULIO AROSEMENA TOLA, CABECERA CANTONAL",2416
[DIVPOL].[NOMPARROQ].&[CAROLINA],CAROLINA,2953
[DIVPOL].[NOMPARROQ].&[CARONDELET],CARONDELET,586
[DIVPOL].[NOMPARROQ].&[CASACAY],CASACAY,3726
[DIVPOL].[NOMPARROQ].&[CASANGA],CASANGA,691
[DIVPOL].[NOMPARROQ].&[CASCOL],CASCOL,3747
"[DIVPOL].[NOMPARROQ].&[CATACOCHA, CABECERA CANTONAL]","CATACOCHA, CABECERA CANTONAL",9223
"[DIVPOL].[NOMPARROQ].&[CATAMAYO (LA TOMA), CABECERA CANTONAL]","CATAMAYO (LA TOMA), CABECERA CANTONAL",45855
"[DIVPOL].[NOMPARROQ].&[CATARAMA, CABECERA CANTONAL]","CATARAMA, CABECERA CANTONAL",9345
"[DIVPOL].[NOMPARROQ].&[CAYAMBE, CABECERA CANTONAL]","CAYAMBE, CABECERA CANTONAL",63052
[DIVPOL].[NOMPARROQ].&[CAZADEROS],CAZADEROS,48
[DIVPOL].[NOMPARROQ].&[CEBADAS],CEBADAS,2864
"[DIVPOL].[NOMPARROQ].&[CELICA, CABECERA CANTONAL]","CELICA, CABECERA CANTONAL",9647
"[DIVPOL].[NOMPARROQ].&[CEVALLOS, CABECERA CANTONAL]","CEVALLOS, CABECERA CANTONAL",12040
[DIVPOL].[NOMPARROQ].&[CHACARITA],CHACARITA,2523
[DIVPOL].[NOMPARROQ].&[CHACRAS],CHACRAS,4171
"[DIVPOL].[NOMPARROQ].&[CHAGUARPAMBA, CABECERA CANTONAL]","CHAGUARPAMBA, CABECERA CANTONAL",2543
"[DIVPOL].[NOMPARROQ].&[CHAMBO, CABECERA CANTONAL]","CHAMBO, CABECERA CANTONAL",9743
[DIVPOL].[NOMPARROQ].&[CHANDUY],CHANDUY,8109
[DIVPOL].[NOMPARROQ].&[CHANGAIMINA (LA LIBERTAD)],CHANGAIMINA (LA LIBERTAD),1233
[DIVPOL].[NOMPARROQ].&[CHANTACO],CHANTACO,648
[DIVPOL].[NOMPARROQ].&[CHANTILÍN],CHANTILÍN,1087
[DIVPOL].[NOMPARROQ].&[CHAQUINAL],CHAQUINAL,276
[DIVPOL].[NOMPARROQ].&[CHARAPOTÓ],CHARAPOTÓ,13586
[DIVPOL].[NOMPARROQ].&[CHAUCHA],CHAUCHA,239
[DIVPOL].[NOMPARROQ].&[CHAVEZPAMBA],CHAVEZPAMBA,218
[DIVPOL].[NOMPARROQ].&[CHECA (CHILPA)],CHECA (CHILPA),6504
[DIVPOL].[NOMPARROQ].&[CHECA (JIDCAY)],CHECA (JIDCAY),2636
[DIVPOL].[NOMPARROQ].&[CHIBUNGA],CHIBUNGA,954
[DIVPOL].[NOMPARROQ].&[CHICÁN (GUILLERMO ORTEGA)],CHICÁN (GUILLERMO ORTEGA),1726
[DIVPOL].[NOMPARROQ].&[CHICAÑA],CHICAÑA,1183
[DIVPOL].[NOMPARROQ].&[CHIGUAZA],CHIGUAZA,9598
[DIVPOL].[NOMPARROQ].&[CHIGÜINDA],CHIGÜINDA,117
"[DIVPOL].[NOMPARROQ].&[CHILLA, CABECERA CANTONAL]","CHILLA, CABECERA CANTONAL",1515
"[DIVPOL].[NOMPARROQ].&[CHILLANES, CABECERA CANTONAL]","CHILLANES, CABECERA CANTONAL",9025
[DIVPOL].[NOMPARROQ].&[CHINCA],CHINCA,3842
[DIVPOL].[NOMPARROQ].&[CHIQUICHA (CAB. EN CHIQUICHA GRANDE)],CHIQUICHA (CAB. EN CHIQUICHA GRANDE),1066
[DIVPOL].[NOMPARROQ].&[CHIQUINTAD],CHIQUINTAD,4633
[DIVPOL].[NOMPARROQ].&[CHIRIJOS],CHIRIJOS,482
[DIVPOL].[NOMPARROQ].&[CHITÁN DE NAVARRETE],CHITÁN DE NAVARRETE,422
[DIVPOL].[NOMPARROQ].&[CHITO],CHITO,497
[DIVPOL].[NOMPARROQ].&[CHOBO],CHOBO,7682
"[DIVPOL].[NOMPARROQ].&[CHONE, CABECERA CANTONAL]","CHONE, CABECERA CANTONAL",68382
[DIVPOL].[NOMPARROQ].&[CHONTADURO],CHONTADURO,887
[DIVPOL].[NOMPARROQ].&[CHONTAMARCA],CHONTAMARCA,827
[DIVPOL].[NOMPARROQ].&[CHONTAPUNTA],CHONTAPUNTA,1262
"[DIVPOL].[NOMPARROQ].&[CHORDELEG, CABECERA CANTONAL]","CHORDELEG, CABECERA CANTONAL",5380
[DIVPOL].[NOMPARROQ].&[CHOROCOPTE],CHOROCOPTE,645
[DIVPOL].[NOMPARROQ].&[CHUGÁ],CHUGÁ,319
[DIVPOL].[NOMPARROQ].&[CHUGCHILLÁN],CHUGCHILLÁN,1283
[DIVPOL].[NOMPARROQ].&[CHUMBLÍN],CHUMBLÍN,210
[DIVPOL].[NOMPARROQ].&[CHUMUNDÉ],CHUMUNDÉ,175
"[DIVPOL].[NOMPARROQ].&[CHUNCHI, CABECERA CANTONAL]","CHUNCHI, CABECERA CANTONAL",7849
[DIVPOL].[NOMPARROQ].&[CHUPIANZA],CHUPIANZA,480
[DIVPOL].[NOMPARROQ].&[CHUQUIRIBAMBA],CHUQUIRIBAMBA,1875
[DIVPOL].[NOMPARROQ].&[CHURA (CHANCAMA) (CAB. EN EL YERBERO)],CHURA (CHANCAMA) (CAB. EN EL YERBERO),1290
[DIVPOL].[NOMPARROQ].&[CIANO],CIANO,360
[DIVPOL].[NOMPARROQ].&[COCHAPAMBA],COCHAPAMBA,411
[DIVPOL].[NOMPARROQ].&[COCHAPATA],COCHAPATA,879
[DIVPOL].[NOMPARROQ].&[COJIMÍES],COJIMÍES,6603
[DIVPOL].[NOMPARROQ].&[COJITAMBO],COJITAMBO,2843
[DIVPOL].[NOMPARROQ].&[COLAISACA],COLAISACA,765
"[DIVPOL].[NOMPARROQ].&[COLIMES, CABECERA CANTONAL]","COLIMES, CABECERA CANTONAL",9998
[DIVPOL].[NOMPARROQ].&[COLÓN ELOY DEL MARÍA],COLÓN ELOY DEL MARÍA,850
[DIVPOL].[NOMPARROQ].&[COLONCHE],COLONCHE,12941
[DIVPOL].[NOMPARROQ].&[COLUMBE],COLUMBE,2201
[DIVPOL].[NOMPARROQ].&[COMPUD],COMPUD,251
[DIVPOL].[NOMPARROQ].&[CONCEPCIÓN],CONCEPCIÓN,2778
[DIVPOL].[NOMPARROQ].&[CONOCOTO],CONOCOTO,156923
[DIVPOL].[NOMPARROQ].&[CONONACO],CONONACO,297
[DIVPOL].[NOMPARROQ].&[CONSTANTINO FERNÁNDEZ (CAB. EN CULLITAHUA)],CONSTANTINO FERNÁNDEZ (CAB. EN CULLITAHUA),1443
[DIVPOL].[NOMPARROQ].&[CONVENTO],CONVENTO,1597
[DIVPOL].[NOMPARROQ].&[COPAL],COPAL,192
[DIVPOL].[NOMPARROQ].&[CORDONCILLO],CORDONCILLO,654
[DIVPOL].[NOMPARROQ].&[CORONEL CARLOS CONCHA TORRES (CAB.EN HUELE)],CORONEL CARLOS CONCHA TORRES (CAB.EN HUELE),176
[DIVPOL].[NOMPARROQ].&[CORONEL LORENZO DE GARAICOA (PEDREGAL)],CORONEL LORENZO DE GARAICOA (PEDREGAL),4804
"[DIVPOL].[NOMPARROQ].&[CORONEL MARCELINO MARIDUEÑA (SAN CARLOS), CABECER]","CORONEL MARCELINO MARIDUEÑA (SAN CARLOS), CABECER",11269
[DIVPOL].[NOMPARROQ].&[COSANGA],COSANGA,250
"[DIVPOL].[NOMPARROQ].&[COTACACHI, CABECERA CANTONAL]","COTACACHI, CABECERA CANTONAL",22092
[DIVPOL].[NOMPARROQ].&[COTALÓ],COTALÓ,798
[DIVPOL].[NOMPARROQ].&[COTOGCHOA],COTOGCHOA,8528
[DIVPOL].[NOMPARROQ].&[COTUNDO],COTUNDO,8114
[DIVPOL].[NOMPARROQ].&[CRISTÓBAL COLÓN],CRISTÓBAL COLÓN,2229
[DIVPOL].[NOMPARROQ].&[CRUCITA],CRUCITA,14763
[DIVPOL].[NOMPARROQ].&[CRUZPAMBA (CAB. EN CARLOS BUSTAMANTE)],CRUZPAMBA (CAB. EN CARLOS BUSTAMANTE),382
[DIVPOL].[NOMPARROQ].&[CUBE],CUBE,2317
[DIVPOL].[NOMPARROQ].&[CUBIJÍES],CUBIJÍES,1983
[DIVPOL].[NOMPARROQ].&[CUCHAENTZA],CUCHAENTZA,1579
[DIVPOL].[NOMPARROQ].&[CUCHIL (CUTCHIL)],CUCHIL (CUTCHIL),1095
"[DIVPOL].[NOMPARROQ].&[CUENCA, CABECERA CANTONAL Y CAPITAL PROVINCIAL.]","CUENCA, CABECERA CANTONAL Y CAPITAL PROVINCIAL.",882926
[DIVPOL].[NOMPARROQ].&[CUMANDÁ (CAB. EN COLONIA AGRÍCOLA SEVILLA DEL OR],CUMANDÁ (CAB. EN COLONIA AGRÍCOLA SEVILLA DEL OR,600
"[DIVPOL].[NOMPARROQ].&[CUMANDÁ, CABECERA CANTONAL]","CUMANDÁ, CABECERA CANTONAL",14362
[DIVPOL].[NOMPARROQ].&[CUMBARATZA],CUMBARATZA,3857
[DIVPOL].[NOMPARROQ].&[CUMBAYÁ],CUMBAYÁ,69271
[DIVPOL].[NOMPARROQ].&[CUMBE],CUMBE,5850
[DIVPOL].[NOMPARROQ].&[CUNCHIBAMBA],CUNCHIBAMBA,5128
[DIVPOL].[NOMPARROQ].&[CURARAY],CURARAY,570
[DIVPOL].[NOMPARROQ].&[CURTINCAPA],CURTINCAPA,220
[DIVPOL].[NOMPARROQ].&[CUSUBAMBA],CUSUBAMBA,1836
[DIVPOL].[NOMPARROQ].&[CUTUGLAHUA],CUTUGLAHUA,30566
[DIVPOL].[NOMPARROQ].&[CUYABENO],CUYABENO,396
[DIVPOL].[NOMPARROQ].&[CUYUJA],CUYUJA,725
[DIVPOL].[NOMPARROQ].&[DANIEL CÓRDOVA TORAL (EL ORIENTE)],DANIEL CÓRDOVA TORAL (EL ORIENTE),868
[DIVPOL].[NOMPARROQ].&[DAULE],DAULE,641
"[DIVPOL].[NOMPARROQ].&[DAULE, CABECERA CANTONAL]","DAULE, CABECERA CANTONAL",156729
[DIVPOL].[NOMPARROQ].&[DAYUMA],DAYUMA,3803
"[DIVPOL].[NOMPARROQ].&[DÉLEG, CABECERA CANTONAL]","DÉLEG, CABECERA CANTONAL",5132
[DIVPOL].[NOMPARROQ].&[DIEZ  DE AGOSTO],DIEZ  DE AGOSTO,1410
[DIVPOL].[NOMPARROQ].&[DOCTOR MIGUEL EGAS CABEZAS (PEGUCHE)],DOCTOR MIGUEL EGAS CABEZAS (PEGUCHE),2712
[DIVPOL].[NOMPARROQ].&[DUCUR],DUCUR,2265
[DIVPOL].[NOMPARROQ].&[DUG DUG],DUG DUG,697
[DIVPOL].[NOMPARROQ].&[DURENO],DURENO,2555
"[DIVPOL].[NOMPARROQ].&[ECHEANDÍA, CABECERA CANTONAL]","ECHEANDÍA, CABECERA CANTONAL",25600
[DIVPOL].[NOMPARROQ].&[EL AIRO],EL AIRO,237
[DIVPOL].[NOMPARROQ].&[EL ALTAR],EL ALTAR,582
[DIVPOL].[NOMPARROQ].&[EL ANEGADO (CAB. EN ELOY ALFARO)],EL ANEGADO (CAB. EN ELOY ALFARO),1890
"[DIVPOL].[NOMPARROQ].&[EL ÁNGEL, CABECERA CANTONAL]","EL ÁNGEL, CABECERA CANTONAL",9166
[DIVPOL].[NOMPARROQ].&[EL ARENAL],EL ARENAL,250
[DIVPOL].[NOMPARROQ].&[EL CABO],EL CABO,3377
[DIVPOL].[NOMPARROQ].&[EL CARMELO (EL PUN)],EL CARMELO (EL PUN),3224
[DIVPOL].[NOMPARROQ].&[EL CARMEN DE PIJILÍ],EL CARMEN DE PIJILÍ,460
"[DIVPOL].[NOMPARROQ].&[EL CARMEN, CABECERA CANTONAL]","EL CARMEN, CABECERA CANTONAL",54017
"[DIVPOL].[NOMPARROQ].&[EL CHACO, CABECERA CANTONAL]","EL CHACO, CABECERA CANTONAL",4427
[DIVPOL].[NOMPARROQ].&[EL CHAUPI],EL CHAUPI,1794
[DIVPOL].[NOMPARROQ].&[EL CHICAL],EL CHICAL,1194
[DIVPOL].[NOMPARROQ].&[EL CHORRO],EL CHORRO,53
[DIVPOL].[NOMPARROQ].&[EL CISNE],EL CISNE,2439
"[DIVPOL].[NOMPARROQ].&[EL CORAZÓN, CABECERA CANTONAL]","EL CORAZÓN, CABECERA CANTONAL",3815
[DIVPOL].[NOMPARROQ].&[EL DORADO],EL DORADO,2189
"[DIVPOL].[NOMPARROQ].&[EL DORADO DE CASCALES, CABECERA CANTONAL]","EL DORADO DE CASCALES, CABECERA CANTONAL",10538
[DIVPOL].[NOMPARROQ].&[EL EDÉN],EL EDÉN,33
[DIVPOL].[NOMPARROQ].&[EL ENO],EL ENO,5701
[DIVPOL].[NOMPARROQ].&[EL ESFUERZO],EL ESFUERZO,2647
[DIVPOL].[NOMPARROQ].&[EL GOALTAL],EL GOALTAL,238
"[DIVPOL].[NOMPARROQ].&[EL GUABO, CABECERA CANTONAL]","EL GUABO, CABECERA CANTONAL",41798
[DIVPOL].[NOMPARROQ].&[EL GUISME],EL GUISME,1200
[DIVPOL].[NOMPARROQ].&[EL IDEAL],EL IDEAL,861
[DIVPOL].[NOMPARROQ].&[EL INGENIO],EL INGENIO,710
[DIVPOL].[NOMPARROQ].&[EL LIMO (MARIANA DE JESÚS)],EL LIMO (MARIANA DE JESÚS),412
[DIVPOL].[NOMPARROQ].&[EL LUCERO],EL LUCERO,889
"[DIVPOL].[NOMPARROQ].&[EL PAN, CABECERA CANTONAL]","EL PAN, CABECERA CANTONAL",900
"[DIVPOL].[NOMPARROQ].&[EL PANGUI, CABECERA CANTONAL]","EL PANGUI, CABECERA CANTONAL",12393
[DIVPOL].[NOMPARROQ].&[EL PARAÍSO],EL PARAÍSO,252
[DIVPOL].[NOMPARROQ].&[EL PARAÍSO DE CELÉN],EL PARAÍSO DE CELÉN,478
[DIVPOL].[NOMPARROQ].&[EL PIEDRERO],EL PIEDRERO,2751
[DIVPOL].[NOMPARROQ].&[EL PLAYÓN DE SAN FRANCISCO],EL PLAYÓN DE SAN FRANCISCO,64
[DIVPOL].[NOMPARROQ].&[EL PORVENIR DEL CARMEN],EL PORVENIR DEL CARMEN,253
[DIVPOL].[NOMPARROQ].&[EL PROGRESO],EL PROGRESO,1807
[DIVPOL].[NOMPARROQ].&[EL PROGRESO (CAB.EN ZHOTA)],EL PROGRESO (CAB.EN ZHOTA),598
[DIVPOL].[NOMPARROQ].&[EL QUINCHE],EL QUINCHE,26669
[DIVPOL].[NOMPARROQ].&[EL RETIRO],EL RETIRO,7949
[DIVPOL].[NOMPARROQ].&[EL REVENTADOR],EL REVENTADOR,1098
[DIVPOL].[NOMPARROQ].&[EL ROSARIO],EL ROSARIO,2178
[DIVPOL].[NOMPARROQ].&[EL ROSARIO (RUMICHACA)],EL ROSARIO (RUMICHACA),1163
"[DIVPOL].[NOMPARROQ].&[EL SALITRE (LAS RAMAS),  CABECERA CANTONAL]","EL SALITRE (LAS RAMAS),  CABECERA CANTONAL",18749
[DIVPOL].[NOMPARROQ].&[EL TABLÓN],EL TABLÓN,244
[DIVPOL].[NOMPARROQ].&[EL TAMBO],EL TAMBO,3599
"[DIVPOL].[NOMPARROQ].&[EL TAMBO, CABECERA CANTONAL]","EL TAMBO, CABECERA CANTONAL",7397
[DIVPOL].[NOMPARROQ].&[EL TRIUNFO],EL TRIUNFO,1721
"[DIVPOL].[NOMPARROQ].&[EL TRIUNFO, CABECERA CANTONAL]","EL TRIUNFO, CABECERA CANTONAL",54995
[DIVPOL].[NOMPARROQ].&[ELOY ALFARO],ELOY ALFARO,1054
"[DIVPOL].[NOMPARROQ].&[ELOY ALFARO (DURÁN), CABECERA CANTONAL]","ELOY ALFARO (DURÁN), CABECERA CANTONAL",377282
[DIVPOL].[NOMPARROQ].&[EMILIO MARÍA TERÁN (RUMIPAMBA)],EMILIO MARÍA TERÁN (RUMIPAMBA),980
[DIVPOL].[NOMPARROQ].&[ENOKANQUI],ENOKANQUI,1006
"[DIVPOL].[NOMPARROQ].&[ESMERALDAS, CABECERA CANTONAL Y CAPITAL PROVINCIAL]","ESMERALDAS, CABECERA CANTONAL Y CAPITAL PROVINCIAL",289115
[DIVPOL].[NOMPARROQ].&[EUGENIO ESPEJO (CALPAQUÍ)],EUGENIO ESPEJO (CALPAQUÍ),4084
[DIVPOL].[NOMPARROQ].&[FACUNDO VELA],FACUNDO VELA,1525
[DIVPOL].[NOMPARROQ].&[FÁTIMA],FÁTIMA,2004
[DIVPOL].[NOMPARROQ].&[FEBRES CORDERO (LAS JUNTAS)],FEBRES CORDERO (LAS JUNTAS),15350
[DIVPOL].[NOMPARROQ].&[FERNÁNDEZ SALVADOR],FERNÁNDEZ SALVADOR,397
"[DIVPOL].[NOMPARROQ].&[FLAVIO ALFARO, CABECERA CANTONAL]","FLAVIO ALFARO, CABECERA CANTONAL",8217
[DIVPOL].[NOMPARROQ].&[FLORES],FLORES,579
[DIVPOL].[NOMPARROQ].&[FUNDOCHAMBA],FUNDOCHAMBA,222
[DIVPOL].[NOMPARROQ].&[GALERA],GALERA,377
[DIVPOL].[NOMPARROQ].&[GARCÍA MORENO],GARCÍA MORENO,1045
[DIVPOL].[NOMPARROQ].&[GARCÍA MORENO  (LLURIMAGUA)],GARCÍA MORENO  (LLURIMAGUA),1074
[DIVPOL].[NOMPARROQ].&[GARCÍA MORENO (CHUMAQUI)],GARCÍA MORENO (CHUMAQUI),3645
[DIVPOL].[NOMPARROQ].&[GARZAREAL],GARZAREAL,665
"[DIVPOL].[NOMPARROQ].&[GENERAL ANTONIO ELIZALDE (BUCAY), CABECERA CANTON*]","GENERAL ANTONIO ELIZALDE (BUCAY), CABECERA CANTON*",12667
[DIVPOL].[NOMPARROQ].&[GENERAL FARFÁN],GENERAL FARFÁN,7760
"[DIVPOL].[NOMPARROQ].&[GENERAL LEONIDAS PLAZA GUTIÉRREZ (LIMÓN), CABECE]","GENERAL LEONIDAS PLAZA GUTIÉRREZ (LIMÓN), CABECE",7321
[DIVPOL].[NOMPARROQ].&[GENERAL MORALES (SOCARTE)],GENERAL MORALES (SOCARTE),543
[DIVPOL].[NOMPARROQ].&[GENERAL PEDRO J. MONTERO (BOLICHE)],GENERAL PEDRO J. MONTERO (BOLICHE),6339
[DIVPOL].[NOMPARROQ].&[GENERAL PROAÑO],GENERAL PROAÑO,5479
[DIVPOL].[NOMPARROQ].&[GENERAL VERNAZA (DOS ESTEROS)],GENERAL VERNAZA (DOS ESTEROS),2684
"[DIVPOL].[NOMPARROQ].&[GENERAL VILLAMIL (PLAYAS), CABECERA CANTONAL]","GENERAL VILLAMIL (PLAYAS), CABECERA CANTONAL",70833
[DIVPOL].[NOMPARROQ].&[GIMA],GIMA,1057
"[DIVPOL].[NOMPARROQ].&[GIRÓN, CABECERA CANTONAL]","GIRÓN, CABECERA CANTONAL",10998
[DIVPOL].[NOMPARROQ].&[GONZÁLEZ SUÁREZ],GONZÁLEZ SUÁREZ,4774
[DIVPOL].[NOMPARROQ].&[GONZALO DÍAZ DE PINEDA (EL BOMBÓN)],GONZALO DÍAZ DE PINEDA (EL BOMBÓN),2284
[DIVPOL].[NOMPARROQ].&[GONZALO PIZARRO],GONZALO PIZARRO,2497
"[DIVPOL].[NOMPARROQ].&[GONZANAMÁ, CABECERA CANTONAL]","GONZANAMÁ, CABECERA CANTONAL",3256
[DIVPOL].[NOMPARROQ].&[GONZOL],GONZOL,744
[DIVPOL].[NOMPARROQ].&[GUACHANAMÁ],GUACHANAMÁ,661
"[DIVPOL].[NOMPARROQ].&[GUACHAPALA, CABECERA CANTONAL]","GUACHAPALA, CABECERA CANTONAL",1903
[DIVPOL].[NOMPARROQ].&[GUADALUPE],GUADALUPE,1934
[DIVPOL].[NOMPARROQ].&[GUAITACAMA (GUAYTACAMA)],GUAITACAMA (GUAYTACAMA),14567
"[DIVPOL].[NOMPARROQ].&[GUALACEO, CABECERA CANTONAL]","GUALACEO, CABECERA CANTONAL",35201
"[DIVPOL].[NOMPARROQ].&[GUALAQUIZA, CABECERA CANTONAL]","GUALAQUIZA, CABECERA CANTONAL",18384
[DIVPOL].[NOMPARROQ].&[GUALE],GUALE,1227
[DIVPOL].[NOMPARROQ].&[GUALEA],GUALEA,1190
[DIVPOL].[NOMPARROQ].&[GUALEL],GUALEL,1211
[DIVPOL].[NOMPARROQ].&[GUALLETURO],GUALLETURO,959
[DIVPOL].[NOMPARROQ].&[GUAMBALÓ (HUAMBALÓ)],GUAMBALÓ (HUAMBALÓ),3503
"[DIVPOL].[NOMPARROQ].&[GUAMOTE, CABECERA CANTONAL]","GUAMOTE, CABECERA CANTONAL",10698
[DIVPOL].[NOMPARROQ].&[GUANANDO],GUANANDO,168
[DIVPOL].[NOMPARROQ].&[GUANAZÁN],GUANAZÁN,292
[DIVPOL].[NOMPARROQ].&[GUANGAJE],GUANGAJE,1091
[DIVPOL].[NOMPARROQ].&[GUANGOPOLO],GUANGOPOLO,6877
"[DIVPOL].[NOMPARROQ].&[GUANO, CABECERA CANTONAL]","GUANO, CABECERA CANTONAL",22850
[DIVPOL].[NOMPARROQ].&[GUAPÁN],GUAPÁN,4818
[DIVPOL].[NOMPARROQ].&[GUARAINAG],GUARAINAG,210
"[DIVPOL].[NOMPARROQ].&[GUARANDA, CABECERA CANTONAL Y CAPITAL PROVINCIAL]","GUARANDA, CABECERA CANTONAL Y CAPITAL PROVINCIAL",98330
[DIVPOL].[NOMPARROQ].&[GUARE],GUARE,2974
[DIVPOL].[NOMPARROQ].&[GUASAGANDA (CAB.EN GUASAGANDA CENTRO)],GUASAGANDA (CAB.EN GUASAGANDA CENTRO),2294
[DIVPOL].[NOMPARROQ].&[GUASUNTOS],GUASUNTOS,666
"[DIVPOL].[NOMPARROQ].&[GUAYAQUIL, CABECERA CANTONAL Y CAPITAL PROVINCIAL]","GUAYAQUIL, CABECERA CANTONAL Y CAPITAL PROVINCIAL",3952576
[DIVPOL].[NOMPARROQ].&[GUAYAS (PUEBLO NUEVO)],GUAYAS (PUEBLO NUEVO),8119
[DIVPOL].[NOMPARROQ].&[GUAYLLABAMBA],GUAYLLABAMBA,26488
[DIVPOL].[NOMPARROQ].&[GUAYQUICHUMA],GUAYQUICHUMA,580
"[DIVPOL].[NOMPARROQ].&[GUAYZIMI, CABECERA CANTONAL]","GUAYZIMI, CABECERA CANTONAL",3686
[DIVPOL].[NOMPARROQ].&[GUEL],GUEL,437
[DIVPOL].[NOMPARROQ].&[GUIZHAGUIÑA],GUIZHAGUIÑA,650
[DIVPOL].[NOMPARROQ].&[HATUN SUMAKU],HATUN SUMAKU,468
[DIVPOL].[NOMPARROQ].&[HONORATO VÁSQUEZ (CAB. EN VÁSQUEZ)],HONORATO VÁSQUEZ (CAB. EN VÁSQUEZ),993
[DIVPOL].[NOMPARROQ].&[HONORATO VÁSQUEZ (TAMBO VIEJO)],HONORATO VÁSQUEZ (TAMBO VIEJO),2253
"[DIVPOL].[NOMPARROQ].&[HUACA, CABECERA CANTONAL]","HUACA, CABECERA CANTONAL",9085
[DIVPOL].[NOMPARROQ].&[HUACHI GRANDE],HUACHI GRANDE,25094
[DIVPOL].[NOMPARROQ].&[HUAMBI],HUAMBI,2793
"[DIVPOL].[NOMPARROQ].&[HUAMBOYA, CABECERA CANTONAL]","HUAMBOYA, CABECERA CANTONAL",6252
"[DIVPOL].[NOMPARROQ].&[HUAQUILLAS, CABECERA CANTONAL]","HUAQUILLAS, CABECERA CANTONAL",80960
[DIVPOL].[NOMPARROQ].&[HUASAGA (CAB. EN WAMPUIK)],HUASAGA (CAB. EN WAMPUIK),34
[DIVPOL].[NOMPARROQ].&[HUERTAS],HUERTAS,1404
[DIVPOL].[NOMPARROQ].&[HUIGRA],HUIGRA,1315
[DIVPOL].[NOMPARROQ].&[ILAPO],ILAPO,512
[DIVPOL].[NOMPARROQ].&[IMANTAG],IMANTAG,2597
[DIVPOL].[NOMPARROQ].&[IMBANA (LA VICTORIA DE IMBANA)],IMBANA (LA VICTORIA DE IMBANA),184
[DIVPOL].[NOMPARROQ].&[IMBAYA (SAN LUIS DE COBUENDO)],IMBAYA (SAN LUIS DE COBUENDO),2104
[DIVPOL].[NOMPARROQ].&[INDANZA],INDANZA,906
[DIVPOL].[NOMPARROQ].&[INÉS ARANGO (CAB. EN WESTERN)],INÉS ARANGO (CAB. EN WESTERN),363
[DIVPOL].[NOMPARROQ].&[INGAPIRCA],INGAPIRCA,1975
"[DIVPOL].[NOMPARROQ].&[ISIDRO AYORA, CABECERA CANTONAL]","ISIDRO AYORA, CABECERA CANTONAL",10928
[DIVPOL].[NOMPARROQ].&[ISINLIVÍ],ISINLIVÍ,498
[DIVPOL].[NOMPARROQ].&[ISLA DE BEJUCAL],ISLA DE BEJUCAL,6228
[DIVPOL].[NOMPARROQ].&[ISLA SANTA MARÍA (FLOREANA) (CAB. EN  PTO. VELASC],ISLA SANTA MARÍA (FLOREANA) (CAB. EN  PTO. VELASC,17
[DIVPOL].[NOMPARROQ].&[IZAMBA],IZAMBA,28007
[DIVPOL].[NOMPARROQ].&[JADÁN],JADÁN,1411
"[DIVPOL].[NOMPARROQ].&[JAMA, CABECERA CANTONAL]","JAMA, CABECERA CANTONAL",6591
[DIVPOL].[NOMPARROQ].&[JAMBELÍ],JAMBELÍ,3730
"[DIVPOL].[NOMPARROQ].&[JARAMIJÓ, CABECERA CANTONAL]","JARAMIJÓ, CABECERA CANTONAL",21233
[DIVPOL].[NOMPARROQ].&[JAVIER LOYOLA (CHUQUIPATA)],JAVIER LOYOLA (CHUQUIPATA),10018
[DIVPOL].[NOMPARROQ].&[JERUSALÉN],JERUSALÉN,475
[DIVPOL].[NOMPARROQ].&[JESÚS MARÍA],JESÚS MARÍA,6528
[DIVPOL].[NOMPARROQ].&[JIJÓN Y CAAMAÑO (CAB. EN RÍO BLANCO)],JIJÓN Y CAAMAÑO (CAB. EN RÍO BLANCO),529
[DIVPOL].[NOMPARROQ].&[JIMBILLA],JIMBILLA,326
[DIVPOL].[NOMPARROQ].&[JIMBURA],JIMBURA,743
"[DIVPOL].[NOMPARROQ].&[JIPIJAPA, CABECERA CANTONAL]","JIPIJAPA, CABECERA CANTONAL",38867
[DIVPOL].[NOMPARROQ].&[JOSÉ LUIS TAMAYO (MUEY)],JOSÉ LUIS TAMAYO (MUEY),23338
[DIVPOL].[NOMPARROQ].&[JOSEGUANGO BAJO],JOSEGUANGO BAJO,1880
[DIVPOL].[NOMPARROQ].&[JUAN BAUTISTA AGUIRRE (LOS TINTOS)],JUAN BAUTISTA AGUIRRE (LOS TINTOS),4573
[DIVPOL].[NOMPARROQ].&[JUAN BENIGNO VELA],JUAN BENIGNO VELA,4164
[DIVPOL].[NOMPARROQ].&[JUAN DE VELASCO (PANGOR)],JUAN DE VELASCO (PANGOR),820
[DIVPOL].[NOMPARROQ].&[JUAN GÓMEZ RENDÓN (PROGRESO)],JUAN GÓMEZ RENDÓN (PROGRESO),17813
[DIVPOL].[NOMPARROQ].&[JUAN MONTALVO (SAN IGNACIO DE QUIL)],JUAN MONTALVO (SAN IGNACIO DE QUIL),317
[DIVPOL].[NOMPARROQ].&[JULCUY],JULCUY,454
[DIVPOL].[NOMPARROQ].&[JULIO ANDRADE (OREJUELA)],JULIO ANDRADE (OREJUELA),14431
[DIVPOL].[NOMPARROQ].&[JULIO E. MORENO (CATANAHUÁN GRANDE)],JULIO E. MORENO (CATANAHUÁN GRANDE),2116
[DIVPOL].[NOMPARROQ].&[JUNCAL],JUNCAL,699
"[DIVPOL].[NOMPARROQ].&[JUNÍN, CABECERA CANTONAL]","JUNÍN, CABECERA CANTONAL",8498
[DIVPOL].[NOMPARROQ].&[JUNQUILLAL],JUNQUILLAL,2838
[DIVPOL].[NOMPARROQ].&[LA AVANZADA],LA AVANZADA,3248
[DIVPOL].[NOMPARROQ].&[LA BELLEZA],LA BELLEZA,1439
[DIVPOL].[NOMPARROQ].&[LA BOCANA],LA BOCANA,331
"[DIVPOL].[NOMPARROQ].&[LA BONITA, CABECERA CANTONAL]","LA BONITA, CABECERA CANTONAL",381
[DIVPOL].[NOMPARROQ].&[LA CANDELARIA],LA CANDELARIA,125
[DIVPOL].[NOMPARROQ].&[LA CANELA],LA CANELA,92
[DIVPOL].[NOMPARROQ].&[LA CHONTA],LA CHONTA,120
[DIVPOL].[NOMPARROQ].&[LA CONCORDIA],LA CONCORDIA,62472
[DIVPOL].[NOMPARROQ].&[LA ESMERALDA],LA ESMERALDA,3118
[DIVPOL].[NOMPARROQ].&[LA ESPERANZA],LA ESPERANZA,22360
[DIVPOL].[NOMPARROQ].&[LA IBERIA],LA IBERIA,5614
"[DIVPOL].[NOMPARROQ].&[LA JOYA DE LOS SACHAS, CABECERA CANTONAL]","LA JOYA DE LOS SACHAS, CABECERA CANTONAL",22289
[DIVPOL].[NOMPARROQ].&[LA LIBERTAD],LA LIBERTAD,143
[DIVPOL].[NOMPARROQ].&[LA LIBERTAD (ALIZO)],LA LIBERTAD (ALIZO),1665
"[DIVPOL].[NOMPARROQ].&[LA LIBERTAD, CABECERA CANTONAL]","LA LIBERTAD, CABECERA CANTONAL",118755
"[DIVPOL].[NOMPARROQ].&[LA MANÁ, CABECERA CANTONAL]","LA MANÁ, CABECERA CANTONAL",50996
[DIVPOL].[NOMPARROQ].&[LA MERCED],LA MERCED,8044
[DIVPOL].[NOMPARROQ].&[LA MERCED DE BUENOS AIRES],LA MERCED DE BUENOS AIRES,478
[DIVPOL].[NOMPARROQ].&[LA PAZ],LA PAZ,5349
[DIVPOL].[NOMPARROQ].&[LA PEAÑA],LA PEAÑA,5697
[DIVPOL].[NOMPARROQ].&[LA PILA],LA PILA,1669
[DIVPOL].[NOMPARROQ].&[LA PROVIDENCIA],LA PROVIDENCIA,238
[DIVPOL].[NOMPARROQ].&[LA SOFÍA],LA SOFÍA,472
[DIVPOL].[NOMPARROQ].&[LA TINGUE],LA TINGUE,220
[DIVPOL].[NOMPARROQ].&[LA TOLA],LA TOLA,2278
"[DIVPOL].[NOMPARROQ].&[LA TRONCAL, CABECERA CANTONAL]","LA TRONCAL, CABECERA CANTONAL",69222
[DIVPOL].[NOMPARROQ].&[LA UNIÓN],LA UNIÓN,37494
[DIVPOL].[NOMPARROQ].&[LA VICTORIA],LA VICTORIA,2350
[DIVPOL].[NOMPARROQ].&[LA VICTORIA (ÑAUZA)],LA VICTORIA (ÑAUZA),1284
"[DIVPOL].[NOMPARROQ].&[LA VICTORIA, CABECERA CANTONAL]","LA VICTORIA, CABECERA CANTONAL",1728
[DIVPOL].[NOMPARROQ].&[LAGARTO],LAGARTO,2636
[DIVPOL].[NOMPARROQ].&[LAGO SAN PEDRO],LAGO SAN PEDRO,8430
[DIVPOL].[NOMPARROQ].&[LARAMA],LARAMA,462
[DIVPOL].[NOMPARROQ].&[LAS GOLONDRINAS],LAS GOLONDRINAS,2533
"[DIVPOL].[NOMPARROQ].&[LAS NAVES, CABECERA CANTONAL]","LAS NAVES, CABECERA CANTONAL",12413
[DIVPOL].[NOMPARROQ].&[LAS NIEVES (CHAYA)],LAS NIEVES (CHAYA),813
[DIVPOL].[NOMPARROQ].&[LAS PAMPAS],LAS PAMPAS,593
[DIVPOL].[NOMPARROQ].&[LAS VILLEGAS],LAS VILLEGAS,3840
[DIVPOL].[NOMPARROQ].&[LASCANO],LASCANO,579
"[DIVPOL].[NOMPARROQ].&[LATACUNGA, CABECERA CANTONAL Y CAPITAL PROVINCIAL]","LATACUNGA, CABECERA CANTONAL Y CAPITAL PROVINCIAL",208729
[DIVPOL].[NOMPARROQ].&[LAUREL],LAUREL,6811
[DIVPOL].[NOMPARROQ].&[LAURO GUERRERO],LAURO GUERRERO,465
[DIVPOL].[NOMPARROQ].&[LICÁN],LICÁN,12257
[DIVPOL].[NOMPARROQ].&[LICTO],LICTO,2819
[DIVPOL].[NOMPARROQ].&[LIMONAL],LIMONAL,7647
[DIVPOL].[NOMPARROQ].&[LIMONCOCHA],LIMONCOCHA,4449
[DIVPOL].[NOMPARROQ].&[LIMONES],LIMONES,136
[DIVPOL].[NOMPARROQ].&[LINARES],LINARES,74
[DIVPOL].[NOMPARROQ].&[LITA],LITA,4252
[DIVPOL].[NOMPARROQ].&[LLACAO],LLACAO,5992
[DIVPOL].[NOMPARROQ].&[LLAGOS],LLAGOS,954
[DIVPOL].[NOMPARROQ].&[LLANO CHICO],LLANO CHICO,22218
[DIVPOL].[NOMPARROQ].&[LLIGUA],LLIGUA,365
[DIVPOL].[NOMPARROQ].&[LLOA],LLOA,6010
[DIVPOL].[NOMPARROQ].&[LLUZHAPA],LLUZHAPA,332
"[DIVPOL].[NOMPARROQ].&[LOGROÑO, CABECERA CANTONAL]","LOGROÑO, CABECERA CANTONAL",4154
"[DIVPOL].[NOMPARROQ].&[LOJA, CABECERA CANTONAL Y CAPITAL PROVINCIAL]","LOJA, CABECERA CANTONAL Y CAPITAL PROVINCIAL",418303
"[DIVPOL].[NOMPARROQ].&[LOMAS DE SARGENTILLO, CABECERA CANTONAL]","LOMAS DE SARGENTILLO, CABECERA CANTONAL",18275
"[DIVPOL].[NOMPARROQ].&[LORETO, CABECERA CANTONAL]","LORETO, CABECERA CANTONAL",7615
[DIVPOL].[NOMPARROQ].&[LOS ANDES],LOS ANDES,4177
[DIVPOL].[NOMPARROQ].&[LOS ANDES (CAB. EN POATUG)],LOS ANDES (CAB. EN POATUG),727
[DIVPOL].[NOMPARROQ].&[LOS ÁNGELES],LOS ÁNGELES,1656
[DIVPOL].[NOMPARROQ].&[LOS ENCUENTROS],LOS ENCUENTROS,3970
[DIVPOL].[NOMPARROQ].&[LOS LOJAS (ENRIQUE BAQUERIZO MORENO)],LOS LOJAS (ENRIQUE BAQUERIZO MORENO),11412
[DIVPOL].[NOMPARROQ].&[LUDO],LUDO,1171
[DIVPOL].[NOMPARROQ].&[LUIS CORDERO],LUIS CORDERO,2472
[DIVPOL].[NOMPARROQ].&[LUIS CORDERO VEGA],LUIS CORDERO VEGA,1324
[DIVPOL].[NOMPARROQ].&[LUIS GALARZA ORELLANA (CAB.EN DELEGSOL)],LUIS GALARZA ORELLANA (CAB.EN DELEGSOL),443
[DIVPOL].[NOMPARROQ].&[LUIS VARGAS TORRES (CAB. EN PLAYA DE ORO)],LUIS VARGAS TORRES (CAB. EN PLAYA DE ORO),23
"[DIVPOL].[NOMPARROQ].&[LUMBAQUÍ, CABECERA CANTONAL]","LUMBAQUÍ, CABECERA CANTONAL",10972
[DIVPOL].[NOMPARROQ].&[LUZ DE AMÉRICA],LUZ DE AMÉRICA,13995
"[DIVPOL].[NOMPARROQ].&[MACARÁ, CABECERA CANTONAL]","MACARÁ, CABECERA CANTONAL",17442
"[DIVPOL].[NOMPARROQ].&[MACAS, CABECERA CANTONAL Y CAPITAL PROVINCIAL]","MACAS, CABECERA CANTONAL Y CAPITAL PROVINCIAL",107335
"[DIVPOL].[NOMPARROQ].&[MACHACHI, CABECERA CANTONAL]","MACHACHI, CABECERA CANTONAL",75523
"[DIVPOL].[NOMPARROQ].&[MACHALA, CABECERA CANTONAL Y CAPITAL PROVINCIAL]","MACHALA, CABECERA CANTONAL Y CAPITAL PROVINCIAL",504339
[DIVPOL].[NOMPARROQ].&[MACHALILLA],MACHALILLA,2353
[DIVPOL].[NOMPARROQ].&[MACUMA],MACUMA,1237
[DIVPOL].[NOMPARROQ].&[MADRE TIERRA],MADRE TIERRA,2687
[DIVPOL].[NOMPARROQ].&[MAGDALENA (CHAPACOTO)],MAGDALENA (CHAPACOTO),1662
[DIVPOL].[NOMPARROQ].&[MAJUA],MAJUA,1165
[DIVPOL].[NOMPARROQ].&[MALACATOS (VALLADOLID)],MALACATOS (VALLADOLID),11057
[DIVPOL].[NOMPARROQ].&[MALCHINGUÍ],MALCHINGUÍ,4487
[DIVPOL].[NOMPARROQ].&[MALDONADO],MALDONADO,4032
[DIVPOL].[NOMPARROQ].&[MALIMPIA],MALIMPIA,2343
[DIVPOL].[NOMPARROQ].&[MALVAS],MALVAS,1569
[DIVPOL].[NOMPARROQ].&[MANGA DEL CURA],MANGA DEL CURA,2369
[DIVPOL].[NOMPARROQ].&[MANGAHURCO],MANGAHURCO,107
[DIVPOL].[NOMPARROQ].&[MANGLARALTO],MANGLARALTO,28056
"[DIVPOL].[NOMPARROQ].&[MANTA, CABECERA CANTONAL]","MANTA, CABECERA CANTONAL",296912
[DIVPOL].[NOMPARROQ].&[MANÚ],MANÚ,750
[DIVPOL].[NOMPARROQ].&[MANUEL CORNEJO ASTORGA (TANDAPI)],MANUEL CORNEJO ASTORGA (TANDAPI),13505
[DIVPOL].[NOMPARROQ].&[MANUEL J. CALLE],MANUEL J. CALLE,2758
"[DIVPOL].[NOMPARROQ].&[MARCABELÍ, CABECERA CANTONAL]","MARCABELÍ, CABECERA CANTONAL",6424
[DIVPOL].[NOMPARROQ].&[MARCOS ESPINEL (CHACATA)],MARCOS ESPINEL (CHACATA),587
[DIVPOL].[NOMPARROQ].&[MARIANO ACOSTA],MARIANO ACOSTA,172
[DIVPOL].[NOMPARROQ].&[MARIANO MORENO],MARIANO MORENO,1549
[DIVPOL].[NOMPARROQ].&[MARISCAL SUCRE],MARISCAL SUCRE,1164
[DIVPOL].[NOMPARROQ].&[MARISCAL SUCRE (HUAQUES)],MARISCAL SUCRE (HUAQUES),5862
[DIVPOL].[NOMPARROQ].&[MATAJE (CAB. EN SANTANDER)],MATAJE (CAB. EN SANTANDER),289
[DIVPOL].[NOMPARROQ].&[MATUS],MATUS,732
[DIVPOL].[NOMPARROQ].&[MEMBRILLAL],MEMBRILLAL,839
[DIVPOL].[NOMPARROQ].&[MEMBRILLO],MEMBRILLO,337
"[DIVPOL].[NOMPARROQ].&[MERA, CABECERA CANTONAL]","MERA, CABECERA CANTONAL",4309
[DIVPOL].[NOMPARROQ].&[MERCADILLO],MERCADILLO,579
[DIVPOL].[NOMPARROQ].&[MILAGRO],MILAGRO,133
"[DIVPOL].[NOMPARROQ].&[MILAGRO, CABECERA CANTONAL]","MILAGRO, CABECERA CANTONAL",217135
[DIVPOL].[NOMPARROQ].&[MILAGROS],MILAGROS,410
[DIVPOL].[NOMPARROQ].&[MINDO],MINDO,4923
"[DIVPOL].[NOMPARROQ].&[MIRA (CHONTAHUASI), CABECERA CANTONAL]","MIRA (CHONTAHUASI), CABECERA CANTONAL",7807
"[DIVPOL].[NOMPARROQ].&[MOCACHE, CABECERA CANTONAL]","MOCACHE, CABECERA CANTONAL",30454
"[DIVPOL].[NOMPARROQ].&[MOCHA, CABECERA CANTONAL]","MOCHA, CABECERA CANTONAL",7249
[DIVPOL].[NOMPARROQ].&[MOLLETURO],MOLLETURO,6146
[DIVPOL].[NOMPARROQ].&[MONTALVO],MONTALVO,4390
[DIVPOL].[NOMPARROQ].&[MONTALVO (ANDOAS)],MONTALVO (ANDOAS),1214
[DIVPOL].[NOMPARROQ].&[MONTALVO (CAB. EN HORQUETA)],MONTALVO (CAB. EN HORQUETA),1818
"[DIVPOL].[NOMPARROQ].&[MONTALVO, CABECERA CANTONAL]","MONTALVO, CABECERA CANTONAL",33115
[DIVPOL].[NOMPARROQ].&[MONTE OLIVO],MONTE OLIVO,564
"[DIVPOL].[NOMPARROQ].&[MONTECRISTI, CABECERA CANTONAL]","MONTECRISTI, CABECERA CANTONAL",58981
[DIVPOL].[NOMPARROQ].&[MONTERREY],MONTERREY,5674
[DIVPOL].[NOMPARROQ].&[MORALES],MORALES,221
[DIVPOL].[NOMPARROQ].&[MORASPUNGO],MORASPUNGO,6246
[DIVPOL].[NOMPARROQ].&[MOROMORO (CAB. EN EL VADO)],MOROMORO (CAB. EN EL VADO),1067
[DIVPOL].[NOMPARROQ].&[MORRO],MORRO,5153
"[DIVPOL].[NOMPARROQ].&[MUISNE, CABECERA CANTONAL]","MUISNE, CABECERA CANTONAL",14072
[DIVPOL].[NOMPARROQ].&[MULALILLO],MULALILLO,3770
[DIVPOL].[NOMPARROQ].&[MULALÓ],MULALÓ,9513
[DIVPOL].[NOMPARROQ].&[MULLIQUINDIL (SANTA ANA)],MULLIQUINDIL (SANTA ANA),2264
[DIVPOL].[NOMPARROQ].&[MULTITUD],MULTITUD,889
[DIVPOL].[NOMPARROQ].&[MULUNCAY GRANDE],MULUNCAY GRANDE,545
"[DIVPOL].[NOMPARROQ].&[NABÓN, CABECERA CANTONAL]","NABÓN, CABECERA CANTONAL",7098
[DIVPOL].[NOMPARROQ].&[NAMBACOLA],NAMBACOLA,1969
[DIVPOL].[NOMPARROQ].&[NANEGAL],NANEGAL,1374
[DIVPOL].[NOMPARROQ].&[NANEGALITO],NANEGALITO,8135
"[DIVPOL].[NOMPARROQ].&[NARANJAL, CABECERA CANTONAL]","NARANJAL, CABECERA CANTONAL",65999
"[DIVPOL].[NOMPARROQ].&[NARANJITO, CABECERA CANTONAL]","NARANJITO, CABECERA CANTONAL",46750
"[DIVPOL].[NOMPARROQ].&[NARCISA DE JESÚS (NOBOL), CABECERA CANTONAL]","NARCISA DE JESÚS (NOBOL), CABECERA CANTONAL",29779
[DIVPOL].[NOMPARROQ].&[NAYÓN],NAYÓN,21588
[DIVPOL].[NOMPARROQ].&[NAZÓN (CAB. EN PAMPA DE DOMÍNGUEZ)],NAZÓN (CAB. EN PAMPA DE DOMÍNGUEZ),1718
[DIVPOL].[NOMPARROQ].&[NOBOA],NOBOA,727
[DIVPOL].[NOMPARROQ].&[NONO],NONO,3825
[DIVPOL].[NOMPARROQ].&[NUEVA FÁTIMA],NUEVA FÁTIMA,120
"[DIVPOL].[NOMPARROQ].&[NUEVA LOJA, CABECERA CANTONAL Y CAPITAL PROVINCIAL]","NUEVA LOJA, CABECERA CANTONAL Y CAPITAL PROVINCIAL",184712
[DIVPOL].[NOMPARROQ].&[NUEVA TARQUI],NUEVA TARQUI,423
[DIVPOL].[NOMPARROQ].&[NUEVO PARAÍSO],NUEVO PARAÍSO,196
[DIVPOL].[NOMPARROQ].&[NUEVO PARAÍSO (CAB. EN UNIÓN CHIMBORAZO)],NUEVO PARAÍSO (CAB. EN UNIÓN CHIMBORAZO),2058
[DIVPOL].[NOMPARROQ].&[NUEVO QUITO],NUEVO QUITO,178
"[DIVPOL].[NOMPARROQ].&[NUEVO ROCAFUERTE, CABECERA CANTONAL]","NUEVO ROCAFUERTE, CABECERA CANTONAL",145
[DIVPOL].[NOMPARROQ].&[NULTI],NULTI,7839
[DIVPOL].[NOMPARROQ].&[OCTAVIO CORDERO PALACIOS (SANTA ROSA)],OCTAVIO CORDERO PALACIOS (SANTA ROSA),1323
[DIVPOL].[NOMPARROQ].&[OLMEDO (PESILLO)],OLMEDO (PESILLO),1680
"[DIVPOL].[NOMPARROQ].&[OLMEDO, CABECERA CANTONAL]","OLMEDO, CABECERA CANTONAL",5204
[DIVPOL].[NOMPARROQ].&[ORIANGA],ORIANGA,354
"[DIVPOL].[NOMPARROQ].&[OTAVALO, CABECERA CANTONAL]","OTAVALO, CABECERA CANTONAL",97864
[DIVPOL].[NOMPARROQ].&[OTÓN],OTÓN,1325
[DIVPOL].[NOMPARROQ].&[OYACACHI],OYACACHI,62
[DIVPOL].[NOMPARROQ].&[PABLO ARENAS],PABLO ARENAS,1051
"[DIVPOL].[NOMPARROQ].&[PABLO SEXTO, CABECERA CANTONAL]","PABLO SEXTO, CABECERA CANTONAL",4527
[DIVPOL].[NOMPARROQ].&[PACAYACU],PACAYACU,5228
[DIVPOL].[NOMPARROQ].&[PACCHA],PACCHA,8006
"[DIVPOL].[NOMPARROQ].&[PACCHA, CABECERA CANTONAL]","PACCHA, CABECERA CANTONAL",2957
[DIVPOL].[NOMPARROQ].&[PACHICUTZA],PACHICUTZA,1266
[DIVPOL].[NOMPARROQ].&[PACTO],PACTO,2181
"[DIVPOL].[NOMPARROQ].&[PAJÁN, CABECERA CANTONAL]","PAJÁN, CABECERA CANTONAL",6590
"[DIVPOL].[NOMPARROQ].&[PALANDA, CABECERA CANTONAL]","PALANDA, CABECERA CANTONAL",5330
"[DIVPOL].[NOMPARROQ].&[PALENQUE, CABECERA CANTONAL]","PALENQUE, CABECERA CANTONAL",9007
"[DIVPOL].[NOMPARROQ].&[PALESTINA,CABECERA CANTONAL]","PALESTINA,CABECERA CANTONAL",11737
[DIVPOL].[NOMPARROQ].&[PALETILLAS],PALETILLAS,596
"[DIVPOL].[NOMPARROQ].&[PALLATANGA, CABECERA CANTONAL]","PALLATANGA, CABECERA CANTONAL",11062
[DIVPOL].[NOMPARROQ].&[PALMA ROJA],PALMA ROJA,4746
[DIVPOL].[NOMPARROQ].&[PALMALES],PALMALES,1937
[DIVPOL].[NOMPARROQ].&[PALMAS],PALMAS,640
[DIVPOL].[NOMPARROQ].&[PALMIRA],PALMIRA,2920
[DIVPOL].[NOMPARROQ].&[PALO QUEMADO],PALO QUEMADO,120
"[DIVPOL].[NOMPARROQ].&[PALORA (METZERA),CABECERA CANTONAL]","PALORA (METZERA),CABECERA CANTONAL",10912
[DIVPOL].[NOMPARROQ].&[PAMPANAL DE BOLÍVAR],PAMPANAL DE BOLÍVAR,42
[DIVPOL].[NOMPARROQ].&[PAN DE AZÚCAR],PAN DE AZÚCAR,90
[DIVPOL].[NOMPARROQ].&[PANCHO NEGRO],PANCHO NEGRO,5748
[DIVPOL].[NOMPARROQ].&[PANGUINTZA],PANGUINTZA,1233
[DIVPOL].[NOMPARROQ].&[PANO],PANO,545
[DIVPOL].[NOMPARROQ].&[PANSALEO],PANSALEO,8001
[DIVPOL].[NOMPARROQ].&[PAÑACOCHA],PAÑACOCHA,76
[DIVPOL].[NOMPARROQ].&[PAPALLACTA],PAPALLACTA,2823
"[DIVPOL].[NOMPARROQ].&[PAQUISHA, CABECERA CANTONAL]","PAQUISHA, CABECERA CANTONAL",5178
[DIVPOL].[NOMPARROQ].&[PASA],PASA,2664
"[DIVPOL].[NOMPARROQ].&[PASAJE, CABECERA CANTONAL]","PASAJE, CABECERA CANTONAL",98121
[DIVPOL].[NOMPARROQ].&[PATAQUÍ],PATAQUÍ,78
"[DIVPOL].[NOMPARROQ].&[PATATE, CABECERA CANTONAL]","PATATE, CABECERA CANTONAL",10511
[DIVPOL].[NOMPARROQ].&[PATRICIA PILAR],PATRICIA PILAR,15786
[DIVPOL].[NOMPARROQ].&[PATUCA],PATUCA,1141
"[DIVPOL].[NOMPARROQ].&[PAUTE, CABECERA CANTONAL]","PAUTE, CABECERA CANTONAL",15584
"[DIVPOL].[NOMPARROQ].&[PEDERNALES, CABECERA CANTONAL]","PEDERNALES, CABECERA CANTONAL",37653
"[DIVPOL].[NOMPARROQ].&[PEDRO CARBO, CABECERA CANTONAL]","PEDRO CARBO, CABECERA CANTONAL",41455
[DIVPOL].[NOMPARROQ].&[PEDRO PABLO GÓMEZ],PEDRO PABLO GÓMEZ,738
"[DIVPOL].[NOMPARROQ].&[PEDRO VICENTE MALDONADO, CABECERA CANTONAL]","PEDRO VICENTE MALDONADO, CABECERA CANTONAL",9786
"[DIVPOL].[NOMPARROQ].&[PELILEO, CABECERA CANTONAL]","PELILEO, CABECERA CANTONAL",39887
"[DIVPOL].[NOMPARROQ].&[PENIPE, CABECERA CANTONAL]","PENIPE, CABECERA CANTONAL",3105
[DIVPOL].[NOMPARROQ].&[PEÑAHERRERA],PEÑAHERRERA,643
[DIVPOL].[NOMPARROQ].&[PERUCHO],PERUCHO,1048
[DIVPOL].[NOMPARROQ].&[PIARTAL],PIARTAL,72
[DIVPOL].[NOMPARROQ].&[PICAIGUA],PICAIGUA,8910
"[DIVPOL].[NOMPARROQ].&[PICHINCHA, CABECERA CANTONAL]","PICHINCHA, CABECERA CANTONAL",5571
[DIVPOL].[NOMPARROQ].&[PIEDRAS],PIEDRAS,268
[DIVPOL].[NOMPARROQ].&[PIFO],PIFO,35460
[DIVPOL].[NOMPARROQ].&[PILAGÜÍN (PILAHÜÍN)],PILAGÜÍN (PILAHÜÍN),4716
[DIVPOL].[NOMPARROQ].&[PILALÓ],PILALÓ,947
"[DIVPOL].[NOMPARROQ].&[PÍLLARO, CABECERA CANTONAL]","PÍLLARO, CABECERA CANTONAL",26789
"[DIVPOL].[NOMPARROQ].&[PIMAMPIRO, CABECERA CANTONAL]","PIMAMPIRO, CABECERA CANTONAL",16352
[DIVPOL].[NOMPARROQ].&[PIMOCHA],PIMOCHA,19055
"[DIVPOL].[NOMPARROQ].&[PINDAL, CABECERA CANTONAL]","PINDAL, CABECERA CANTONAL",4079
[DIVPOL].[NOMPARROQ].&[PINDILIG],PINDILIG,563
[DIVPOL].[NOMPARROQ].&[PINGUILÍ],PINGUILÍ,888
[DIVPOL].[NOMPARROQ].&[PINLLOPATA],PINLLOPATA,87
[DIVPOL].[NOMPARROQ].&[PÍNTAG],PÍNTAG,21729
"[DIVPOL].[NOMPARROQ].&[PIÑAS, CABECERA CANTONAL]","PIÑAS, CABECERA CANTONAL",20661
[DIVPOL].[NOMPARROQ].&[PIOTER],PIOTER,451
[DIVPOL].[NOMPARROQ].&[PISTISHÍ (NARIZ DEL DIABLO)],PISTISHÍ (NARIZ DEL DIABLO),181
[DIVPOL].[NOMPARROQ].&[PLAN PILOTO],PLAN PILOTO,2824
[DIVPOL].[NOMPARROQ].&[PLAZA GUTIÉRREZ  (CALVARIO)],PLAZA GUTIÉRREZ  (CALVARIO),158
[DIVPOL].[NOMPARROQ].&[POALÓ],POALÓ,3931
[DIVPOL].[NOMPARROQ].&[POMASQUI],POMASQUI,51986
[DIVPOL].[NOMPARROQ].&[POMONA],POMONA,349
[DIVPOL].[NOMPARROQ].&[POMPEYA],POMPEYA,313
"[DIVPOL].[NOMPARROQ].&[PORTOVELO, CABECERA CANTONAL]","PORTOVELO, CABECERA CANTONAL",18245
"[DIVPOL].[NOMPARROQ].&[PORTOVIEJO, CABECERA CANTONAL Y CAPITAL PROVINCIAL]","PORTOVIEJO, CABECERA CANTONAL Y CAPITAL PROVINCIAL",310597
[DIVPOL].[NOMPARROQ].&[POSORJA],POSORJA,22215
[DIVPOL].[NOMPARROQ].&[POZUL (SAN JUAN DE POZUL)],POZUL (SAN JUAN DE POZUL),1139
[DIVPOL].[NOMPARROQ].&[PRESIDENTE URBINA (CHAGRAPAMBA -PATZUCUL)],PRESIDENTE URBINA (CHAGRAPAMBA -PATZUCUL),1856
[DIVPOL].[NOMPARROQ].&[PRINCIPAL],PRINCIPAL,389
[DIVPOL].[NOMPARROQ].&[PROGRESO],PROGRESO,3611
[DIVPOL].[NOMPARROQ].&[PUCAPAMBA],PUCAPAMBA,150
"[DIVPOL].[NOMPARROQ].&[PUCARÁ, CABECERA CANTONAL]","PUCARÁ, CABECERA CANTONAL",4326
[DIVPOL].[NOMPARROQ].&[PUCAYACU],PUCAYACU,591
[DIVPOL].[NOMPARROQ].&[PUEBLO NUEVO],PUEBLO NUEVO,1150
"[DIVPOL].[NOMPARROQ].&[PUEBLOVIEJO, CABECERA CANTONAL]","PUEBLOVIEJO, CABECERA CANTONAL",25046
[DIVPOL].[NOMPARROQ].&[PUELA],PUELA,375
[DIVPOL].[NOMPARROQ].&[PUÉLLARO],PUÉLLARO,1771
[DIVPOL].[NOMPARROQ].&[PUEMBO],PUEMBO,24450
"[DIVPOL].[NOMPARROQ].&[PUERTO AYORA, CABECERA CANTONAL]","PUERTO AYORA, CABECERA CANTONAL",26590
"[DIVPOL].[NOMPARROQ].&[PUERTO BAQUERIZO MORENO, CABECERA CANTONAL Y CAPI*]","PUERTO BAQUERIZO MORENO, CABECERA CANTONAL Y CAPI*",29427
[DIVPOL].[NOMPARROQ].&[PUERTO BOLÍVAR (PUERTO MONTÚFAR)],PUERTO BOLÍVAR (PUERTO MONTÚFAR),16
[DIVPOL].[NOMPARROQ].&[PUERTO DE CAYO],PUERTO DE CAYO,2990
"[DIVPOL].[NOMPARROQ].&[PUERTO EL CARMEN DEL PUTUMAYO, CABECERA CANTONAL]","PUERTO EL CARMEN DEL PUTUMAYO, CABECERA CANTONAL",8151
"[DIVPOL].[NOMPARROQ].&[PUERTO FRANCISCO DE ORELLANA (EL COCA),CABECERA C*]","PUERTO FRANCISCO DE ORELLANA (EL COCA),CABECERA C*",143573
[DIVPOL].[NOMPARROQ].&[PUERTO LIBRE],PUERTO LIBRE,516
[DIVPOL].[NOMPARROQ].&[PUERTO LIMÓN],PUERTO LIMÓN,7704
"[DIVPOL].[NOMPARROQ].&[PUERTO LÓPEZ, CABECERA CANTONAL]","PUERTO LÓPEZ, CABECERA CANTONAL",7506
[DIVPOL].[NOMPARROQ].&[PUERTO MISAHUALLI],PUERTO MISAHUALLI,2406
[DIVPOL].[NOMPARROQ].&[PUERTO MURIALDO],PUERTO MURIALDO,880
[DIVPOL].[NOMPARROQ].&[PUERTO NAPO],PUERTO NAPO,2897
[DIVPOL].[NOMPARROQ].&[PUERTO PECHICHE],PUERTO PECHICHE,2045
"[DIVPOL].[NOMPARROQ].&[PUERTO QUITO, CABECERA CANTONAL]","PUERTO QUITO, CABECERA CANTONAL",12211
[DIVPOL].[NOMPARROQ].&[PUERTO RODRÍGUEZ],PUERTO RODRÍGUEZ,24
"[DIVPOL].[NOMPARROQ].&[PUERTO VILLAMIL, CABECERA CANTONAL]","PUERTO VILLAMIL, CABECERA CANTONAL",7311
"[DIVPOL].[NOMPARROQ].&[PUJILÍ, CABECERA CANTONAL]","PUJILÍ, CABECERA CANTONAL",37182
[DIVPOL].[NOMPARROQ].&[PUMALLACTA],PUMALLACTA,103
[DIVPOL].[NOMPARROQ].&[PUMPUENTSA],PUMPUENTSA,134
[DIVPOL].[NOMPARROQ].&[PUNÁ],PUNÁ,3498
[DIVPOL].[NOMPARROQ].&[PUNGALÁ],PUNGALÁ,1389
[DIVPOL].[NOMPARROQ].&[PUNÍN],PUNÍN,1814
[DIVPOL].[NOMPARROQ].&[PURUNUMA (EGUIGUREN)],PURUNUMA (EGUIGUREN),618
"[DIVPOL].[NOMPARROQ].&[PUYO, CABECERA CANTONAL Y CAPITAL PROVINCIAL]","PUYO, CABECERA CANTONAL Y CAPITAL PROVINCIAL",116974
"[DIVPOL].[NOMPARROQ].&[QUERO, CABECERA CANTONAL]","QUERO, CABECERA CANTONAL",10821
"[DIVPOL].[NOMPARROQ].&[QUEVEDO, CABECERA CANTONAL]","QUEVEDO, CABECERA CANTONAL",276422
"[DIVPOL].[NOMPARROQ].&[QUILANGA, CABECERA CANTONAL]","QUILANGA, CABECERA CANTONAL",3261
[DIVPOL].[NOMPARROQ].&[QUIMIAG],QUIMIAG,1901
[DIVPOL].[NOMPARROQ].&[QUINARA],QUINARA,605
[DIVPOL].[NOMPARROQ].&[QUINCHICOTO],QUINCHICOTO,746
[DIVPOL].[NOMPARROQ].&[QUINGEO],QUINGEO,3958
[DIVPOL].[NOMPARROQ].&[QUINGUE (OLMEDO PERDOMO FRANCO)],QUINGUE (OLMEDO PERDOMO FRANCO),49
"[DIVPOL].[NOMPARROQ].&[QUINSALOMA, CABECERA CANTONAL]","QUINSALOMA, CABECERA CANTONAL",14313
[DIVPOL].[NOMPARROQ].&[QUIROGA],QUIROGA,6509
[DIVPOL].[NOMPARROQ].&[QUISAPINCHA (QUIZAPINCHA)],QUISAPINCHA (QUIZAPINCHA),3581
"[DIVPOL].[NOMPARROQ].&[QUITO DISTRITO METROPOLITANO, CABECERA CANTONAL, *]","QUITO DISTRITO METROPOLITANO, CABECERA CANTONAL, *",3841162
[DIVPOL].[NOMPARROQ].&[RAMÓN CAMPAÑA],RAMÓN CAMPAÑA,290
[DIVPOL].[NOMPARROQ].&[RÉGULO DE MORA],RÉGULO DE MORA,322
[DIVPOL].[NOMPARROQ].&[REMIGIO CRESPO TORAL (GÚLAG)],REMIGIO CRESPO TORAL (GÚLAG),1151
[DIVPOL].[NOMPARROQ].&[RICAURTE],RICAURTE,50134
[DIVPOL].[NOMPARROQ].&[RÍO BLANCO],RÍO BLANCO,4539
[DIVPOL].[NOMPARROQ].&[RÍO BONITO],RÍO BONITO,8801
[DIVPOL].[NOMPARROQ].&[RÍO CORRIENTES],RÍO CORRIENTES,15
[DIVPOL].[NOMPARROQ].&[RÍO NEGRO],RÍO NEGRO,2346
[DIVPOL].[NOMPARROQ].&[RÍO TIGRE],RÍO TIGRE,75
[DIVPOL].[NOMPARROQ].&[RÍO VERDE],RÍO VERDE,1428
"[DIVPOL].[NOMPARROQ].&[RIOBAMBA, CABECERA CANTONAL Y CAPITAL PROVINCIAL]","RIOBAMBA, CABECERA CANTONAL Y CAPITAL PROVINCIAL",453392
[DIVPOL].[NOMPARROQ].&[RIOCHICO (RÍO CHICO)],RIOCHICO (RÍO CHICO),6126
"[DIVPOL].[NOMPARROQ].&[RÍOVERDE, CABECERA CANTONAL]","RÍOVERDE, CABECERA CANTONAL",8518
[DIVPOL].[NOMPARROQ].&[RIVERA],RIVERA,293
[DIVPOL].[NOMPARROQ].&[ROBERTO ASTUDILLO (CAB. EN CRUCE DE VENECIA)],ROBERTO ASTUDILLO (CAB. EN CRUCE DE VENECIA),6354
[DIVPOL].[NOMPARROQ].&[ROCAFUERTE],ROCAFUERTE,3128
"[DIVPOL].[NOMPARROQ].&[ROCAFUERTE, CABECERA CANTONAL]","ROCAFUERTE, CABECERA CANTONAL",23846
[DIVPOL].[NOMPARROQ].&[ROSA FLORIDA],ROSA FLORIDA,28
"[DIVPOL].[NOMPARROQ].&[ROSA ZÁRATE (QUININDÉ), CABECERA CANTONAL]","ROSA ZÁRATE (QUININDÉ), CABECERA CANTONAL",56079
[DIVPOL].[NOMPARROQ].&[RUMIPAMBA],RUMIPAMBA,1916
[DIVPOL].[NOMPARROQ].&[SABANILLA],SABANILLA,6712
[DIVPOL].[NOMPARROQ].&[SABIANGO (LA CAPILLA)],SABIANGO (LA CAPILLA),933
[DIVPOL].[NOMPARROQ].&[SACAPALCA],SACAPALCA,651
[DIVPOL].[NOMPARROQ].&[SALANGO],SALANGO,1869
[DIVPOL].[NOMPARROQ].&[SALASACA],SALASACA,3832
[DIVPOL].[NOMPARROQ].&[SALATÍ],SALATÍ,409
[DIVPOL].[NOMPARROQ].&[SALIMA],SALIMA,349
[DIVPOL].[NOMPARROQ].&[SALINAS],SALINAS,10824
"[DIVPOL].[NOMPARROQ].&[SALINAS, CABECERA CANTONAL]","SALINAS, CABECERA CANTONAL",66078
[DIVPOL].[NOMPARROQ].&[SALVIAS],SALVIAS,272
"[DIVPOL].[NOMPARROQ].&[SAMBORONDÓN, CABECERA CANTONAL]","SAMBORONDÓN, CABECERA CANTONAL",96994
[DIVPOL].[NOMPARROQ].&[SAN ANDRÉS],SAN ANDRÉS,14890
[DIVPOL].[NOMPARROQ].&[SAN ANTONIO],SAN ANTONIO,101543
[DIVPOL].[NOMPARROQ].&[SAN ANTONIO (CAB. EN SAN ANTONIO CENTRO)],SAN ANTONIO (CAB. EN SAN ANTONIO CENTRO),673
[DIVPOL].[NOMPARROQ].&[SAN ANTONIO DE BAYUSHIG],SAN ANTONIO DE BAYUSHIG,1002
[DIVPOL].[NOMPARROQ].&[SAN ANTONIO DE LAS ARADAS (CAB. EN LAS ARADAS)],SAN ANTONIO DE LAS ARADAS (CAB. EN LAS ARADAS),1278
[DIVPOL].[NOMPARROQ].&[SAN ANTONIO DE QUMBE (CUMBE)],SAN ANTONIO DE QUMBE (CUMBE),389
[DIVPOL].[NOMPARROQ].&[SAN BARTOLOMÉ],SAN BARTOLOMÉ,1763
[DIVPOL].[NOMPARROQ].&[SAN BARTOLOMÉ DE PINLLOG],SAN BARTOLOMÉ DE PINLLOG,11759
[DIVPOL].[NOMPARROQ].&[SAN BLAS],SAN BLAS,2307
[DIVPOL].[NOMPARROQ].&[SAN CARLOS],SAN CARLOS,25844
[DIVPOL].[NOMPARROQ].&[SAN CARLOS DE LAS MINAS],SAN CARLOS DE LAS MINAS,1567
[DIVPOL].[NOMPARROQ].&[SAN CARLOS DE LIMÓN],SAN CARLOS DE LIMÓN,143
[DIVPOL].[NOMPARROQ].&[SAN CRISTÓBAL (CARLOS ORDÓÑEZ LAZO)],SAN CRISTÓBAL (CARLOS ORDÓÑEZ LAZO),3185
[DIVPOL].[NOMPARROQ].&[SAN FELIPE DE OÑA CABECERA CANTONAL],SAN FELIPE DE OÑA CABECERA CANTONAL,2270
[DIVPOL].[NOMPARROQ].&[SAN FERNANDO (PASA SAN FERNANDO)],SAN FERNANDO (PASA SAN FERNANDO),1891
"[DIVPOL].[NOMPARROQ].&[SAN FERNANDO, CABECERA CANTONAL]","SAN FERNANDO, CABECERA CANTONAL",1207
[DIVPOL].[NOMPARROQ].&[SAN FRANCISCO],SAN FRANCISCO,1835
[DIVPOL].[NOMPARROQ].&[SAN FRANCISCO DE BORJA (VIRGILIO DÁVILA)],SAN FRANCISCO DE BORJA (VIRGILIO DÁVILA),779
[DIVPOL].[NOMPARROQ].&[SAN FRANCISCO DE CHINIMBIMI],SAN FRANCISCO DE CHINIMBIMI,923
[DIVPOL].[NOMPARROQ].&[SAN FRANCISCO DE NATABUELA],SAN FRANCISCO DE NATABUELA,8556
[DIVPOL].[NOMPARROQ].&[SAN FRANCISCO DE NOVILLO (CAB. EN  NOVILLO)],SAN FRANCISCO DE NOVILLO (CAB. EN  NOVILLO),127
[DIVPOL].[NOMPARROQ].&[SAN FRANCISCO DE ONZOLE],SAN FRANCISCO DE ONZOLE,28
[DIVPOL].[NOMPARROQ].&[SAN FRANCISCO DE SAGEO],SAN FRANCISCO DE SAGEO,1317
[DIVPOL].[NOMPARROQ].&[SAN FRANCISCO DE SIGSIPAMBA],SAN FRANCISCO DE SIGSIPAMBA,91
[DIVPOL].[NOMPARROQ].&[SAN FRANCISCO DEL VERGEL],SAN FRANCISCO DEL VERGEL,298
"[DIVPOL].[NOMPARROQ].&[SAN GABRIEL, CABECERA CANTONAL]","SAN GABRIEL, CABECERA CANTONAL",27858
[DIVPOL].[NOMPARROQ].&[SAN GERARDO],SAN GERARDO,366
[DIVPOL].[NOMPARROQ].&[SAN GERARDO DE PACAICAGUÁN],SAN GERARDO DE PACAICAGUÁN,1929
[DIVPOL].[NOMPARROQ].&[SAN GREGORIO],SAN GREGORIO,1642
[DIVPOL].[NOMPARROQ].&[SAN ISIDRO],SAN ISIDRO,7660
[DIVPOL].[NOMPARROQ].&[SAN ISIDRO DE PATULÚ],SAN ISIDRO DE PATULÚ,2229
[DIVPOL].[NOMPARROQ].&[SAN JACINTO],SAN JACINTO,796
"[DIVPOL].[NOMPARROQ].&[SAN JACINTO DE BUENA FÉ, CABECERA CANTONAL]","SAN JACINTO DE BUENA FÉ, CABECERA CANTONAL",81690
[DIVPOL].[NOMPARROQ].&[SAN JACINTO DE WAKAMBEIS],SAN JACINTO DE WAKAMBEIS,60
"[DIVPOL].[NOMPARROQ].&[SAN JACINTO DE YAGUACHI, CABECERA CANTONAL]","SAN JACINTO DE YAGUACHI, CABECERA CANTONAL",34067
[DIVPOL].[NOMPARROQ].&[SAN JACINTO DEL BÚA],SAN JACINTO DEL BÚA,7288
[DIVPOL].[NOMPARROQ].&[SAN JAVIER DE CACHAVÍ (CAB. EN SAN JAVIER)],SAN JAVIER DE CACHAVÍ (CAB. EN SAN JAVIER),130
[DIVPOL].[NOMPARROQ].&[SAN JOAQUÍN],SAN JOAQUÍN,10893
[DIVPOL].[NOMPARROQ].&[SAN JOSÉ],SAN JOSÉ,1086
[DIVPOL].[NOMPARROQ].&[SAN JOSÉ DE ANCÓN],SAN JOSÉ DE ANCÓN,4158
[DIVPOL].[NOMPARROQ].&[SAN JOSE DE AYORA],SAN JOSE DE AYORA,6464
[DIVPOL].[NOMPARROQ].&[SAN JOSÉ DE CAYAPAS],SAN JOSÉ DE CAYAPAS,33
[DIVPOL].[NOMPARROQ].&[SAN JOSÉ DE CHALTURA],SAN JOSÉ DE CHALTURA,3510
[DIVPOL].[NOMPARROQ].&[SAN JOSÉ DE CHAMANGA (CAB.EN CHAMANGA)],SAN JOSÉ DE CHAMANGA (CAB.EN CHAMANGA),2920
"[DIVPOL].[NOMPARROQ].&[SAN JOSÉ DE CHIMBO, CABECERA CANTONAL]","SAN JOSÉ DE CHIMBO, CABECERA CANTONAL",10294
[DIVPOL].[NOMPARROQ].&[SAN JOSÉ DE DAHUANO],SAN JOSÉ DE DAHUANO,746
[DIVPOL].[NOMPARROQ].&[SAN JOSÉ DE GUAYUSA],SAN JOSÉ DE GUAYUSA,1152
[DIVPOL].[NOMPARROQ].&[SAN JOSÉ DE MINAS],SAN JOSÉ DE MINAS,2049
[DIVPOL].[NOMPARROQ].&[SAN JOSÉ DE MORONA],SAN JOSÉ DE MORONA,1300
[DIVPOL].[NOMPARROQ].&[SAN JOSÉ DE PAYAMINO],SAN JOSÉ DE PAYAMINO,403
[DIVPOL].[NOMPARROQ].&[SAN JOSÉ DE POALÓ],SAN JOSÉ DE POALÓ,551
[DIVPOL].[NOMPARROQ].&[SAN JOSÉ DE QUICHINCHE],SAN JOSÉ DE QUICHINCHE,4589
[DIVPOL].[NOMPARROQ].&[SAN JOSÉ DE RARANGA],SAN JOSÉ DE RARANGA,707
[DIVPOL].[NOMPARROQ].&[SAN JOSÉ DEL CHAZO],SAN JOSÉ DEL CHAZO,345
[DIVPOL].[NOMPARROQ].&[SAN JOSÉ DEL TAMBO (TAMBOPAMBA)],SAN JOSÉ DEL TAMBO (TAMBOPAMBA),5277
[DIVPOL].[NOMPARROQ].&[SAN JUAN],SAN JUAN,26444
"[DIVPOL].[NOMPARROQ].&[SAN JUAN BOSCO, CABECERA CANTONAL]","SAN JUAN BOSCO, CABECERA CANTONAL",1701
[DIVPOL].[NOMPARROQ].&[SAN JUAN DE CERRO AZUL],SAN JUAN DE CERRO AZUL,107
[DIVPOL].[NOMPARROQ].&[SAN JUAN DE ILUMÁN],SAN JUAN DE ILUMÁN,7875
[DIVPOL].[NOMPARROQ].&[SAN JUAN DE MUYUNA],SAN JUAN DE MUYUNA,2391
[DIVPOL].[NOMPARROQ].&[SAN JUAN DE PASTOCALLE],SAN JUAN DE PASTOCALLE,10425
[DIVPOL].[NOMPARROQ].&[SAN LORENZO],SAN LORENZO,3740
"[DIVPOL].[NOMPARROQ].&[SAN LORENZO, CABECERA CANTONAL]","SAN LORENZO, CABECERA CANTONAL",31984
[DIVPOL].[NOMPARROQ].&[SAN LUCAS],SAN LUCAS,1850
[DIVPOL].[NOMPARROQ].&[SAN LUIS],SAN LUIS,15543
[DIVPOL].[NOMPARROQ].&[SAN LUIS DE ARMENIA],SAN LUIS DE ARMENIA,1747
[DIVPOL].[NOMPARROQ].&[SAN LUIS DE EL ACHO (CAB. EN EL ACHO)],SAN LUIS DE EL ACHO (CAB. EN EL ACHO),420
[DIVPOL].[NOMPARROQ].&[SAN LUIS DE PAMBIL],SAN LUIS DE PAMBIL,12172
[DIVPOL].[NOMPARROQ].&[SAN MARTÍN DE PUZHIO],SAN MARTÍN DE PUZHIO,514
[DIVPOL].[NOMPARROQ].&[SAN MATEO],SAN MATEO,9767
[DIVPOL].[NOMPARROQ].&[SAN MIGUEL],SAN MIGUEL,2197
[DIVPOL].[NOMPARROQ].&[SAN MIGUEL DE CONCHAY],SAN MIGUEL DE CONCHAY,134
[DIVPOL].[NOMPARROQ].&[SAN MIGUEL DE CUYES],SAN MIGUEL DE CUYES,132
"[DIVPOL].[NOMPARROQ].&[SAN MIGUEL DE IBARRA, CABECERA CANTONAL Y CAPITAL*]","SAN MIGUEL DE IBARRA, CABECERA CANTONAL Y CAPITAL*",475461
"[DIVPOL].[NOMPARROQ].&[SAN MIGUEL DE LOS BANCOS , CABECERA CANTONAL]","SAN MIGUEL DE LOS BANCOS , CABECERA CANTONAL",9474
"[DIVPOL].[NOMPARROQ].&[SAN MIGUEL, CABECERA CANTONAL]","SAN MIGUEL, CABECERA CANTONAL",62066
[DIVPOL].[NOMPARROQ].&[SAN MIGUELITO],SAN MIGUELITO,3033
[DIVPOL].[NOMPARROQ].&[SAN PABLO],SAN PABLO,10031
[DIVPOL].[NOMPARROQ].&[SAN PABLO  (SAN PABLO DE ATENAS)],SAN PABLO  (SAN PABLO DE ATENAS),4008
[DIVPOL].[NOMPARROQ].&[SAN PABLO (CAB. EN PUEBLO NUEVO)],SAN PABLO (CAB. EN PUEBLO NUEVO),185
[DIVPOL].[NOMPARROQ].&[SAN PABLO DE TENTA],SAN PABLO DE TENTA,606
[DIVPOL].[NOMPARROQ].&[SAN PABLO DE USHPAYACU],SAN PABLO DE USHPAYACU,1140
[DIVPOL].[NOMPARROQ].&[SAN PEDRO DE LA BENDITA],SAN PEDRO DE LA BENDITA,3069
[DIVPOL].[NOMPARROQ].&[SAN PEDRO DE LOS COFANES],SAN PEDRO DE LOS COFANES,4408
[DIVPOL].[NOMPARROQ].&[SAN PEDRO DE SUMA],SAN PEDRO DE SUMA,1338
[DIVPOL].[NOMPARROQ].&[SAN PEDRO DE VILCABAMBA],SAN PEDRO DE VILCABAMBA,2587
[DIVPOL].[NOMPARROQ].&[SAN PLÁCIDO],SAN PLÁCIDO,2970
[DIVPOL].[NOMPARROQ].&[SAN RAFAEL],SAN RAFAEL,2106
[DIVPOL].[NOMPARROQ].&[SAN RAFAEL DE SHARUG],SAN RAFAEL DE SHARUG,393
[DIVPOL].[NOMPARROQ].&[SAN ROQUE],SAN ROQUE,8830
[DIVPOL].[NOMPARROQ].&[SAN ROQUE (AMBROSIO MALDONADO)],SAN ROQUE (AMBROSIO MALDONADO),306
[DIVPOL].[NOMPARROQ].&[SAN ROQUE (CAB. EN SAN VICENTE)],SAN ROQUE (CAB. EN SAN VICENTE),1795
[DIVPOL].[NOMPARROQ].&[SAN SALVADOR DE CAÑARIBAMBA],SAN SALVADOR DE CAÑARIBAMBA,839
[DIVPOL].[NOMPARROQ].&[SAN SEBASTIÁN],SAN SEBASTIÁN,2362
[DIVPOL].[NOMPARROQ].&[SAN SEBASTIÁN DE YÚLUC],SAN SEBASTIÁN DE YÚLUC,404
[DIVPOL].[NOMPARROQ].&[SAN SEBASTIÁN DEL COCA],SAN SEBASTIÁN DEL COCA,2620
[DIVPOL].[NOMPARROQ].&[SAN SIMÓN (YACOTO)],SAN SIMÓN (YACOTO),4614
[DIVPOL].[NOMPARROQ].&[SAN VICENTE],SAN VICENTE,1836
[DIVPOL].[NOMPARROQ].&[SAN VICENTE DE HUATICOCHA],SAN VICENTE DE HUATICOCHA,397
[DIVPOL].[NOMPARROQ].&[SAN VICENTE DE PUSIR],SAN VICENTE DE PUSIR,1214
"[DIVPOL].[NOMPARROQ].&[SAN VICENTE, CABECERA CANTONAL]","SAN VICENTE, CABECERA CANTONAL",14217
[DIVPOL].[NOMPARROQ].&[SANGAY (CAB. EN NAYAMANACA)],SANGAY (CAB. EN NAYAMANACA),1925
"[DIVPOL].[NOMPARROQ].&[SANGOLQUI, CABECERA CANTONAL]","SANGOLQUI, CABECERA CANTONAL",249814
[DIVPOL].[NOMPARROQ].&[SANGUILLÍN],SANGUILLÍN,374
[DIVPOL].[NOMPARROQ].&[SANTA ANA],SANTA ANA,4210
"[DIVPOL].[NOMPARROQ].&[SANTA ANA DE VUELTA LARGA, CABECERA CANTONAL]","SANTA ANA DE VUELTA LARGA, CABECERA CANTONAL",10494
[DIVPOL].[NOMPARROQ].&[SANTA BÁRBARA],SANTA BÁRBARA,47
[DIVPOL].[NOMPARROQ].&[SANTA CECILIA],SANTA CECILIA,7246
"[DIVPOL].[NOMPARROQ].&[SANTA CLARA, CABECERA CANTONAL]","SANTA CLARA, CABECERA CANTONAL",2917
[DIVPOL].[NOMPARROQ].&[SANTA ELENA],SANTA ELENA,46
"[DIVPOL].[NOMPARROQ].&[SANTA ELENA, CABECERA CANTONAL Y CAPITAL PROVINCI*]","SANTA ELENA, CABECERA CANTONAL Y CAPITAL PROVINCI*",75244
[DIVPOL].[NOMPARROQ].&[SANTA FÉ (SANTA FÉ)],SANTA FÉ (SANTA FÉ),3065
[DIVPOL].[NOMPARROQ].&[SANTA FÉ DE GALÁN],SANTA FÉ DE GALÁN,311
"[DIVPOL].[NOMPARROQ].&[SANTA ISABEL (CHAGUARURCO), CABECERA CANTONAL]","SANTA ISABEL (CHAGUARURCO), CABECERA CANTONAL",14398
[DIVPOL].[NOMPARROQ].&[SANTA LUCÍA DE LAS PEÑAS],SANTA LUCÍA DE LAS PEÑAS,2087
"[DIVPOL].[NOMPARROQ].&[SANTA LUCÍA, CABECERA CANTONAL]","SANTA LUCÍA, CABECERA CANTONAL",21309
[DIVPOL].[NOMPARROQ].&[SANTA MARÍA DE HUIRIRIMA],SANTA MARÍA DE HUIRIRIMA,4
[DIVPOL].[NOMPARROQ].&[SANTA MARÍA DEL TOACHI],SANTA MARÍA DEL TOACHI,2383
[DIVPOL].[NOMPARROQ].&[SANTA MARIANITA (BOCA DE PACOCHE)],SANTA MARIANITA (BOCA DE PACOCHE),1648
[DIVPOL].[NOMPARROQ].&[SANTA MARIANITA DE JESÚS],SANTA MARIANITA DE JESÚS,1265
[DIVPOL].[NOMPARROQ].&[SANTA MARTHA DE CUBA],SANTA MARTHA DE CUBA,2023
[DIVPOL].[NOMPARROQ].&[SANTA RITA],SANTA RITA,412
[DIVPOL].[NOMPARROQ].&[SANTA ROSA],SANTA ROSA,28974
[DIVPOL].[NOMPARROQ].&[SANTA ROSA (INCLUYE LA ISLA BALTRA)],SANTA ROSA (INCLUYE LA ISLA BALTRA),3104
[DIVPOL].[NOMPARROQ].&[SANTA ROSA DE CUZUBAMBA],SANTA ROSA DE CUZUBAMBA,4001
[DIVPOL].[NOMPARROQ].&[SANTA ROSA DE FLANDES],SANTA ROSA DE FLANDES,7482
[DIVPOL].[NOMPARROQ].&[SANTA ROSA DE SUCUMBÍOS],SANTA ROSA DE SUCUMBÍOS,140
"[DIVPOL].[NOMPARROQ].&[SANTA ROSA, CABECERA CANTONAL]","SANTA ROSA, CABECERA CANTONAL",100263
[DIVPOL].[NOMPARROQ].&[SANTA RUFINA],SANTA RUFINA,420
[DIVPOL].[NOMPARROQ].&[SANTA SUSANA DE CHIVIAZA (CAB. EN CHIVIAZA)],SANTA SUSANA DE CHIVIAZA (CAB. EN CHIVIAZA),332
[DIVPOL].[NOMPARROQ].&[SANTA TERESITA],SANTA TERESITA,770
[DIVPOL].[NOMPARROQ].&[SANTIAGO],SANTIAGO,2809
"[DIVPOL].[NOMPARROQ].&[SANTIAGO DE MÉNDEZ, CABECERA CANTONAL]","SANTIAGO DE MÉNDEZ, CABECERA CANTONAL",7919
[DIVPOL].[NOMPARROQ].&[SANTIAGO DE PANANZA],SANTIAGO DE PANANZA,217
[DIVPOL].[NOMPARROQ].&[SANTIAGO DE QUITO (CAB. EN SAN ANTONIO DE QUITO)],SANTIAGO DE QUITO (CAB. EN SAN ANTONIO DE QUITO),1424
"[DIVPOL].[NOMPARROQ].&[SANTIAGO, CABECERA CANTONAL]","SANTIAGO, CABECERA CANTONAL",3015
"[DIVPOL].[NOMPARROQ].&[SANTO DOMINGO DE LOS COLORADOS, CABECERA CANTONAL*]","SANTO DOMINGO DE LOS COLORADOS, CABECERA CANTONAL*",677633
[DIVPOL].[NOMPARROQ].&[SANTO DOMINGO DE ONZOLE],SANTO DOMINGO DE ONZOLE,16
"[DIVPOL].[NOMPARROQ].&[SAQUISILÍ, CABECERA CANTONAL]","SAQUISILÍ, CABECERA CANTONAL",20131
[DIVPOL].[NOMPARROQ].&[SARACAY],SARACAY,2759
"[DIVPOL].[NOMPARROQ].&[SARAGURO, CABECERA CANTONAL]","SARAGURO, CABECERA CANTONAL",9601
[DIVPOL].[NOMPARROQ].&[SARAYACU],SARAYACU,302
[DIVPOL].[NOMPARROQ].&[SARDINAS],SARDINAS,258
[DIVPOL].[NOMPARROQ].&[SAYAUSÍ],SAYAUSÍ,13315
[DIVPOL].[NOMPARROQ].&[SELVA ALEGRE],SELVA ALEGRE,863
[DIVPOL].[NOMPARROQ].&[SELVA ALEGRE (CAB.EN SAN MIGUEL DE PAMPLONA)],SELVA ALEGRE (CAB.EN SAN MIGUEL DE PAMPLONA),238
[DIVPOL].[NOMPARROQ].&[SEVILLA],SEVILLA,2653
"[DIVPOL].[NOMPARROQ].&[SEVILLA DE ORO, CABECERA CANTONAL]","SEVILLA DE ORO, CABECERA CANTONAL",752
[DIVPOL].[NOMPARROQ].&[SEVILLA DON BOSCO],SEVILLA DON BOSCO,22377
[DIVPOL].[NOMPARROQ].&[SHELL],SHELL,15603
[DIVPOL].[NOMPARROQ].&[SHIMPIS],SHIMPIS,1644
"[DIVPOL].[NOMPARROQ].&[SHUSHUFINDI, CABECERA CANTONAL]","SHUSHUFINDI, CABECERA CANTONAL",42652
[DIVPOL].[NOMPARROQ].&[SIBAMBE],SIBAMBE,1461
[DIVPOL].[NOMPARROQ].&[SIDCAY],SIDCAY,2473
[DIVPOL].[NOMPARROQ].&[SIETE DE JULIO],SIETE DE JULIO,2709
"[DIVPOL].[NOMPARROQ].&[SIGCHOS, CABECERA CANTONAL]","SIGCHOS, CABECERA CANTONAL",6694
"[DIVPOL].[NOMPARROQ].&[SIGSIG, CABECERA CANTONAL]","SIGSIG, CABECERA CANTONAL",9970
[DIVPOL].[NOMPARROQ].&[SIMIÁTUG],SIMIÁTUG,2325
[DIVPOL].[NOMPARROQ].&[SIMÓN BOLÍVAR  (CAB. EN MUSHULLACTA)],SIMÓN BOLÍVAR  (CAB. EN MUSHULLACTA),6643
[DIVPOL].[NOMPARROQ].&[SIMÓN BOLÍVAR (CAB. EN GAÑANZOL)],SIMÓN BOLÍVAR (CAB. EN GAÑANZOL),635
[DIVPOL].[NOMPARROQ].&[SIMÓN BOLÍVAR (JULIO MORENO)],SIMÓN BOLÍVAR (JULIO MORENO),688
"[DIVPOL].[NOMPARROQ].&[SIMÓN BOLÍVAR, CABECERA CANTONAL]","SIMÓN BOLÍVAR, CABECERA CANTONAL",13089
[DIVPOL].[NOMPARROQ].&[SINAÍ],SINAÍ,1595
[DIVPOL].[NOMPARROQ].&[SININCAY],SININCAY,15417
[DIVPOL].[NOMPARROQ].&[SINSAO],SINSAO,485
[DIVPOL].[NOMPARROQ].&[SOLANO],SOLANO,1645
"[DIVPOL].[NOMPARROQ].&[SOZORANGA, CABECERA CANTONAL]","SOZORANGA, CABECERA CANTONAL",1418
[DIVPOL].[NOMPARROQ].&[SÚA  (CAB. EN LA BOCANA)],SÚA  (CAB. EN LA BOCANA),4251
[DIVPOL].[NOMPARROQ].&[SUCRE (CAB. EN SUCRE-PATATE URCU)],SUCRE (CAB. EN SUCRE-PATATE URCU),732
"[DIVPOL].[NOMPARROQ].&[SUCRE, CABECERA CANTONAL]","SUCRE, CABECERA CANTONAL",4483
"[DIVPOL].[NOMPARROQ].&[SUCÚA, CABECERA CANTONAL]","SUCÚA, CABECERA CANTONAL",29107
[DIVPOL].[NOMPARROQ].&[SUMACO],SUMACO,21
[DIVPOL].[NOMPARROQ].&[SUMAYPAMBA],SUMAYPAMBA,266
"[DIVPOL].[NOMPARROQ].&[SUSCAL, CABECERA CANTONAL]","SUSCAL, CABECERA CANTONAL",3212
[DIVPOL].[NOMPARROQ].&[SUSUDEL],SUSUDEL,999
[DIVPOL].[NOMPARROQ].&[TABABELA],TABABELA,13723
"[DIVPOL].[NOMPARROQ].&[TABACUNDO, CABECERA CANTONAL]","TABACUNDO, CABECERA CANTONAL",24630
[DIVPOL].[NOMPARROQ].&[TABIAZO],TABIAZO,933
[DIVPOL].[NOMPARROQ].&[TACAMOROS],TACAMOROS,266
[DIVPOL].[NOMPARROQ].&[TACHINA],TACHINA,9311
[DIVPOL].[NOMPARROQ].&[TADAY],TADAY,273
"[DIVPOL].[NOMPARROQ].&[TAISHA, CABECERA CANTONAL]","TAISHA, CABECERA CANTONAL",5967
[DIVPOL].[NOMPARROQ].&[TÁLAG],TÁLAG,1451
[DIVPOL].[NOMPARROQ].&[TAMBILLO],TAMBILLO,23457
[DIVPOL].[NOMPARROQ].&[TANICUCHÍ],TANICUCHÍ,16051
[DIVPOL].[NOMPARROQ].&[TAQUIL (MIGUEL RIOFRÍO)],TAQUIL (MIGUEL RIOFRÍO),2036
[DIVPOL].[NOMPARROQ].&[TARACOA (NUEVA ESPERANZA: YUCA)],TARACOA (NUEVA ESPERANZA: YUCA),16709
"[DIVPOL].[NOMPARROQ].&[TARAPOA , CABECERA CANTONAL]","TARAPOA , CABECERA CANTONAL",6611
[DIVPOL].[NOMPARROQ].&[TARIFA],TARIFA,19785
[DIVPOL].[NOMPARROQ].&[TARQUI],TARQUI,20966
[DIVPOL].[NOMPARROQ].&[TAURA],TAURA,9004
[DIVPOL].[NOMPARROQ].&[TAYUZA],TAYUZA,691
[DIVPOL].[NOMPARROQ].&[TELEMBÍ],TELEMBÍ,244
[DIVPOL].[NOMPARROQ].&[TELIMBELA],TELIMBELA,425
"[DIVPOL].[NOMPARROQ].&[TENA, CABECERA CANTONAL Y CAPITAL PROVINCIAL]","TENA, CABECERA CANTONAL Y CAPITAL PROVINCIAL",71846
[DIVPOL].[NOMPARROQ].&[TENDALES (CAB.EN PUERTO TENDALES)],TENDALES (CAB.EN PUERTO TENDALES),4307
[DIVPOL].[NOMPARROQ].&[TENGUEL],TENGUEL,8029
[DIVPOL].[NOMPARROQ].&[TENIENTE HUGO ORTIZ],TENIENTE HUGO ORTIZ,1030
[DIVPOL].[NOMPARROQ].&[TENINETE MAXIMILIANO RODRÍGUEZ LOAIZA],TENINETE MAXIMILIANO RODRÍGUEZ LOAIZA,169
[DIVPOL].[NOMPARROQ].&[TIMBARA],TIMBARA,2186
[DIVPOL].[NOMPARROQ].&[TIMBIRÉ],TIMBIRÉ,744
[DIVPOL].[NOMPARROQ].&[TINGO],TINGO,1416
[DIVPOL].[NOMPARROQ].&[TIPUTINI],TIPUTINI,339
"[DIVPOL].[NOMPARROQ].&[TISALEO, CABECERA CANTONAL]","TISALEO, CABECERA CANTONAL",11914
[DIVPOL].[NOMPARROQ].&[TIXÁN],TIXÁN,3016
[DIVPOL].[NOMPARROQ].&[TOACASO],TOACASO,4293
[DIVPOL].[NOMPARROQ].&[TOBAR DONOSO (LA BOCANA DE CAMUMBÍ)],TOBAR DONOSO (LA BOCANA DE CAMUMBÍ),22
[DIVPOL].[NOMPARROQ].&[TOCACHI],TOCACHI,2598
[DIVPOL].[NOMPARROQ].&[TOMÁS DE BERLANGA (SANTO TOMÁS)],TOMÁS DE BERLANGA (SANTO TOMÁS),300
[DIVPOL].[NOMPARROQ].&[TOMEBAMBA],TOMEBAMBA,511
[DIVPOL].[NOMPARROQ].&[TONCHIGÜE],TONCHIGÜE,9687
[DIVPOL].[NOMPARROQ].&[TONSUPA],TONSUPA,20849
[DIVPOL].[NOMPARROQ].&[TORATA],TORATA,1503
"[DIVPOL].[NOMPARROQ].&[TOSAGUA, CABECERA CANTONAL]","TOSAGUA, CABECERA CANTONAL",19763
[DIVPOL].[NOMPARROQ].&[TOTORAS],TOTORAS,16034
[DIVPOL].[NOMPARROQ].&[TRES DE NOVIEMBRE],TRES DE NOVIEMBRE,1037
[DIVPOL].[NOMPARROQ].&[TRIUNFO-DORADO],TRIUNFO-DORADO,1014
[DIVPOL].[NOMPARROQ].&[TUFIÑO],TUFIÑO,5177
"[DIVPOL].[NOMPARROQ].&[TULCÁN, CABECERA CANTONAL Y CAPITAL PROVINCIAL]","TULCÁN, CABECERA CANTONAL Y CAPITAL PROVINCIAL",160009
[DIVPOL].[NOMPARROQ].&[TULULBÍ (CAB. EN RICAURTE)],TULULBÍ (CAB. EN RICAURTE),605
[DIVPOL].[NOMPARROQ].&[TUMBABIRO],TUMBABIRO,2982
[DIVPOL].[NOMPARROQ].&[TUMBACO],TUMBACO,105353
[DIVPOL].[NOMPARROQ].&[TUNDAYME],TUNDAYME,922
[DIVPOL].[NOMPARROQ].&[TUPIGACHI],TUPIGACHI,1909
[DIVPOL].[NOMPARROQ].&[TURI],TURI,17766
[DIVPOL].[NOMPARROQ].&[TURUPAMBA],TURUPAMBA,536
[DIVPOL].[NOMPARROQ].&[TUTUPALI],TUTUPALI,73
[DIVPOL].[NOMPARROQ].&[TUUTINENTZA],TUUTINENTZA,393
[DIVPOL].[NOMPARROQ].&[ULBA],ULBA,5201
[DIVPOL].[NOMPARROQ].&[UNAMUNCHO],UNAMUNCHO,4182
[DIVPOL].[NOMPARROQ].&[UNIÓN MILAGREÑA],UNIÓN MILAGREÑA,589
[DIVPOL].[NOMPARROQ].&[URBINA],URBINA,784
[DIVPOL].[NOMPARROQ].&[URBINA (TAYA)],URBINA (TAYA),3612
[DIVPOL].[NOMPARROQ].&[URCUQUÍ CABECERA CANTONAL],URCUQUÍ CABECERA CANTONAL,9422
[DIVPOL].[NOMPARROQ].&[URDANETA (PAQUISHAPA)],URDANETA (PAQUISHAPA),1567
[DIVPOL].[NOMPARROQ].&[UTUANA],UTUANA,405
[DIVPOL].[NOMPARROQ].&[UYUMBICHO],UYUMBICHO,8047
[DIVPOL].[NOMPARROQ].&[UZHCURRUMI],UZHCURRUMI,448
[DIVPOL].[NOMPARROQ].&[VACAS GALINDO (EL CHURO) (CAB.EN SAN MIGUEL ALTO)],VACAS GALINDO (EL CHURO) (CAB.EN SAN MIGUEL ALTO),62
"[DIVPOL].[NOMPARROQ].&[VALDEZ (LIMONES), CABECERA CANTONAL]","VALDEZ (LIMONES), CABECERA CANTONAL",3384
"[DIVPOL].[NOMPARROQ].&[VALENCIA, CABECERA CANTONAL]","VALENCIA, CABECERA CANTONAL",38943
[DIVPOL].[NOMPARROQ].&[VALLADOLID],VALLADOLID,758
[DIVPOL].[NOMPARROQ].&[VALLE],VALLE,25000
[DIVPOL].[NOMPARROQ].&[VALLE DE LA VIRGEN],VALLE DE LA VIRGEN,2189
[DIVPOL].[NOMPARROQ].&[VALLE HERMOSO],VALLE HERMOSO,9531
[DIVPOL].[NOMPARROQ].&[VALPARAÍSO],VALPARAÍSO,93
"[DIVPOL].[NOMPARROQ].&[VELASCO IBARRA (EL EMPALME), CABECERA CANTONAL]","VELASCO IBARRA (EL EMPALME), CABECERA CANTONAL",61243
"[DIVPOL].[NOMPARROQ].&[VENTANAS, CABECERA CANTONAL]","VENTANAS, CABECERA CANTONAL",79105
[DIVPOL].[NOMPARROQ].&[VENTURA],VENTURA,427
[DIVPOL].[NOMPARROQ].&[VERACRUZ  (CAB. EN INDILLAMA)],VERACRUZ  (CAB. EN INDILLAMA),2423
[DIVPOL].[NOMPARROQ].&[VICENTINO],VICENTINO,367
[DIVPOL].[NOMPARROQ].&[VICHE],VICHE,4611
[DIVPOL].[NOMPARROQ].&[VICTORIA],VICTORIA,2673
[DIVPOL].[NOMPARROQ].&[VICTORIA DEL PORTETE (IRQUIS)],VICTORIA DEL PORTETE (IRQUIS),4730
[DIVPOL].[NOMPARROQ].&[VILCABAMBA  (VICTORIA)],VILCABAMBA  (VICTORIA),7279
"[DIVPOL].[NOMPARROQ].&[VILLA LA UNIÓN (CAJABAMBA), CABECERA CANTONAL]","VILLA LA UNIÓN (CAJABAMBA), CABECERA CANTONAL",10426
"[DIVPOL].[NOMPARROQ].&[VINCES, CABECERA CANTONAL]","VINCES, CABECERA CANTONAL",58183
[DIVPOL].[NOMPARROQ].&[VIRGEN DE FÁTIMA],VIRGEN DE FÁTIMA,30306
[DIVPOL].[NOMPARROQ].&[VUELTA LARGA],VUELTA LARGA,3366
[DIVPOL].[NOMPARROQ].&[WILFRIDO LOOR MOREIRA (MAICITO)],WILFRIDO LOOR MOREIRA (MAICITO),1363
[DIVPOL].[NOMPARROQ].&[YAGUACHI VIEJO (CONE)],YAGUACHI VIEJO (CONE),7128
[DIVPOL].[NOMPARROQ].&[YAMANA],YAMANA,635
[DIVPOL].[NOMPARROQ].&[YANAYACU - MOCHAPATA (CAB. EN YANAYACU)],YANAYACU - MOCHAPATA (CAB. EN YANAYACU),1034
[DIVPOL].[NOMPARROQ].&[YANGANA (ARSENIO CASTILLO)],YANGANA (ARSENIO CASTILLO),671
"[DIVPOL].[NOMPARROQ].&[YANTZAZA (YANZATZA), CABECERA CANTONAL]","YANTZAZA (YANZATZA), CABECERA CANTONAL",19728
[DIVPOL].[NOMPARROQ].&[YARUQUÍ],YARUQUÍ,38004
[DIVPOL].[NOMPARROQ].&[YASUNÍ],YASUNÍ,16
[DIVPOL].[NOMPARROQ].&[YAUPI],YAUPI,236
[DIVPOL].[NOMPARROQ].&[YUNGANZA (CAB. EN EL ROSARIO)],YUNGANZA (CAB. EN EL ROSARIO),1066
[DIVPOL].[NOMPARROQ].&[ZAMBI],ZAMBI,130
[DIVPOL].[NOMPARROQ].&[ZÁMBIZA],ZÁMBIZA,6677
"[DIVPOL].[NOMPARROQ].&[ZAMORA, CABECERA CANTONAL Y CAPITAL PROVINCIAL]","ZAMORA, CABECERA CANTONAL Y CAPITAL PROVINCIAL",25127
[DIVPOL].[NOMPARROQ].&[ZAPALLO],ZAPALLO,977
[DIVPOL].[NOMPARROQ].&[ZAPOTAL],ZAPOTAL,16192
"[DIVPOL].[NOMPARROQ].&[ZAPOTILLO, CABECERA CANTONAL]","ZAPOTILLO, CABECERA CANTONAL",6744
"[DIVPOL].[NOMPARROQ].&[ZARUMA, CABECERA CANTONAL]","ZARUMA, CABECERA CANTONAL",13915
[DIVPOL].[NOMPARROQ].&[ZHAGLLI (SHAGLLI)],ZHAGLLI (SHAGLLI),249
[DIVPOL].[NOMPARROQ].&[ZHIDMAD],ZHIDMAD,897
[DIVPOL].[NOMPARROQ].&[ZHUD],ZHUD,1478
"[DIVPOL].[NOMPARROQ].&[ZUMBA, CABECERA CANTONAL]","ZUMBA, CABECERA CANTONAL",7229
[DIVPOL].[NOMPARROQ].&[ZUMBAHUA],ZUMBAHUA,3489
"[DIVPOL].[NOMPARROQ].&[ZUMBI, CABECERA CANTONAL]","ZUMBI, CABECERA CANTONAL",5005
[DIVPOL].[NOMPARROQ].&[ZUÑA (ZÚÑAC)],ZUÑA (ZÚÑAC),278
[DIVPOL].[NOMPARROQ].&[ZURMI],ZURMI,544
[DIVPOL].[NOMPARROQ].&,,4343
