[DIVADM].[OBJECTID].[OBJECTID].[MEMBER_UNIQUE_NAME],[DIVADM].[OBJECTID].[OBJECTID].[MEMBER_CAPTION],[Measures].[SumaIncidentes]
[DIVADM].[OBJECTID].&[2.4628E4],24628,15
[DIVADM].[OBJECTID].&[2.4629E4],24629,75
[DIVADM].[OBJECTID].&[2.463E4],24630,1214
[DIVADM].[OBJECTID].&[2.4631E4],24631,297
[DIVADM].[OBJECTID].&[2.4632E4],24632,998
[DIVADM].[OBJECTID].&[2.4633E4],24633,6549
[DIVADM].[OBJECTID].&[2.4634E4],24634,17448
[DIVADM].[OBJECTID].&[2.4635E4],24635,9403
[DIVADM].[OBJECTID].&[2.4636E4],24636,2785
[DIVADM].[OBJECTID].&[2.4637E4],24637,7311
[DIVADM].[OBJECTID].&[2.4638E4],24638,6888
[DIVADM].[OBJECTID].&[2.4639E4],24639,4678
[DIVADM].[OBJECTID].&[2.464E4],24640,18727
[DIVADM].[OBJECTID].&[2.4641E4],24641,4956
[DIVADM].[OBJECTID].&[2.4642E4],24642,3642
[DIVADM].[OBJECTID].&[2.4643E4],24643,7990
[DIVADM].[OBJECTID].&[2.4644E4],24644,20065
[DIVADM].[OBJECTID].&[2.4645E4],24645,8347
[DIVADM].[OBJECTID].&[2.4646E4],24646,9593
[DIVADM].[OBJECTID].&[2.4647E4],24647,9362
[DIVADM].[OBJECTID].&[2.4648E4],24648,4333
[DIVADM].[OBJECTID].&[2.4649E4],24649,11694
[DIVADM].[OBJECTID].&[2.465E4],24650,22639
[DIVADM].[OBJECTID].&[2.4651E4],24651,1807
[DIVADM].[OBJECTID].&[2.4652E4],24652,300
[DIVADM].[OBJECTID].&[2.4653E4],24653,4131
[DIVADM].[OBJECTID].&[2.4654E4],24654,3104
[DIVADM].[OBJECTID].&[2.4655E4],24655,26586
[DIVADM].[OBJECTID].&[2.4656E4],24656,29444
[DIVADM].[OBJECTID].&[2.4657E4],24657,26024
[DIVADM].[OBJECTID].&[2.4658E4],24658,4307
[DIVADM].[OBJECTID].&[2.4659E4],24659,14069
[DIVADM].[OBJECTID].&[2.466E4],24660,23733
[DIVADM].[OBJECTID].&[2.4661E4],24661,15397
[DIVADM].[OBJECTID].&[2.4662E4],24662,12529
[DIVADM].[OBJECTID].&[2.4663E4],24663,17487
[DIVADM].[OBJECTID].&[2.4664E4],24664,10178
[DIVADM].[OBJECTID].&[2.4665E4],24665,13541
[DIVADM].[OBJECTID].&[2.4666E4],24666,13387
[DIVADM].[OBJECTID].&[2.4667E4],24667,7994
[DIVADM].[OBJECTID].&[2.4668E4],24668,17699
[DIVADM].[OBJECTID].&[2.4669E4],24669,1937
[DIVADM].[OBJECTID].&[2.467E4],24670,10743
[DIVADM].[OBJECTID].&[2.4671E4],24671,1871
[DIVADM].[OBJECTID].&[2.4672E4],24672,1518
[DIVADM].[OBJECTID].&[2.4673E4],24673,3686
[DIVADM].[OBJECTID].&[2.4674E4],24674,544
[DIVADM].[OBJECTID].&[2.4675E4],24675,196
[DIVADM].[OBJECTID].&[2.4676E4],24676,5326
[DIVADM].[OBJECTID].&[2.4677E4],24677,178
[DIVADM].[OBJECTID].&[2.4678E4],24678,87
[DIVADM].[OBJECTID].&[2.4679E4],24679,323
[DIVADM].[OBJECTID].&[2.468E4],24680,7229
[DIVADM].[OBJECTID].&[2.4681E4],24681,497
[DIVADM].[OBJECTID].&[2.4682E4],24682,390
[DIVADM].[OBJECTID].&[2.4683E4],24683,3970
[DIVADM].[OBJECTID].&[2.4684E4],24684,922
[DIVADM].[OBJECTID].&[2.4685E4],24685,37257
[DIVADM].[OBJECTID].&[2.4686E4],24686,22937
[DIVADM].[OBJECTID].&[2.4687E4],24687,31399
[DIVADM].[OBJECTID].&[2.4688E4],24688,16261
[DIVADM].[OBJECTID].&[2.4689E4],24689,18661
[DIVADM].[OBJECTID].&[2.469E4],24690,26633
[DIVADM].[OBJECTID].&[2.4691E4],24691,32559
[DIVADM].[OBJECTID].&[2.4692E4],24692,16022
[DIVADM].[OBJECTID].&[2.4693E4],24693,20786
[DIVADM].[OBJECTID].&[2.4694E4],24694,32094
[DIVADM].[OBJECTID].&[2.4695E4],24695,35448
[DIVADM].[OBJECTID].&[2.4696E4],24696,23519
[DIVADM].[OBJECTID].&[2.4697E4],24697,15800
[DIVADM].[OBJECTID].&[2.4698E4],24698,19688
[DIVADM].[OBJECTID].&[2.4699E4],24699,22024
[DIVADM].[OBJECTID].&[2.47E4],24700,32587
[DIVADM].[OBJECTID].&[2.4701E4],24701,22991
[DIVADM].[OBJECTID].&[2.4702E4],24702,31468
[DIVADM].[OBJECTID].&[2.4703E4],24703,32537
[DIVADM].[OBJECTID].&[2.4704E4],24704,24438
[DIVADM].[OBJECTID].&[2.4705E4],24705,18741
[DIVADM].[OBJECTID].&[2.4706E4],24706,25767
[DIVADM].[OBJECTID].&[2.4707E4],24707,17563
[DIVADM].[OBJECTID].&[2.4708E4],24708,8029
[DIVADM].[OBJECTID].&[2.4709E4],24709,18589
[DIVADM].[OBJECTID].&[2.471E4],24710,13496
[DIVADM].[OBJECTID].&[2.4711E4],24711,5153
[DIVADM].[OBJECTID].&[2.4712E4],24712,22215
[DIVADM].[OBJECTID].&[2.4713E4],24713,16372
[DIVADM].[OBJECTID].&[2.4714E4],24714,7191
[DIVADM].[OBJECTID].&[2.4715E4],24715,15107
[DIVADM].[OBJECTID].&[2.4716E4],24716,14236
[DIVADM].[OBJECTID].&[2.4718E4],24718,14763
[DIVADM].[OBJECTID].&[2.4719E4],24719,10226
[DIVADM].[OBJECTID].&[2.472E4],24720,2402
[DIVADM].[OBJECTID].&[2.4721E4],24721,11562
[DIVADM].[OBJECTID].&[2.4722E4],24722,16429
[DIVADM].[OBJECTID].&[2.4723E4],24723,18181
[DIVADM].[OBJECTID].&[2.4724E4],24724,4657
[DIVADM].[OBJECTID].&[2.4725E4],24725,3016
[DIVADM].[OBJECTID].&[2.4726E4],24726,8172
[DIVADM].[OBJECTID].&[2.4727E4],24727,7401
[DIVADM].[OBJECTID].&[2.4728E4],24728,2288
[DIVADM].[OBJECTID].&[2.4729E4],24729,22843
[DIVADM].[OBJECTID].&[2.473E4],24730,14234
[DIVADM].[OBJECTID].&[2.4731E4],24731,5581
[DIVADM].[OBJECTID].&[2.4732E4],24732,1010
[DIVADM].[OBJECTID].&[2.4733E4],24733,3071
[DIVADM].[OBJECTID].&[2.4734E4],24734,6922
[DIVADM].[OBJECTID].&[2.4735E4],24735,370
[DIVADM].[OBJECTID].&[2.4736E4],24736,9522
[DIVADM].[OBJECTID].&[2.4737E4],24737,4341
[DIVADM].[OBJECTID].&[2.4738E4],24738,360
[DIVADM].[OBJECTID].&[2.4739E4],24739,561
[DIVADM].[OBJECTID].&[2.474E4],24740,4315
[DIVADM].[OBJECTID].&[2.4742E4],24742,6283
[DIVADM].[OBJECTID].&[2.4743E4],24743,13711
[DIVADM].[OBJECTID].&[2.4744E4],24744,19771
[DIVADM].[OBJECTID].&[2.4745E4],24745,10974
[DIVADM].[OBJECTID].&[2.4746E4],24746,2376
[DIVADM].[OBJECTID].&[2.4747E4],24747,13609
[DIVADM].[OBJECTID].&[2.4748E4],24748,578
[DIVADM].[OBJECTID].&[2.4749E4],24749,641
[DIVADM].[OBJECTID].&[2.475E4],24750,17780
[DIVADM].[OBJECTID].&[2.4751E4],24751,20849
[DIVADM].[OBJECTID].&[2.4752E4],24752,9687
[DIVADM].[OBJECTID].&[2.4753E4],24753,289
[DIVADM].[OBJECTID].&[2.4754E4],24754,175
[DIVADM].[OBJECTID].&[2.4755E4],24755,1818
[DIVADM].[OBJECTID].&[2.4756E4],24756,10538
[DIVADM].[OBJECTID].&[2.4757E4],24757,10178
[DIVADM].[OBJECTID].&[2.4758E4],24758,2205
[DIVADM].[OBJECTID].&[2.4759E4],24759,5228
[DIVADM].[OBJECTID].&[2.476E4],24760,7760
[DIVADM].[OBJECTID].&[2.4761E4],24761,4792
[DIVADM].[OBJECTID].&[2.4762E4],24762,24
[DIVADM].[OBJECTID].&[2.4763E4],24763,881
[DIVADM].[OBJECTID].&[2.4764E4],24764,396
[DIVADM].[OBJECTID].&[2.4765E4],24765,2990
[DIVADM].[OBJECTID].&[2.4766E4],24766,11728
[DIVADM].[OBJECTID].&[2.4767E4],24767,17508
[DIVADM].[OBJECTID].&[2.4768E4],24768,4743
[DIVADM].[OBJECTID].&[2.4769E4],24769,42404
[DIVADM].[OBJECTID].&[2.477E4],24770,24918
[DIVADM].[OBJECTID].&[2.4771E4],24771,6961
[DIVADM].[OBJECTID].&[2.4772E4],24772,302
[DIVADM].[OBJECTID].&[2.4773E4],24773,2759
[DIVADM].[OBJECTID].&[2.4774E4],24774,12368
[DIVADM].[OBJECTID].&[2.4775E4],24775,3034
[DIVADM].[OBJECTID].&[2.4776E4],24776,3636
[DIVADM].[OBJECTID].&[2.4777E4],24777,4475
[DIVADM].[OBJECTID].&[2.4778E4],24778,4309
[DIVADM].[OBJECTID].&[2.4779E4],24779,5075
[DIVADM].[OBJECTID].&[2.478E4],24780,7529
[DIVADM].[OBJECTID].&[2.4782E4],24782,4804
[DIVADM].[OBJECTID].&[2.4783E4],24783,3573
[DIVADM].[OBJECTID].&[2.4784E4],24784,21228
[DIVADM].[OBJECTID].&[2.4785E4],24785,7579
[DIVADM].[OBJECTID].&[2.4786E4],24786,6251
[DIVADM].[OBJECTID].&[2.4787E4],24787,5202
[DIVADM].[OBJECTID].&[2.4788E4],24788,10094
[DIVADM].[OBJECTID].&[2.4789E4],24789,21622
[DIVADM].[OBJECTID].&[2.479E4],24790,15773
[DIVADM].[OBJECTID].&[2.4791E4],24791,8676
[DIVADM].[OBJECTID].&[2.4792E4],24792,814
[DIVADM].[OBJECTID].&[2.4793E4],24793,796
[DIVADM].[OBJECTID].&[2.4794E4],24794,11148
[DIVADM].[OBJECTID].&[2.4795E4],24795,233
[DIVADM].[OBJECTID].&[2.4796E4],24796,4646
[DIVADM].[OBJECTID].&[2.4797E4],24797,2189
[DIVADM].[OBJECTID].&[2.4798E4],24798,973
[DIVADM].[OBJECTID].&[2.4799E4],24799,1488
[DIVADM].[OBJECTID].&[2.48E4],24800,2654
[DIVADM].[OBJECTID].&[2.4801E4],24801,5465
[DIVADM].[OBJECTID].&[2.4803E4],24803,19393
[DIVADM].[OBJECTID].&[2.4804E4],24804,16463
[DIVADM].[OBJECTID].&[2.4805E4],24805,14756
[DIVADM].[OBJECTID].&[2.4806E4],24806,10672
[DIVADM].[OBJECTID].&[2.4807E4],24807,20018
[DIVADM].[OBJECTID].&[2.4808E4],24808,12667
[DIVADM].[OBJECTID].&[2.4809E4],24809,5032
[DIVADM].[OBJECTID].&[2.4811E4],24811,4984
[DIVADM].[OBJECTID].&[2.4812E4],24812,6485
[DIVADM].[OBJECTID].&[2.4813E4],24813,22097
[DIVADM].[OBJECTID].&[2.4814E4],24814,10928
[DIVADM].[OBJECTID].&[2.4815E4],24815,32900
[DIVADM].[OBJECTID].&[2.4816E4],24816,4677
[DIVADM].[OBJECTID].&[2.4817E4],24817,14359
[DIVADM].[OBJECTID].&[2.4818E4],24818,16104
[DIVADM].[OBJECTID].&[2.4819E4],24819,5906
[DIVADM].[OBJECTID].&[2.482E4],24820,20473
[DIVADM].[OBJECTID].&[2.4821E4],24821,11872
[DIVADM].[OBJECTID].&[2.4822E4],24822,7682
[DIVADM].[OBJECTID].&[2.4823E4],24823,5862
[DIVADM].[OBJECTID].&[2.4824E4],24824,6355
[DIVADM].[OBJECTID].&[2.4825E4],24825,3468
[DIVADM].[OBJECTID].&[2.4826E4],24826,19030
[DIVADM].[OBJECTID].&[2.4827E4],24827,9159
[DIVADM].[OBJECTID].&[2.4828E4],24828,2010
[DIVADM].[OBJECTID].&[2.4829E4],24829,39816
[DIVADM].[OBJECTID].&[2.483E4],24830,23002
[DIVADM].[OBJECTID].&[2.4831E4],24831,7648
[DIVADM].[OBJECTID].&[2.4832E4],24832,4573
[DIVADM].[OBJECTID].&[2.4833E4],24833,11412
[DIVADM].[OBJECTID].&[2.4834E4],24834,12209
[DIVADM].[OBJECTID].&[2.4835E4],24835,7239
[DIVADM].[OBJECTID].&[2.4836E4],24836,1861
[DIVADM].[OBJECTID].&[2.4837E4],24837,11591
[DIVADM].[OBJECTID].&[2.4838E4],24838,7384
[DIVADM].[OBJECTID].&[2.4839E4],24839,3431
[DIVADM].[OBJECTID].&[2.484E4],24840,2684
[DIVADM].[OBJECTID].&[2.4841E4],24841,1284
[DIVADM].[OBJECTID].&[2.4842E4],24842,2838
[DIVADM].[OBJECTID].&[2.4843E4],24843,16602
[DIVADM].[OBJECTID].&[2.4844E4],24844,6339
[DIVADM].[OBJECTID].&[2.4846E4],24846,7128
[DIVADM].[OBJECTID].&[2.4847E4],24847,6149
[DIVADM].[OBJECTID].&[2.4848E4],24848,4333
[DIVADM].[OBJECTID].&[2.4849E4],24849,13392
[DIVADM].[OBJECTID].&[2.485E4],24850,12346
[DIVADM].[OBJECTID].&[2.4851E4],24851,44109
[DIVADM].[OBJECTID].&[2.4852E4],24852,32784
[DIVADM].[OBJECTID].&[2.4853E4],24853,14308
[DIVADM].[OBJECTID].&[2.4854E4],24854,12249
[DIVADM].[OBJECTID].&[2.4855E4],24855,12489
[DIVADM].[OBJECTID].&[2.4856E4],24856,5301
[DIVADM].[OBJECTID].&[2.4857E4],24857,5913
[DIVADM].[OBJECTID].&[2.4858E4],24858,2062
[DIVADM].[OBJECTID].&[2.4859E4],24859,5820
[DIVADM].[OBJECTID].&[2.486E4],24860,2451
[DIVADM].[OBJECTID].&[2.4861E4],24861,12877
[DIVADM].[OBJECTID].&[2.4862E4],24862,6228
[DIVADM].[OBJECTID].&[2.4863E4],24863,316
[DIVADM].[OBJECTID].&[2.4864E4],24864,27013
[DIVADM].[OBJECTID].&[2.4865E4],24865,2749
[DIVADM].[OBJECTID].&[2.4866E4],24866,25046
[DIVADM].[OBJECTID].&[2.4867E4],24867,14023
[DIVADM].[OBJECTID].&[2.4868E4],24868,2045
[DIVADM].[OBJECTID].&[2.4869E4],24869,2633
[DIVADM].[OBJECTID].&[2.487E4],24870,9387
[DIVADM].[OBJECTID].&[2.4871E4],24871,11378
[DIVADM].[OBJECTID].&[2.4872E4],24872,16363
[DIVADM].[OBJECTID].&[2.4873E4],24873,15440
[DIVADM].[OBJECTID].&[2.4874E4],24874,3016
[DIVADM].[OBJECTID].&[2.4875E4],24875,26315
[DIVADM].[OBJECTID].&[2.4876E4],24876,1543
[DIVADM].[OBJECTID].&[2.4877E4],24877,6258
[DIVADM].[OBJECTID].&[2.4878E4],24878,6374
[DIVADM].[OBJECTID].&[2.4879E4],24879,17438
[DIVADM].[OBJECTID].&[2.488E4],24880,1306
[DIVADM].[OBJECTID].&[2.4881E4],24881,22082
[DIVADM].[OBJECTID].&[2.4882E4],24882,1983
[DIVADM].[OBJECTID].&[2.4883E4],24883,3301
[DIVADM].[OBJECTID].&[2.4884E4],24884,11748
[DIVADM].[OBJECTID].&[2.4885E4],24885,5322
[DIVADM].[OBJECTID].&[2.4886E4],24886,22764
[DIVADM].[OBJECTID].&[2.4887E4],24887,34747
[DIVADM].[OBJECTID].&[2.4888E4],24888,21594
[DIVADM].[OBJECTID].&[2.4889E4],24889,14313
[DIVADM].[OBJECTID].&[2.489E4],24890,3688
[DIVADM].[OBJECTID].&[2.4891E4],24891,764
[DIVADM].[OBJECTID].&[2.4892E4],24892,1216
[DIVADM].[OBJECTID].&[2.4893E4],24893,658
[DIVADM].[OBJECTID].&[2.4894E4],24894,1120
[DIVADM].[OBJECTID].&[2.4895E4],24895,14101
[DIVADM].[OBJECTID].&[2.4896E4],24896,7295
[DIVADM].[OBJECTID].&[2.4897E4],24897,11736
[DIVADM].[OBJECTID].&[2.4898E4],24898,22057
[DIVADM].[OBJECTID].&[2.4899E4],24899,1276
[DIVADM].[OBJECTID].&[2.49E4],24900,7731
[DIVADM].[OBJECTID].&[2.4901E4],24901,6907
[DIVADM].[OBJECTID].&[2.4902E4],24902,2830
[DIVADM].[OBJECTID].&[2.4903E4],24903,15770
[DIVADM].[OBJECTID].&[2.4904E4],24904,20675
[DIVADM].[OBJECTID].&[2.4905E4],24905,3503
[DIVADM].[OBJECTID].&[2.4906E4],24906,349
[DIVADM].[OBJECTID].&[2.4907E4],24907,9280
[DIVADM].[OBJECTID].&[2.4908E4],24908,2853
[DIVADM].[OBJECTID].&[2.4909E4],24909,5157
[DIVADM].[OBJECTID].&[2.491E4],24910,21304
[DIVADM].[OBJECTID].&[2.4911E4],24911,688
[DIVADM].[OBJECTID].&[2.4912E4],24912,4344
[DIVADM].[OBJECTID].&[2.4913E4],24913,15465
[DIVADM].[OBJECTID].&[2.4914E4],24914,6272
[DIVADM].[OBJECTID].&[2.4915E4],24915,18513
[DIVADM].[OBJECTID].&[2.4916E4],24916,1107
[DIVADM].[OBJECTID].&[2.4917E4],24917,4903
[DIVADM].[OBJECTID].&[2.4918E4],24918,72792
[DIVADM].[OBJECTID].&[2.4919E4],24919,16004
[DIVADM].[OBJECTID].&[2.492E4],24920,1515
[DIVADM].[OBJECTID].&[2.4921E4],24921,5601
[DIVADM].[OBJECTID].&[2.4922E4],24922,15774
[DIVADM].[OBJECTID].&[2.4923E4],24923,8801
[DIVADM].[OBJECTID].&[2.4924E4],24924,7585
[DIVADM].[OBJECTID].&[2.4925E4],24925,9697
[DIVADM].[OBJECTID].&[2.4926E4],24926,35591
[DIVADM].[OBJECTID].&[2.4927E4],24927,8248
[DIVADM].[OBJECTID].&[2.4928E4],24928,474
[DIVADM].[OBJECTID].&[2.4929E4],24929,3611
[DIVADM].[OBJECTID].&[2.493E4],24930,3726
[DIVADM].[OBJECTID].&[2.4931E4],24931,448
[DIVADM].[OBJECTID].&[2.4932E4],24932,17187
[DIVADM].[OBJECTID].&[2.4933E4],24933,12346
[DIVADM].[OBJECTID].&[2.4934E4],24934,16742
[DIVADM].[OBJECTID].&[2.4935E4],24935,25511
[DIVADM].[OBJECTID].&[2.4936E4],24936,21195
[DIVADM].[OBJECTID].&[2.4937E4],24937,15544
[DIVADM].[OBJECTID].&[2.4938E4],24938,49580
[DIVADM].[OBJECTID].&[2.4939E4],24939,24518
[DIVADM].[OBJECTID].&[2.494E4],24940,38505
[DIVADM].[OBJECTID].&[2.4941E4],24941,11122
[DIVADM].[OBJECTID].&[2.4942E4],24942,45036
[DIVADM].[OBJECTID].&[2.4943E4],24943,1278
[DIVADM].[OBJECTID].&[2.4944E4],24944,107
[DIVADM].[OBJECTID].&[2.4945E4],24945,441
[DIVADM].[OBJECTID].&[2.4946E4],24946,409
[DIVADM].[OBJECTID].&[2.4947E4],24947,476
[DIVADM].[OBJECTID].&[2.4948E4],24948,1407
[DIVADM].[OBJECTID].&[2.4949E4],24949,13915
[DIVADM].[OBJECTID].&[2.495E4],24950,3948
[DIVADM].[OBJECTID].&[2.4951E4],24951,8955
[DIVADM].[OBJECTID].&[2.4952E4],24952,6562
[DIVADM].[OBJECTID].&[2.4953E4],24953,1067
[DIVADM].[OBJECTID].&[2.4954E4],24954,9799
[DIVADM].[OBJECTID].&[2.4955E4],24955,2759
[DIVADM].[OBJECTID].&[2.4956E4],24956,772
[DIVADM].[OBJECTID].&[2.4957E4],24957,11728
[DIVADM].[OBJECTID].&[2.4958E4],24958,301
[DIVADM].[OBJECTID].&[2.4959E4],24959,9044
[DIVADM].[OBJECTID].&[2.496E4],24960,1667
[DIVADM].[OBJECTID].&[2.4961E4],24961,2673
[DIVADM].[OBJECTID].&[2.4962E4],24962,27801
[DIVADM].[OBJECTID].&[2.4963E4],24963,31001
[DIVADM].[OBJECTID].&[2.4964E4],24964,871
[DIVADM].[OBJECTID].&[2.4965E4],24965,14921
[DIVADM].[OBJECTID].&[2.4966E4],24966,10206
[DIVADM].[OBJECTID].&[2.4967E4],24967,728
[DIVADM].[OBJECTID].&[2.4968E4],24968,184
[DIVADM].[OBJECTID].&[2.4969E4],24969,1934
[DIVADM].[OBJECTID].&[2.497E4],24970,4856
[DIVADM].[OBJECTID].&[2.4971E4],24971,2569
[DIVADM].[OBJECTID].&[2.4972E4],24972,537
[DIVADM].[OBJECTID].&[2.4973E4],24973,73
[DIVADM].[OBJECTID].&[2.4974E4],24974,7252
[DIVADM].[OBJECTID].&[2.4975E4],24975,6088
[DIVADM].[OBJECTID].&[2.4976E4],24976,253
[DIVADM].[OBJECTID].&[2.4977E4],24977,19728
[DIVADM].[OBJECTID].&[2.4978E4],24978,13659
[DIVADM].[OBJECTID].&[2.4979E4],24979,18245
[DIVADM].[OBJECTID].&[2.498E4],24980,11605
[DIVADM].[OBJECTID].&[2.4981E4],24981,15953
[DIVADM].[OBJECTID].&[2.4982E4],24982,37199
[DIVADM].[OBJECTID].&[2.4983E4],24983,9917
[DIVADM].[OBJECTID].&[2.4984E4],24984,9401
[DIVADM].[OBJECTID].&[2.4985E4],24985,22307
[DIVADM].[OBJECTID].&[2.4986E4],24986,12007
[DIVADM].[OBJECTID].&[2.4987E4],24987,27651
[DIVADM].[OBJECTID].&[2.4988E4],24988,15003
[DIVADM].[OBJECTID].&[2.4989E4],24989,5491
[DIVADM].[OBJECTID].&[2.499E4],24990,27294
[DIVADM].[OBJECTID].&[2.4991E4],24991,22511
[DIVADM].[OBJECTID].&[2.4992E4],24992,11413
[DIVADM].[OBJECTID].&[2.4993E4],24993,6230
[DIVADM].[OBJECTID].&[2.4994E4],24994,6228
[DIVADM].[OBJECTID].&[2.4995E4],24995,19043
[DIVADM].[OBJECTID].&[2.4996E4],24996,19785
[DIVADM].[OBJECTID].&[2.4997E4],24997,3982
[DIVADM].[OBJECTID].&[2.4998E4],24998,20831
[DIVADM].[OBJECTID].&[2.4999E4],24999,31875
[DIVADM].[OBJECTID].&[2.5E4],25000,7046
[DIVADM].[OBJECTID].&[2.5001E4],25001,5355
[DIVADM].[OBJECTID].&[2.5002E4],25002,860
[DIVADM].[OBJECTID].&[2.5003E4],25003,8068
[DIVADM].[OBJECTID].&[2.5004E4],25004,8823
[DIVADM].[OBJECTID].&[2.5005E4],25005,8145
[DIVADM].[OBJECTID].&[2.5006E4],25006,3784
[DIVADM].[OBJECTID].&[2.5007E4],25007,20650
[DIVADM].[OBJECTID].&[2.5008E4],25008,370
[DIVADM].[OBJECTID].&[2.5009E4],25009,3532
[DIVADM].[OBJECTID].&[2.501E4],25010,5606
[DIVADM].[OBJECTID].&[2.5011E4],25011,482
[DIVADM].[OBJECTID].&[2.5012E4],25012,6126
[DIVADM].[OBJECTID].&[2.5013E4],25013,7608
[DIVADM].[OBJECTID].&[2.5014E4],25014,2970
[DIVADM].[OBJECTID].&[2.5015E4],25015,7550
[DIVADM].[OBJECTID].&[2.5016E4],25016,10152
[DIVADM].[OBJECTID].&[2.5017E4],25017,14848
[DIVADM].[OBJECTID].&[2.5018E4],25018,7360
[DIVADM].[OBJECTID].&[2.5019E4],25019,3952
[DIVADM].[OBJECTID].&[2.502E4],25020,1669
[DIVADM].[OBJECTID].&[2.5021E4],25021,5582
[DIVADM].[OBJECTID].&[2.5022E4],25022,8231
[DIVADM].[OBJECTID].&[2.5023E4],25023,5244
[DIVADM].[OBJECTID].&[2.5024E4],25024,10461
[DIVADM].[OBJECTID].&[2.5025E4],25025,3566
[DIVADM].[OBJECTID].&[2.5026E4],25026,5567
[DIVADM].[OBJECTID].&[2.5027E4],25027,9031
[DIVADM].[OBJECTID].&[2.5028E4],25028,6310
[DIVADM].[OBJECTID].&[2.5029E4],25029,10631
[DIVADM].[OBJECTID].&[2.503E4],25030,651
[DIVADM].[OBJECTID].&[2.5031E4],25031,2344
[DIVADM].[OBJECTID].&[2.5032E4],25032,839
[DIVADM].[OBJECTID].&[2.5033E4],25033,738
[DIVADM].[OBJECTID].&[2.5034E4],25034,2658
[DIVADM].[OBJECTID].&[2.5035E4],25035,168
[DIVADM].[OBJECTID].&[2.5036E4],25036,7169
[DIVADM].[OBJECTID].&[2.5037E4],25037,499
[DIVADM].[OBJECTID].&[2.5038E4],25038,1991
[DIVADM].[OBJECTID].&[2.5039E4],25039,993
[DIVADM].[OBJECTID].&[2.504E4],25040,860
[DIVADM].[OBJECTID].&[2.5041E4],25041,185
[DIVADM].[OBJECTID].&[2.5042E4],25042,440
[DIVADM].[OBJECTID].&[2.5043E4],25043,727
[DIVADM].[OBJECTID].&[2.5044E4],25044,4483
[DIVADM].[OBJECTID].&[2.5045E4],25045,827
[DIVADM].[OBJECTID].&[2.5046E4],25046,1846
[DIVADM].[OBJECTID].&[2.5047E4],25047,1266
[DIVADM].[OBJECTID].&[2.5048E4],25048,2635
[DIVADM].[OBJECTID].&[2.5049E4],25049,13321
[DIVADM].[OBJECTID].&[2.505E4],25050,5448
[DIVADM].[OBJECTID].&[2.5051E4],25051,3044
[DIVADM].[OBJECTID].&[2.5052E4],25052,1847
[DIVADM].[OBJECTID].&[2.5053E4],25053,387
[DIVADM].[OBJECTID].&[2.5054E4],25054,1363
[DIVADM].[OBJECTID].&[2.5055E4],25055,12601
[DIVADM].[OBJECTID].&[2.5056E4],25056,9216
[DIVADM].[OBJECTID].&[2.5057E4],25057,423
[DIVADM].[OBJECTID].&[2.5058E4],25058,1306
[DIVADM].[OBJECTID].&[2.5059E4],25059,337
[DIVADM].[OBJECTID].&[2.506E4],25060,4506
[DIVADM].[OBJECTID].&[2.5061E4],25061,3992
[DIVADM].[OBJECTID].&[2.5062E4],25062,7455
[DIVADM].[OBJECTID].&[2.5063E4],25063,7931
[DIVADM].[OBJECTID].&[2.5064E4],25064,10251
[DIVADM].[OBJECTID].&[2.5065E4],25065,32362
[DIVADM].[OBJECTID].&[2.5066E4],25066,9473
[DIVADM].[OBJECTID].&[2.5067E4],25067,304
[DIVADM].[OBJECTID].&[2.5068E4],25068,1597
[DIVADM].[OBJECTID].&[2.5069E4],25069,583
[DIVADM].[OBJECTID].&[2.507E4],25070,2028
[DIVADM].[OBJECTID].&[2.5071E4],25071,1790
[DIVADM].[OBJECTID].&[2.5072E4],25072,2244
[DIVADM].[OBJECTID].&[2.5073E4],25073,954
[DIVADM].[OBJECTID].&[2.5074E4],25074,5780
[DIVADM].[OBJECTID].&[2.5075E4],25075,1603
[DIVADM].[OBJECTID].&[2.5076E4],25076,834
[DIVADM].[OBJECTID].&[2.5077E4],25077,127
[DIVADM].[OBJECTID].&[2.5078E4],25078,977
[DIVADM].[OBJECTID].&[2.5079E4],25079,318
[DIVADM].[OBJECTID].&[2.508E4],25080,439
[DIVADM].[OBJECTID].&[2.5081E4],25081,4357
[DIVADM].[OBJECTID].&[2.5082E4],25082,1085
[DIVADM].[OBJECTID].&[2.5083E4],25083,410
[DIVADM].[OBJECTID].&[2.5084E4],25084,46
[DIVADM].[OBJECTID].&[2.5085E4],25085,6590
[DIVADM].[OBJECTID].&[2.5086E4],25086,772
[DIVADM].[OBJECTID].&[2.5087E4],25087,446
[DIVADM].[OBJECTID].&[2.5088E4],25088,579
[DIVADM].[OBJECTID].&[2.5089E4],25089,1227
[DIVADM].[OBJECTID].&[2.509E4],25090,3747
[DIVADM].[OBJECTID].&[2.5091E4],25091,576
[DIVADM].[OBJECTID].&[2.5092E4],25092,4897
[DIVADM].[OBJECTID].&[2.5093E4],25093,541
[DIVADM].[OBJECTID].&[2.5094E4],25094,17396
[DIVADM].[OBJECTID].&[2.5095E4],25095,1939
[DIVADM].[OBJECTID].&[2.5096E4],25096,10241
[DIVADM].[OBJECTID].&[2.5097E4],25097,1860
[DIVADM].[OBJECTID].&[2.5098E4],25098,4389
[DIVADM].[OBJECTID].&[2.5099E4],25099,48444
[DIVADM].[OBJECTID].&[2.51E4],25100,24032
[DIVADM].[OBJECTID].&[2.5101E4],25101,14012
[DIVADM].[OBJECTID].&[2.5102E4],25102,30970
[DIVADM].[OBJECTID].&[2.5103E4],25103,19004
[DIVADM].[OBJECTID].&[2.5104E4],25104,5403
[DIVADM].[OBJECTID].&[2.5105E4],25105,2360
[DIVADM].[OBJECTID].&[2.5106E4],25106,15704
[DIVADM].[OBJECTID].&[2.5107E4],25107,11974
[DIVADM].[OBJECTID].&[2.5108E4],25108,16183
[DIVADM].[OBJECTID].&[2.5109E4],25109,2647
[DIVADM].[OBJECTID].&[2.511E4],25110,2383
[DIVADM].[OBJECTID].&[2.5111E4],25111,7347
[DIVADM].[OBJECTID].&[2.5112E4],25112,5407
[DIVADM].[OBJECTID].&[2.5113E4],25113,12715
[DIVADM].[OBJECTID].&[2.5114E4],25114,7803
[DIVADM].[OBJECTID].&[2.5115E4],25115,29744
[DIVADM].[OBJECTID].&[2.5116E4],25116,15340
[DIVADM].[OBJECTID].&[2.5117E4],25117,58724
[DIVADM].[OBJECTID].&[2.5118E4],25118,17610
[DIVADM].[OBJECTID].&[2.5119E4],25119,5551
[DIVADM].[OBJECTID].&[2.512E4],25120,133
[DIVADM].[OBJECTID].&[2.5121E4],25121,10923
[DIVADM].[OBJECTID].&[2.5122E4],25122,8309
[DIVADM].[OBJECTID].&[2.5123E4],25123,6241
[DIVADM].[OBJECTID].&[2.5124E4],25124,1047
[DIVADM].[OBJECTID].&[2.5125E4],25125,7704
[DIVADM].[OBJECTID].&[2.5126E4],25126,2751
[DIVADM].[OBJECTID].&[2.5127E4],25127,23138
[DIVADM].[OBJECTID].&[2.5128E4],25128,35340
[DIVADM].[OBJECTID].&[2.5129E4],25129,18249
[DIVADM].[OBJECTID].&[2.513E4],25130,23946
[DIVADM].[OBJECTID].&[2.5131E4],25131,15082
[DIVADM].[OBJECTID].&[2.5132E4],25132,60972
[DIVADM].[OBJECTID].&[2.5133E4],25133,61572
[DIVADM].[OBJECTID].&[2.5134E4],25134,34037
[DIVADM].[OBJECTID].&[2.5135E4],25135,22170
[DIVADM].[OBJECTID].&[2.5136E4],25136,20497
[DIVADM].[OBJECTID].&[2.5137E4],25137,36621
[DIVADM].[OBJECTID].&[2.5138E4],25138,20464
[DIVADM].[OBJECTID].&[2.5139E4],25139,36332
[DIVADM].[OBJECTID].&[2.514E4],25140,13315
[DIVADM].[OBJECTID].&[2.5141E4],25141,10893
[DIVADM].[OBJECTID].&[2.5142E4],25142,15845
[DIVADM].[OBJECTID].&[2.5143E4],25143,5992
[DIVADM].[OBJECTID].&[2.5144E4],25144,7269
[DIVADM].[OBJECTID].&[2.5145E4],25145,3796
[DIVADM].[OBJECTID].&[2.5146E4],25146,15417
[DIVADM].[OBJECTID].&[2.5147E4],25147,48587
[DIVADM].[OBJECTID].&[2.5148E4],25148,18328
[DIVADM].[OBJECTID].&[2.5149E4],25149,40797
[DIVADM].[OBJECTID].&[2.515E4],25150,84635
[DIVADM].[OBJECTID].&[2.5151E4],25151,43091
[DIVADM].[OBJECTID].&[2.5152E4],25152,66156
[DIVADM].[OBJECTID].&[2.5153E4],25153,68813
[DIVADM].[OBJECTID].&[2.5154E4],25154,22416
[DIVADM].[OBJECTID].&[2.5155E4],25155,18391
[DIVADM].[OBJECTID].&[2.5156E4],25156,6146
[DIVADM].[OBJECTID].&[2.5157E4],25157,239
[DIVADM].[OBJECTID].&[2.5158E4],25158,19993
[DIVADM].[OBJECTID].&[2.5159E4],25159,8838
[DIVADM].[OBJECTID].&[2.516E4],25160,17766
[DIVADM].[OBJECTID].&[2.5161E4],25161,10580
[DIVADM].[OBJECTID].&[2.5162E4],25162,3958
[DIVADM].[OBJECTID].&[2.5163E4],25163,4210
[DIVADM].[OBJECTID].&[2.5164E4],25164,18069
[DIVADM].[OBJECTID].&[2.5165E4],25165,6931
[DIVADM].[OBJECTID].&[2.5166E4],25166,11364
[DIVADM].[OBJECTID].&[2.5167E4],25167,393
[DIVADM].[OBJECTID].&[2.5168E4],25168,1535
[DIVADM].[OBJECTID].&[2.5169E4],25169,1417
[DIVADM].[OBJECTID].&[2.517E4],25170,20025
[DIVADM].[OBJECTID].&[2.5171E4],25171,2818
[DIVADM].[OBJECTID].&[2.5172E4],25172,1411
[DIVADM].[OBJECTID].&[2.5173E4],25173,897
[DIVADM].[OBJECTID].&[2.5174E4],25174,25908
[DIVADM].[OBJECTID].&[2.5175E4],25175,1255
[DIVADM].[OBJECTID].&[2.5176E4],25176,4892
[DIVADM].[OBJECTID].&[2.5177E4],25177,1346
[DIVADM].[OBJECTID].&[2.5178E4],25178,7977
[DIVADM].[OBJECTID].&[2.5179E4],25179,1411
[DIVADM].[OBJECTID].&[2.518E4],25180,3269
[DIVADM].[OBJECTID].&[2.5181E4],25181,2083
[DIVADM].[OBJECTID].&[2.5182E4],25182,15953
[DIVADM].[OBJECTID].&[2.5183E4],25183,1520
[DIVADM].[OBJECTID].&[2.5184E4],25184,882
[DIVADM].[OBJECTID].&[2.5185E4],25185,752
[DIVADM].[OBJECTID].&[2.5186E4],25186,1903
[DIVADM].[OBJECTID].&[2.5187E4],25187,3240
[DIVADM].[OBJECTID].&[2.5188E4],25188,572
[DIVADM].[OBJECTID].&[2.5189E4],25189,460
[DIVADM].[OBJECTID].&[2.519E4],25190,11502
[DIVADM].[OBJECTID].&[2.5191E4],25191,1057
[DIVADM].[OBJECTID].&[2.5192E4],25192,1878
[DIVADM].[OBJECTID].&[2.5193E4],25193,6275
[DIVADM].[OBJECTID].&[2.5194E4],25194,1595
[DIVADM].[OBJECTID].&[2.5195E4],25195,4539
[DIVADM].[OBJECTID].&[2.5196E4],25196,491
[DIVADM].[OBJECTID].&[2.5197E4],25197,82432
[DIVADM].[OBJECTID].&[2.5198E4],25198,720
[DIVADM].[OBJECTID].&[2.5199E4],25199,1579
[DIVADM].[OBJECTID].&[2.52E4],25200,12751
[DIVADM].[OBJECTID].&[2.5201E4],25201,2737
[DIVADM].[OBJECTID].&[2.5202E4],25202,15850
[DIVADM].[OBJECTID].&[2.5203E4],25203,4527
[DIVADM].[OBJECTID].&[2.5204E4],25204,2793
[DIVADM].[OBJECTID].&[2.5205E4],25205,32332
[DIVADM].[OBJECTID].&[2.5206E4],25206,5798
[DIVADM].[OBJECTID].&[2.5207E4],25207,236
[DIVADM].[OBJECTID].&[2.5208E4],25208,458
[DIVADM].[OBJECTID].&[2.5209E4],25209,1405
[DIVADM].[OBJECTID].&[2.521E4],25210,132
[DIVADM].[OBJECTID].&[2.5211E4],25211,8654
[DIVADM].[OBJECTID].&[2.5212E4],25212,1851
[DIVADM].[OBJECTID].&[2.5213E4],25213,1237
[DIVADM].[OBJECTID].&[2.5214E4],25214,5967
[DIVADM].[OBJECTID].&[2.5215E4],25215,8095
[DIVADM].[OBJECTID].&[2.5216E4],25216,1436
[DIVADM].[OBJECTID].&[2.5217E4],25217,2755
[DIVADM].[OBJECTID].&[2.5218E4],25218,9011
[DIVADM].[OBJECTID].&[2.5219E4],25219,16554
[DIVADM].[OBJECTID].&[2.522E4],25220,10127
[DIVADM].[OBJECTID].&[2.5221E4],25221,7739
[DIVADM].[OBJECTID].&[2.5222E4],25222,25693
[DIVADM].[OBJECTID].&[2.5223E4],25223,11595
[DIVADM].[OBJECTID].&[2.5224E4],25224,4544
[DIVADM].[OBJECTID].&[2.5225E4],25225,11395
[DIVADM].[OBJECTID].&[2.5226E4],25226,1397
[DIVADM].[OBJECTID].&[2.5227E4],25227,176
[DIVADM].[OBJECTID].&[2.5228E4],25228,16
[DIVADM].[OBJECTID].&[2.5229E4],25229,969
[DIVADM].[OBJECTID].&[2.523E4],25230,1044
[DIVADM].[OBJECTID].&[2.5231E4],25231,5270
[DIVADM].[OBJECTID].&[2.5232E4],25232,1817
[DIVADM].[OBJECTID].&[2.5233E4],25233,1745
[DIVADM].[OBJECTID].&[2.5234E4],25234,219
[DIVADM].[OBJECTID].&[2.5235E4],25235,586
[DIVADM].[OBJECTID].&[2.5236E4],25236,5453
[DIVADM].[OBJECTID].&[2.5237E4],25237,15500
[DIVADM].[OBJECTID].&[2.5238E4],25238,5901
[DIVADM].[OBJECTID].&[2.524E4],25240,2317
[DIVADM].[OBJECTID].&[2.5241E4],25241,352
[DIVADM].[OBJECTID].&[2.5242E4],25242,540
[DIVADM].[OBJECTID].&[2.5243E4],25243,596
[DIVADM].[OBJECTID].&[2.5244E4],25244,15648
[DIVADM].[OBJECTID].&[2.5245E4],25245,5264
[DIVADM].[OBJECTID].&[2.5246E4],25246,13985
[DIVADM].[OBJECTID].&[2.5247E4],25247,48575
[DIVADM].[OBJECTID].&[2.5248E4],25248,43910
[DIVADM].[OBJECTID].&[2.5249E4],25249,41927
[DIVADM].[OBJECTID].&[2.525E4],25250,5701
[DIVADM].[OBJECTID].&[2.5251E4],25251,7246
[DIVADM].[OBJECTID].&[2.5252E4],25252,15713
[DIVADM].[OBJECTID].&[2.5253E4],25253,12106
[DIVADM].[OBJECTID].&[2.5254E4],25254,7117
[DIVADM].[OBJECTID].&[2.5255E4],25255,76
[DIVADM].[OBJECTID].&[2.5256E4],25256,6244
[DIVADM].[OBJECTID].&[2.5257E4],25257,1832
[DIVADM].[OBJECTID].&[2.5258E4],25258,1544
[DIVADM].[OBJECTID].&[2.5261E4],25261,2416
[DIVADM].[OBJECTID].&[2.5262E4],25262,14054
[DIVADM].[OBJECTID].&[2.5263E4],25263,21942
[DIVADM].[OBJECTID].&[2.5264E4],25264,1996
[DIVADM].[OBJECTID].&[2.5265E4],25265,2408
[DIVADM].[OBJECTID].&[2.5266E4],25266,1262
[DIVADM].[OBJECTID].&[2.5267E4],25267,2118
[DIVADM].[OBJECTID].&[2.5268E4],25268,4427
[DIVADM].[OBJECTID].&[2.5269E4],25269,332
[DIVADM].[OBJECTID].&[2.527E4],25270,3138
[DIVADM].[OBJECTID].&[2.5271E4],25271,62
[DIVADM].[OBJECTID].&[2.5272E4],25272,5992
[DIVADM].[OBJECTID].&[2.5273E4],25273,3548
[DIVADM].[OBJECTID].&[2.5274E4],25274,2620
[DIVADM].[OBJECTID].&[2.5275E4],25275,902
[DIVADM].[OBJECTID].&[2.5276E4],25276,1143
[DIVADM].[OBJECTID].&[2.5277E4],25277,14186
[DIVADM].[OBJECTID].&[2.5278E4],25278,403
[DIVADM].[OBJECTID].&[2.5279E4],25279,118
[DIVADM].[OBJECTID].&[2.528E4],25280,8666
[DIVADM].[OBJECTID].&[2.5281E4],25281,1152
[DIVADM].[OBJECTID].&[2.5282E4],25282,1854
[DIVADM].[OBJECTID].&[2.5283E4],25283,3803
[DIVADM].[OBJECTID].&[2.5284E4],25284,173
[DIVADM].[OBJECTID].&[2.5285E4],25285,363
[DIVADM].[OBJECTID].&[2.5286E4],25286,1747
[DIVADM].[OBJECTID].&[2.5287E4],25287,38
[DIVADM].[OBJECTID].&[2.5288E4],25288,11639
[DIVADM].[OBJECTID].&[2.5289E4],25289,1037
[DIVADM].[OBJECTID].&[2.529E4],25290,1054
[DIVADM].[OBJECTID].&[2.5291E4],25291,3829
[DIVADM].[OBJECTID].&[2.5292E4],25292,1725
[DIVADM].[OBJECTID].&[2.5293E4],25293,644
[DIVADM].[OBJECTID].&[2.5294E4],25294,2533
[DIVADM].[OBJECTID].&[2.5295E4],25295,14357
[DIVADM].[OBJECTID].&[2.5296E4],25296,19468
[DIVADM].[OBJECTID].&[2.5297E4],25297,16264
[DIVADM].[OBJECTID].&[2.5298E4],25298,17935
[DIVADM].[OBJECTID].&[2.5299E4],25299,244
[DIVADM].[OBJECTID].&[2.53E4],25300,127
[DIVADM].[OBJECTID].&[2.5301E4],25301,9437
[DIVADM].[OBJECTID].&[2.5302E4],25302,10371
[DIVADM].[OBJECTID].&[2.5303E4],25303,14033
[DIVADM].[OBJECTID].&[2.5304E4],25304,14010
[DIVADM].[OBJECTID].&[2.5305E4],25305,8738
[DIVADM].[OBJECTID].&[2.5306E4],25306,23162
[DIVADM].[OBJECTID].&[2.5307E4],25307,1040
[DIVADM].[OBJECTID].&[2.5308E4],25308,5563
[DIVADM].[OBJECTID].&[2.5309E4],25309,3589
[DIVADM].[OBJECTID].&[2.531E4],25310,16350
[DIVADM].[OBJECTID].&[2.5311E4],25311,500
[DIVADM].[OBJECTID].&[2.5312E4],25312,8151
[DIVADM].[OBJECTID].&[2.5313E4],25313,570
[DIVADM].[OBJECTID].&[2.5314E4],25314,10761
[DIVADM].[OBJECTID].&[2.5315E4],25315,137
[DIVADM].[OBJECTID].&[2.5316E4],25316,23466
[DIVADM].[OBJECTID].&[2.5317E4],25317,2791
[DIVADM].[OBJECTID].&[2.5318E4],25318,901
[DIVADM].[OBJECTID].&[2.5319E4],25319,59391
[DIVADM].[OBJECTID].&[2.532E4],25320,32634
[DIVADM].[OBJECTID].&[2.5321E4],25321,25648
[DIVADM].[OBJECTID].&[2.5322E4],25322,18192
[DIVADM].[OBJECTID].&[2.5323E4],25323,15277
[DIVADM].[OBJECTID].&[2.5324E4],25324,37260
[DIVADM].[OBJECTID].&[2.5325E4],25325,2920
[DIVADM].[OBJECTID].&[2.5326E4],25326,1771
[DIVADM].[OBJECTID].&[2.5327E4],25327,307
[DIVADM].[OBJECTID].&[2.5328E4],25328,49
[DIVADM].[OBJECTID].&[2.5329E4],25329,2000
[DIVADM].[OBJECTID].&[2.533E4],25330,1614
[DIVADM].[OBJECTID].&[2.5331E4],25331,12070
[DIVADM].[OBJECTID].&[2.5332E4],25332,19958
[DIVADM].[OBJECTID].&[2.5333E4],25333,11475
[DIVADM].[OBJECTID].&[2.5334E4],25334,15980
[DIVADM].[OBJECTID].&[2.5335E4],25335,53159
[DIVADM].[OBJECTID].&[2.5336E4],25336,11402
[DIVADM].[OBJECTID].&[2.5337E4],25337,3825
[DIVADM].[OBJECTID].&[2.5338E4],25338,32359
[DIVADM].[OBJECTID].&[2.5339E4],25339,33211
[DIVADM].[OBJECTID].&[2.534E4],25340,5173
[DIVADM].[OBJECTID].&[2.5341E4],25341,14347
[DIVADM].[OBJECTID].&[2.5342E4],25342,49269
[DIVADM].[OBJECTID].&[2.5343E4],25343,25256
[DIVADM].[OBJECTID].&[2.5344E4],25344,30671
[DIVADM].[OBJECTID].&[2.5345E4],25345,3291
[DIVADM].[OBJECTID].&[2.5346E4],25346,24977
[DIVADM].[OBJECTID].&[2.5347E4],25347,37294
[DIVADM].[OBJECTID].&[2.5348E4],25348,49708
[DIVADM].[OBJECTID].&[2.5349E4],25349,11827
[DIVADM].[OBJECTID].&[2.535E4],25350,31897
[DIVADM].[OBJECTID].&[2.5351E4],25351,25540
[DIVADM].[OBJECTID].&[2.5352E4],25352,40983
[DIVADM].[OBJECTID].&[2.5353E4],25353,7939
[DIVADM].[OBJECTID].&[2.5354E4],25354,20310
[DIVADM].[OBJECTID].&[2.5355E4],25355,34904
[DIVADM].[OBJECTID].&[2.5356E4],25356,16666
[DIVADM].[OBJECTID].&[2.5357E4],25357,10163
[DIVADM].[OBJECTID].&[2.5358E4],25358,12627
[DIVADM].[OBJECTID].&[2.5359E4],25359,20591
[DIVADM].[OBJECTID].&[2.536E4],25360,33854
[DIVADM].[OBJECTID].&[2.5361E4],25361,728
[DIVADM].[OBJECTID].&[2.5362E4],25362,12913
[DIVADM].[OBJECTID].&[2.5363E4],25363,25660
[DIVADM].[OBJECTID].&[2.5364E4],25364,24450
[DIVADM].[OBJECTID].&[2.5365E4],25365,6504
[DIVADM].[OBJECTID].&[2.5366E4],25366,13723
[DIVADM].[OBJECTID].&[2.5367E4],25367,8317
[DIVADM].[OBJECTID].&[2.5368E4],25368,27783
[DIVADM].[OBJECTID].&[2.5369E4],25369,49894
[DIVADM].[OBJECTID].&[2.537E4],25370,11467
[DIVADM].[OBJECTID].&[2.5371E4],25371,15660
[DIVADM].[OBJECTID].&[2.5372E4],25372,8948
[DIVADM].[OBJECTID].&[2.5373E4],25373,9394
[DIVADM].[OBJECTID].&[2.5374E4],25374,28191
[DIVADM].[OBJECTID].&[2.5375E4],25375,24609
[DIVADM].[OBJECTID].&[2.5376E4],25376,13323
[DIVADM].[OBJECTID].&[2.5377E4],25377,19124
[DIVADM].[OBJECTID].&[2.5378E4],25378,11919
[DIVADM].[OBJECTID].&[2.5379E4],25379,24035
[DIVADM].[OBJECTID].&[2.538E4],25380,21815
[DIVADM].[OBJECTID].&[2.5381E4],25381,15286
[DIVADM].[OBJECTID].&[2.5382E4],25382,14942
[DIVADM].[OBJECTID].&[2.5383E4],25383,8653
[DIVADM].[OBJECTID].&[2.5384E4],25384,14113
[DIVADM].[OBJECTID].&[2.5385E4],25385,17900
[DIVADM].[OBJECTID].&[2.5386E4],25386,13047
[DIVADM].[OBJECTID].&[2.5387E4],25387,14517
[DIVADM].[OBJECTID].&[2.5388E4],25388,6487
[DIVADM].[OBJECTID].&[2.5389E4],25389,6872
[DIVADM].[OBJECTID].&[2.539E4],25390,18905
[DIVADM].[OBJECTID].&[2.5391E4],25391,20357
[DIVADM].[OBJECTID].&[2.5392E4],25392,29129
[DIVADM].[OBJECTID].&[2.5393E4],25393,26457
[DIVADM].[OBJECTID].&[2.5394E4],25394,23680
[DIVADM].[OBJECTID].&[2.5395E4],25395,32343
[DIVADM].[OBJECTID].&[2.5396E4],25396,16106
[DIVADM].[OBJECTID].&[2.5397E4],25397,16612
[DIVADM].[OBJECTID].&[2.5398E4],25398,12830
[DIVADM].[OBJECTID].&[2.5399E4],25399,14715
[DIVADM].[OBJECTID].&[2.54E4],25400,24391
[DIVADM].[OBJECTID].&[2.5401E4],25401,32951
[DIVADM].[OBJECTID].&[2.5402E4],25402,29683
[DIVADM].[OBJECTID].&[2.5403E4],25403,12814
[DIVADM].[OBJECTID].&[2.5404E4],25404,14108
[DIVADM].[OBJECTID].&[2.5405E4],25405,27423
[DIVADM].[OBJECTID].&[2.5406E4],25406,6806
[DIVADM].[OBJECTID].&[2.5407E4],25407,6882
[DIVADM].[OBJECTID].&[2.5408E4],25408,5899
[DIVADM].[OBJECTID].&[2.5409E4],25409,5161
[DIVADM].[OBJECTID].&[2.541E4],25410,57487
[DIVADM].[OBJECTID].&[2.5411E4],25411,15808
[DIVADM].[OBJECTID].&[2.5412E4],25412,878
[DIVADM].[OBJECTID].&[2.5413E4],25413,25091
[DIVADM].[OBJECTID].&[2.5414E4],25414,1009
[DIVADM].[OBJECTID].&[2.5415E4],25415,9619
[DIVADM].[OBJECTID].&[2.5416E4],25416,26504
[DIVADM].[OBJECTID].&[2.5417E4],25417,9333
[DIVADM].[OBJECTID].&[2.5418E4],25418,12966
[DIVADM].[OBJECTID].&[2.5419E4],25419,1727
[DIVADM].[OBJECTID].&[2.542E4],25420,11090
[DIVADM].[OBJECTID].&[2.5421E4],25421,10875
[DIVADM].[OBJECTID].&[2.5422E4],25422,22690
[DIVADM].[OBJECTID].&[2.5423E4],25423,30218
[DIVADM].[OBJECTID].&[2.5424E4],25424,15477
[DIVADM].[OBJECTID].&[2.5425E4],25425,3016
[DIVADM].[OBJECTID].&[2.5426E4],25426,30351
[DIVADM].[OBJECTID].&[2.5427E4],25427,17099
[DIVADM].[OBJECTID].&[2.5428E4],25428,38560
[DIVADM].[OBJECTID].&[2.5429E4],25429,11804
[DIVADM].[OBJECTID].&[2.543E4],25430,15683
[DIVADM].[OBJECTID].&[2.5431E4],25431,10327
[DIVADM].[OBJECTID].&[2.5432E4],25432,22646
[DIVADM].[OBJECTID].&[2.5433E4],25433,3983
[DIVADM].[OBJECTID].&[2.5434E4],25434,218
[DIVADM].[OBJECTID].&[2.5435E4],25435,1048
[DIVADM].[OBJECTID].&[2.5436E4],25436,33991
[DIVADM].[OBJECTID].&[2.5437E4],25437,12518
[DIVADM].[OBJECTID].&[2.5438E4],25438,15726
[DIVADM].[OBJECTID].&[2.5439E4],25439,20976
[DIVADM].[OBJECTID].&[2.544E4],25440,6355
[DIVADM].[OBJECTID].&[2.5441E4],25441,47527
[DIVADM].[OBJECTID].&[2.5442E4],25442,27824
[DIVADM].[OBJECTID].&[2.5443E4],25443,29932
[DIVADM].[OBJECTID].&[2.5444E4],25444,4576
[DIVADM].[OBJECTID].&[2.5445E4],25445,26832
[DIVADM].[OBJECTID].&[2.5446E4],25446,58828
[DIVADM].[OBJECTID].&[2.5447E4],25447,18645
[DIVADM].[OBJECTID].&[2.5448E4],25448,7135
[DIVADM].[OBJECTID].&[2.5449E4],25449,17232
[DIVADM].[OBJECTID].&[2.545E4],25450,12104
[DIVADM].[OBJECTID].&[2.5451E4],25451,23537
[DIVADM].[OBJECTID].&[2.5452E4],25452,40997
[DIVADM].[OBJECTID].&[2.5453E4],25453,19643
[DIVADM].[OBJECTID].&[2.5454E4],25454,3132
[DIVADM].[OBJECTID].&[2.5455E4],25455,42043
[DIVADM].[OBJECTID].&[2.5456E4],25456,29170
[DIVADM].[OBJECTID].&[2.5457E4],25457,22714
[DIVADM].[OBJECTID].&[2.5458E4],25458,2143
[DIVADM].[OBJECTID].&[2.5459E4],25459,1190
[DIVADM].[OBJECTID].&[2.546E4],25460,1374
[DIVADM].[OBJECTID].&[2.5461E4],25461,8135
[DIVADM].[OBJECTID].&[2.5462E4],25462,17033
[DIVADM].[OBJECTID].&[2.5463E4],25463,61727
[DIVADM].[OBJECTID].&[2.5464E4],25464,23455
[DIVADM].[OBJECTID].&[2.5465E4],25465,22617
[DIVADM].[OBJECTID].&[2.5466E4],25466,317
[DIVADM].[OBJECTID].&[2.5467E4],25467,10933
[DIVADM].[OBJECTID].&[2.5468E4],25468,15502
[DIVADM].[OBJECTID].&[2.5469E4],25469,5152
[DIVADM].[OBJECTID].&[2.547E4],25470,22218
[DIVADM].[OBJECTID].&[2.5471E4],25471,25725
[DIVADM].[OBJECTID].&[2.5472E4],25472,10732
[DIVADM].[OBJECTID].&[2.5473E4],25473,34256
[DIVADM].[OBJECTID].&[2.5474E4],25474,20742
[DIVADM].[OBJECTID].&[2.5475E4],25475,22452
[DIVADM].[OBJECTID].&[2.5476E4],25476,22262
[DIVADM].[OBJECTID].&[2.5477E4],25477,23421
[DIVADM].[OBJECTID].&[2.5478E4],25478,19994
[DIVADM].[OBJECTID].&[2.5479E4],25479,40286
[DIVADM].[OBJECTID].&[2.548E4],25480,22801
[DIVADM].[OBJECTID].&[2.5482E4],25482,34055
[DIVADM].[OBJECTID].&[2.5483E4],25483,9710
[DIVADM].[OBJECTID].&[2.5484E4],25484,20189
[DIVADM].[OBJECTID].&[2.5485E4],25485,7030
[DIVADM].[OBJECTID].&[2.5486E4],25486,8280
[DIVADM].[OBJECTID].&[2.5487E4],25487,4603
[DIVADM].[OBJECTID].&[2.5488E4],25488,2003
[DIVADM].[OBJECTID].&[2.5489E4],25489,6954
[DIVADM].[OBJECTID].&[2.549E4],25490,16592
[DIVADM].[OBJECTID].&[2.5491E4],25491,6877
[DIVADM].[OBJECTID].&[2.5492E4],25492,8043
[DIVADM].[OBJECTID].&[2.5493E4],25493,21446
[DIVADM].[OBJECTID].&[2.5494E4],25494,8997
[DIVADM].[OBJECTID].&[2.5495E4],25495,15173
[DIVADM].[OBJECTID].&[2.5496E4],25496,22790
[DIVADM].[OBJECTID].&[2.5497E4],25497,6677
[DIVADM].[OBJECTID].&[2.5498E4],25498,14234
[DIVADM].[OBJECTID].&[2.5499E4],25499,26360
[DIVADM].[OBJECTID].&[2.55E4],25500,12330
[DIVADM].[OBJECTID].&[2.5501E4],25501,14292
[DIVADM].[OBJECTID].&[2.5502E4],25502,38
[DIVADM].[OBJECTID].&[2.5503E4],25503,23259
[DIVADM].[OBJECTID].&[2.5504E4],25504,24581
[DIVADM].[OBJECTID].&[2.5505E4],25505,7899
[DIVADM].[OBJECTID].&[2.5506E4],25506,13967
[DIVADM].[OBJECTID].&[2.5507E4],25507,3926
[DIVADM].[OBJECTID].&[2.5508E4],25508,8967
[DIVADM].[OBJECTID].&[2.5509E4],25509,12026
[DIVADM].[OBJECTID].&[2.551E4],25510,58491
[DIVADM].[OBJECTID].&[2.5511E4],25511,18979
[DIVADM].[OBJECTID].&[2.5512E4],25512,30289
[DIVADM].[OBJECTID].&[2.5513E4],25513,6422
[DIVADM].[OBJECTID].&[2.5514E4],25514,35327
[DIVADM].[OBJECTID].&[2.5515E4],25515,13376
[DIVADM].[OBJECTID].&[2.5516E4],25516,16533
[DIVADM].[OBJECTID].&[2.5518E4],25518,16606
[DIVADM].[OBJECTID].&[2.5519E4],25519,28041
[DIVADM].[OBJECTID].&[2.552E4],25520,26928
[DIVADM].[OBJECTID].&[2.5521E4],25521,22685
[DIVADM].[OBJECTID].&[2.5522E4],25522,22448
[DIVADM].[OBJECTID].&[2.5523E4],25523,21661
[DIVADM].[OBJECTID].&[2.5524E4],25524,22262
[DIVADM].[OBJECTID].&[2.5525E4],25525,11466
[DIVADM].[OBJECTID].&[2.5526E4],25526,17537
[DIVADM].[OBJECTID].&[2.5527E4],25527,29278
[DIVADM].[OBJECTID].&[2.5528E4],25528,22296
[DIVADM].[OBJECTID].&[2.5529E4],25529,39419
[DIVADM].[OBJECTID].&[2.553E4],25530,12591
[DIVADM].[OBJECTID].&[2.5531E4],25531,18545
[DIVADM].[OBJECTID].&[2.5532E4],25532,5949
[DIVADM].[OBJECTID].&[2.5533E4],25533,23792
[DIVADM].[OBJECTID].&[2.5534E4],25534,19754
[DIVADM].[OBJECTID].&[2.5535E4],25535,12071
[DIVADM].[OBJECTID].&[2.5536E4],25536,29797
[DIVADM].[OBJECTID].&[2.5537E4],25537,15217
[DIVADM].[OBJECTID].&[2.5538E4],25538,16944
[DIVADM].[OBJECTID].&[2.5539E4],25539,25100
[DIVADM].[OBJECTID].&[2.554E4],25540,7354
[DIVADM].[OBJECTID].&[2.5541E4],25541,24113
[DIVADM].[OBJECTID].&[2.5542E4],25542,51024
[DIVADM].[OBJECTID].&[2.5543E4],25543,36655
[DIVADM].[OBJECTID].&[2.5544E4],25544,60611
[DIVADM].[OBJECTID].&[2.5545E4],25545,47197
[DIVADM].[OBJECTID].&[2.5546E4],25546,12813
[DIVADM].[OBJECTID].&[2.5547E4],25547,9983
[DIVADM].[OBJECTID].&[2.5548E4],25548,18099
[DIVADM].[OBJECTID].&[2.5549E4],25549,10333
[DIVADM].[OBJECTID].&[2.555E4],25550,41318
[DIVADM].[OBJECTID].&[2.5551E4],25551,38577
[DIVADM].[OBJECTID].&[2.5552E4],25552,7471
[DIVADM].[OBJECTID].&[2.5553E4],25553,7710
[DIVADM].[OBJECTID].&[2.5554E4],25554,6358
[DIVADM].[OBJECTID].&[2.5555E4],25555,29481
[DIVADM].[OBJECTID].&[2.5556E4],25556,4724
[DIVADM].[OBJECTID].&[2.5557E4],25557,55017
[DIVADM].[OBJECTID].&[2.5558E4],25558,9976
[DIVADM].[OBJECTID].&[2.5559E4],25559,28512
[DIVADM].[OBJECTID].&[2.556E4],25560,19148
[DIVADM].[OBJECTID].&[2.5561E4],25561,68262
[DIVADM].[OBJECTID].&[2.5562E4],25562,43060
[DIVADM].[OBJECTID].&[2.5563E4],25563,22702
[DIVADM].[OBJECTID].&[2.5564E4],25564,3018
[DIVADM].[OBJECTID].&[2.5565E4],25565,18918
[DIVADM].[OBJECTID].&[2.5566E4],25566,16853
[DIVADM].[OBJECTID].&[2.5567E4],25567,78908
[DIVADM].[OBJECTID].&[2.5568E4],25568,16691
[DIVADM].[OBJECTID].&[2.5569E4],25569,5387
[DIVADM].[OBJECTID].&[2.557E4],25570,16215
[DIVADM].[OBJECTID].&[2.5571E4],25571,763
[DIVADM].[OBJECTID].&[2.5572E4],25572,7471
[DIVADM].[OBJECTID].&[2.5573E4],25573,11340
[DIVADM].[OBJECTID].&[2.5574E4],25574,33703
[DIVADM].[OBJECTID].&[2.5575E4],25575,6664
[DIVADM].[OBJECTID].&[2.5576E4],25576,75183
[DIVADM].[OBJECTID].&[2.5577E4],25577,15123
[DIVADM].[OBJECTID].&[2.5578E4],25578,27296
[DIVADM].[OBJECTID].&[2.5579E4],25579,6010
[DIVADM].[OBJECTID].&[2.558E4],25580,13666
[DIVADM].[OBJECTID].&[2.5581E4],25581,12656
[DIVADM].[OBJECTID].&[2.5582E4],25582,14426
[DIVADM].[OBJECTID].&[2.5583E4],25583,25857
[DIVADM].[OBJECTID].&[2.5584E4],25584,32726
[DIVADM].[OBJECTID].&[2.5585E4],25585,27407
[DIVADM].[OBJECTID].&[2.5586E4],25586,5440
[DIVADM].[OBJECTID].&[2.5587E4],25587,17739
[DIVADM].[OBJECTID].&[2.5588E4],25588,11935
[DIVADM].[OBJECTID].&[2.5589E4],25589,23397
[DIVADM].[OBJECTID].&[2.559E4],25590,9970
[DIVADM].[OBJECTID].&[2.5591E4],25591,10036
[DIVADM].[OBJECTID].&[2.5592E4],25592,17704
[DIVADM].[OBJECTID].&[2.5593E4],25593,22769
[DIVADM].[OBJECTID].&[2.5594E4],25594,18299
[DIVADM].[OBJECTID].&[2.5595E4],25595,12488
[DIVADM].[OBJECTID].&[2.5596E4],25596,23949
[DIVADM].[OBJECTID].&[2.5597E4],25597,42492
[DIVADM].[OBJECTID].&[2.5598E4],25598,26560
[DIVADM].[OBJECTID].&[2.5599E4],25599,12932
[DIVADM].[OBJECTID].&[2.56E4],25600,14379
[DIVADM].[OBJECTID].&[2.5601E4],25601,21997
[DIVADM].[OBJECTID].&[2.5602E4],25602,8380
[DIVADM].[OBJECTID].&[2.5603E4],25603,11369
[DIVADM].[OBJECTID].&[2.5604E4],25604,12488
[DIVADM].[OBJECTID].&[2.5605E4],25605,17359
[DIVADM].[OBJECTID].&[2.5606E4],25606,9580
[DIVADM].[OBJECTID].&[2.5607E4],25607,16226
[DIVADM].[OBJECTID].&[2.5608E4],25608,8529
[DIVADM].[OBJECTID].&[2.5609E4],25609,9387
[DIVADM].[OBJECTID].&[2.561E4],25610,18071
[DIVADM].[OBJECTID].&[2.5611E4],25611,27570
[DIVADM].[OBJECTID].&[2.5612E4],25612,31576
[DIVADM].[OBJECTID].&[2.5613E4],25613,24517
[DIVADM].[OBJECTID].&[2.5614E4],25614,16090
[DIVADM].[OBJECTID].&[2.5615E4],25615,12415
[DIVADM].[OBJECTID].&[2.5616E4],25616,8498
[DIVADM].[OBJECTID].&[2.5617E4],25617,22324
[DIVADM].[OBJECTID].&[2.5618E4],25618,11930
[DIVADM].[OBJECTID].&[2.5619E4],25619,17531
[DIVADM].[OBJECTID].&[2.562E4],25620,20357
[DIVADM].[OBJECTID].&[2.5621E4],25621,6671
[DIVADM].[OBJECTID].&[2.5622E4],25622,47150
[DIVADM].[OBJECTID].&[2.5623E4],25623,35330
[DIVADM].[OBJECTID].&[2.5624E4],25624,38594
[DIVADM].[OBJECTID].&[2.5625E4],25625,31438
[DIVADM].[OBJECTID].&[2.5626E4],25626,23344
[DIVADM].[OBJECTID].&[2.5627E4],25627,28869
[DIVADM].[OBJECTID].&[2.5628E4],25628,22120
[DIVADM].[OBJECTID].&[2.5629E4],25629,26232
[DIVADM].[OBJECTID].&[2.563E4],25630,23920
[DIVADM].[OBJECTID].&[2.5631E4],25631,33388
[DIVADM].[OBJECTID].&[2.5632E4],25632,29895
[DIVADM].[OBJECTID].&[2.5633E4],25633,17762
[DIVADM].[OBJECTID].&[2.5634E4],25634,13457
[DIVADM].[OBJECTID].&[2.5635E4],25635,25941
[DIVADM].[OBJECTID].&[2.5636E4],25636,17958
[DIVADM].[OBJECTID].&[2.5637E4],25637,40136
[DIVADM].[OBJECTID].&[2.5638E4],25638,29022
[DIVADM].[OBJECTID].&[2.5639E4],25639,26338
[DIVADM].[OBJECTID].&[2.564E4],25640,59195
[DIVADM].[OBJECTID].&[2.5641E4],25641,21760
[DIVADM].[OBJECTID].&[2.5642E4],25642,33121
[DIVADM].[OBJECTID].&[2.5643E4],25643,17552
[DIVADM].[OBJECTID].&[2.5644E4],25644,18825
[DIVADM].[OBJECTID].&[2.5645E4],25645,19174
[DIVADM].[OBJECTID].&[2.5646E4],25646,23913
[DIVADM].[OBJECTID].&[2.5647E4],25647,17510
[DIVADM].[OBJECTID].&[2.5648E4],25648,25570
[DIVADM].[OBJECTID].&[2.5649E4],25649,5750
[DIVADM].[OBJECTID].&[2.565E4],25650,21033
[DIVADM].[OBJECTID].&[2.5651E4],25651,14942
[DIVADM].[OBJECTID].&[2.5652E4],25652,14912
[DIVADM].[OBJECTID].&[2.5653E4],25653,32340
[DIVADM].[OBJECTID].&[2.5654E4],25654,13436
[DIVADM].[OBJECTID].&[2.5655E4],25655,24271
[DIVADM].[OBJECTID].&[2.5656E4],25656,26698
[DIVADM].[OBJECTID].&[2.5657E4],25657,22720
[DIVADM].[OBJECTID].&[2.5658E4],25658,10729
[DIVADM].[OBJECTID].&[2.5659E4],25659,7098
[DIVADM].[OBJECTID].&[2.566E4],25660,11330
[DIVADM].[OBJECTID].&[2.5661E4],25661,7618
[DIVADM].[OBJECTID].&[2.5662E4],25662,9499
[DIVADM].[OBJECTID].&[2.5663E4],25663,13226
[DIVADM].[OBJECTID].&[2.5664E4],25664,15416
[DIVADM].[OBJECTID].&[2.5665E4],25665,9797
[DIVADM].[OBJECTID].&[2.5666E4],25666,17607
[DIVADM].[OBJECTID].&[2.5667E4],25667,15561
[DIVADM].[OBJECTID].&[2.5668E4],25668,9878
[DIVADM].[OBJECTID].&[2.5669E4],25669,10857
[DIVADM].[OBJECTID].&[2.567E4],25670,4269
[DIVADM].[OBJECTID].&[2.5671E4],25671,7060
[DIVADM].[OBJECTID].&[2.5672E4],25672,10976
[DIVADM].[OBJECTID].&[2.5673E4],25673,34530
[DIVADM].[OBJECTID].&[2.5674E4],25674,21106
[DIVADM].[OBJECTID].&[2.5675E4],25675,11888
[DIVADM].[OBJECTID].&[2.5676E4],25676,19745
[DIVADM].[OBJECTID].&[2.5677E4],25677,7025
[DIVADM].[OBJECTID].&[2.5678E4],25678,7423
[DIVADM].[OBJECTID].&[2.5679E4],25679,7152
[DIVADM].[OBJECTID].&[2.568E4],25680,4850
[DIVADM].[OBJECTID].&[2.5681E4],25681,21257
[DIVADM].[OBJECTID].&[2.5682E4],25682,7538
[DIVADM].[OBJECTID].&[2.5683E4],25683,5828
[DIVADM].[OBJECTID].&[2.5684E4],25684,14681
[DIVADM].[OBJECTID].&[2.5686E4],25686,18274
[DIVADM].[OBJECTID].&[2.5687E4],25687,6831
[DIVADM].[OBJECTID].&[2.5688E4],25688,13356
[DIVADM].[OBJECTID].&[2.5689E4],25689,4087
[DIVADM].[OBJECTID].&[2.569E4],25690,14905
[DIVADM].[OBJECTID].&[2.5691E4],25691,17415
[DIVADM].[OBJECTID].&[2.5692E4],25692,18084
[DIVADM].[OBJECTID].&[2.5693E4],25693,16428
[DIVADM].[OBJECTID].&[2.5694E4],25694,2606
[DIVADM].[OBJECTID].&[2.5695E4],25695,16204
[DIVADM].[OBJECTID].&[2.5696E4],25696,6226
[DIVADM].[OBJECTID].&[2.5697E4],25697,9352
[DIVADM].[OBJECTID].&[2.5698E4],25698,12977
[DIVADM].[OBJECTID].&[2.5699E4],25699,14090
[DIVADM].[OBJECTID].&[2.57E4],25700,11960
[DIVADM].[OBJECTID].&[2.5701E4],25701,4834
[DIVADM].[OBJECTID].&[2.5702E4],25702,6719
[DIVADM].[OBJECTID].&[2.5703E4],25703,16346
[DIVADM].[OBJECTID].&[2.5704E4],25704,6300
[DIVADM].[OBJECTID].&[2.5705E4],25705,21436
[DIVADM].[OBJECTID].&[2.5706E4],25706,14608
[DIVADM].[OBJECTID].&[2.5707E4],25707,7642
[DIVADM].[OBJECTID].&[2.5708E4],25708,11714
[DIVADM].[OBJECTID].&[2.5709E4],25709,6454
[DIVADM].[OBJECTID].&[2.571E4],25710,4345
[DIVADM].[OBJECTID].&[2.5711E4],25711,14106
[DIVADM].[OBJECTID].&[2.5712E4],25712,12736
[DIVADM].[OBJECTID].&[2.5713E4],25713,19897
[DIVADM].[OBJECTID].&[2.5714E4],25714,18061
[DIVADM].[OBJECTID].&[2.5715E4],25715,12438
[DIVADM].[OBJECTID].&[2.5716E4],25716,11823
[DIVADM].[OBJECTID].&[2.5717E4],25717,33992
[DIVADM].[OBJECTID].&[2.5718E4],25718,5869
[DIVADM].[OBJECTID].&[2.5719E4],25719,8722
[DIVADM].[OBJECTID].&[2.572E4],25720,20501
[DIVADM].[OBJECTID].&[2.5721E4],25721,15382
[DIVADM].[OBJECTID].&[2.5722E4],25722,12937
[DIVADM].[OBJECTID].&[2.5723E4],25723,14326
[DIVADM].[OBJECTID].&[2.5724E4],25724,16944
[DIVADM].[OBJECTID].&[2.5725E4],25725,12933
[DIVADM].[OBJECTID].&[2.5726E4],25726,10124
[DIVADM].[OBJECTID].&[2.5727E4],25727,31545
[DIVADM].[OBJECTID].&[2.5728E4],25728,12543
[DIVADM].[OBJECTID].&[2.5729E4],25729,4694
[DIVADM].[OBJECTID].&[2.573E4],25730,8033
[DIVADM].[OBJECTID].&[2.5731E4],25731,4211
[DIVADM].[OBJECTID].&[2.5732E4],25732,29182
[DIVADM].[OBJECTID].&[2.5733E4],25733,18918
[DIVADM].[OBJECTID].&[2.5734E4],25734,11098
[DIVADM].[OBJECTID].&[2.5735E4],25735,8723
[DIVADM].[OBJECTID].&[2.5736E4],25736,15256
[DIVADM].[OBJECTID].&[2.5737E4],25737,12596
[DIVADM].[OBJECTID].&[2.5738E4],25738,6049
[DIVADM].[OBJECTID].&[2.5739E4],25739,7542
[DIVADM].[OBJECTID].&[2.574E4],25740,6629
[DIVADM].[OBJECTID].&[2.5741E4],25741,1413
[DIVADM].[OBJECTID].&[2.5742E4],25742,8389
[DIVADM].[OBJECTID].&[2.5743E4],25743,13104
[DIVADM].[OBJECTID].&[2.5744E4],25744,3018
[DIVADM].[OBJECTID].&[2.5745E4],25745,3911
[DIVADM].[OBJECTID].&[2.5746E4],25746,566
[DIVADM].[OBJECTID].&[2.5747E4],25747,6502
[DIVADM].[OBJECTID].&[2.5748E4],25748,6805
[DIVADM].[OBJECTID].&[2.5749E4],25749,5852
[DIVADM].[OBJECTID].&[2.575E4],25750,28381
[DIVADM].[OBJECTID].&[2.5751E4],25751,11327
[DIVADM].[OBJECTID].&[2.5752E4],25752,4589
[DIVADM].[OBJECTID].&[2.5753E4],25753,8303
[DIVADM].[OBJECTID].&[2.5754E4],25754,7048
[DIVADM].[OBJECTID].&[2.5755E4],25755,5467
[DIVADM].[OBJECTID].&[2.5756E4],25756,5322
[DIVADM].[OBJECTID].&[2.5757E4],25757,2331
[DIVADM].[OBJECTID].&[2.5758E4],25758,30837
[DIVADM].[OBJECTID].&[2.5759E4],25759,10809
[DIVADM].[OBJECTID].&[2.576E4],25760,7145
[DIVADM].[OBJECTID].&[2.5761E4],25761,6318
[DIVADM].[OBJECTID].&[2.5763E4],25763,39046
[DIVADM].[OBJECTID].&[2.5765E4],25765,14932
[DIVADM].[OBJECTID].&[2.5766E4],25766,17405
[DIVADM].[OBJECTID].&[2.5767E4],25767,8293
[DIVADM].[OBJECTID].&[2.5769E4],25769,8833
[DIVADM].[OBJECTID].&[2.577E4],25770,7155
[DIVADM].[OBJECTID].&[2.5771E4],25771,208
[DIVADM].[OBJECTID].&[2.5772E4],25772,12962
[DIVADM].[OBJECTID].&[2.5773E4],25773,15887
[DIVADM].[OBJECTID].&[2.5774E4],25774,5872
[DIVADM].[OBJECTID].&[2.5775E4],25775,32216
[DIVADM].[OBJECTID].&[2.5776E4],25776,30569
[DIVADM].[OBJECTID].&[2.5777E4],25777,11962
[DIVADM].[OBJECTID].&[2.5778E4],25778,14332
[DIVADM].[OBJECTID].&[2.5779E4],25779,11758
[DIVADM].[OBJECTID].&[2.578E4],25780,12486
[DIVADM].[OBJECTID].&[2.5781E4],25781,17031
[DIVADM].[OBJECTID].&[2.5782E4],25782,13726
[DIVADM].[OBJECTID].&[2.5783E4],25783,11299
[DIVADM].[OBJECTID].&[2.5784E4],25784,11463
[DIVADM].[OBJECTID].&[2.5785E4],25785,11271
[DIVADM].[OBJECTID].&[2.5786E4],25786,3508
[DIVADM].[OBJECTID].&[2.5787E4],25787,10517
[DIVADM].[OBJECTID].&[2.5788E4],25788,9369
[DIVADM].[OBJECTID].&[2.5789E4],25789,23943
[DIVADM].[OBJECTID].&[2.579E4],25790,3513
[DIVADM].[OBJECTID].&[2.5791E4],25791,145
[DIVADM].[OBJECTID].&[2.5792E4],25792,126
[DIVADM].[OBJECTID].&[2.5793E4],25793,626
[DIVADM].[OBJECTID].&[2.5794E4],25794,14427
[DIVADM].[OBJECTID].&[2.5795E4],25795,13089
[DIVADM].[OBJECTID].&[2.5796E4],25796,473
[DIVADM].[OBJECTID].&[2.5797E4],25797,35035
[DIVADM].[OBJECTID].&[2.5798E4],25798,2455
[DIVADM].[OBJECTID].&[2.5799E4],25799,508
[DIVADM].[OBJECTID].&[2.58E4],25800,356
[DIVADM].[OBJECTID].&[2.5801E4],25801,12545
[DIVADM].[OBJECTID].&[2.5802E4],25802,23186
[DIVADM].[OBJECTID].&[2.5803E4],25803,17302
[DIVADM].[OBJECTID].&[2.5804E4],25804,25387
[DIVADM].[OBJECTID].&[2.5805E4],25805,9543
[DIVADM].[OBJECTID].&[2.5806E4],25806,6677
[DIVADM].[OBJECTID].&[2.5807E4],25807,14975
[DIVADM].[OBJECTID].&[2.5808E4],25808,11830
[DIVADM].[OBJECTID].&[2.5809E4],25809,6686
[DIVADM].[OBJECTID].&[2.581E4],25810,4291
[DIVADM].[OBJECTID].&[2.5811E4],25811,9093
[DIVADM].[OBJECTID].&[2.5812E4],25812,18694
[DIVADM].[OBJECTID].&[2.5813E4],25813,15092
[DIVADM].[OBJECTID].&[2.5814E4],25814,9259
[DIVADM].[OBJECTID].&[2.5815E4],25815,19469
[DIVADM].[OBJECTID].&[2.5816E4],25816,1649
[DIVADM].[OBJECTID].&[2.5817E4],25817,6811
[DIVADM].[OBJECTID].&[2.5818E4],25818,18188
[DIVADM].[OBJECTID].&[2.5819E4],25819,7934
[DIVADM].[OBJECTID].&[2.582E4],25820,30306
[DIVADM].[OBJECTID].&[2.5821E4],25821,33153
[DIVADM].[OBJECTID].&[2.5822E4],25822,2853
[DIVADM].[OBJECTID].&[2.5823E4],25823,8582
[DIVADM].[OBJECTID].&[2.5824E4],25824,23020
[DIVADM].[OBJECTID].&[2.5825E4],25825,15221
[DIVADM].[OBJECTID].&[2.5826E4],25826,2895
[DIVADM].[OBJECTID].&[2.5827E4],25827,798
[DIVADM].[OBJECTID].&[2.583E4],25830,12470
[DIVADM].[OBJECTID].&[2.5831E4],25831,24903
[DIVADM].[OBJECTID].&[2.5832E4],25832,21657
[DIVADM].[OBJECTID].&[2.5833E4],25833,9730
[DIVADM].[OBJECTID].&[2.5834E4],25834,827
[DIVADM].[OBJECTID].&[2.5835E4],25835,283
[DIVADM].[OBJECTID].&[2.5836E4],25836,8430
[DIVADM].[OBJECTID].&[2.5837E4],25837,1006
[DIVADM].[OBJECTID].&[2.5838E4],25838,10650
[DIVADM].[OBJECTID].&[2.584E4],25840,880
[DIVADM].[OBJECTID].&[2.5841E4],25841,4668
[DIVADM].[OBJECTID].&[2.5842E4],25842,6945
[DIVADM].[OBJECTID].&[2.5844E4],25844,39832
[DIVADM].[OBJECTID].&[2.5845E4],25845,74
[DIVADM].[OBJECTID].&[2.5846E4],25846,18832
[DIVADM].[OBJECTID].&[2.5847E4],25847,30777
[DIVADM].[OBJECTID].&[2.5848E4],25848,33661
[DIVADM].[OBJECTID].&[2.5849E4],25849,2058
[DIVADM].[OBJECTID].&[2.585E4],25850,16709
[DIVADM].[OBJECTID].&[2.5851E4],25851,2189
[DIVADM].[OBJECTID].&[2.5854E4],25854,2754
[DIVADM].[OBJECTID].&[2.5855E4],25855,1183
[DIVADM].[OBJECTID].&[2.5856E4],25856,1200
[DIVADM].[OBJECTID].&[2.5857E4],25857,2681
[DIVADM].[OBJECTID].&[2.5858E4],25858,1098
[DIVADM].[OBJECTID].&[2.5859E4],25859,111
[DIVADM].[OBJECTID].&[2.586E4],25860,2204
[DIVADM].[OBJECTID].&[2.5861E4],25861,16168
[DIVADM].[OBJECTID].&[2.5862E4],25862,22027
[DIVADM].[OBJECTID].&[2.5863E4],25863,7246
[DIVADM].[OBJECTID].&[2.5864E4],25864,2555
[DIVADM].[OBJECTID].&[2.5865E4],25865,16
[DIVADM].[OBJECTID].&[2.5866E4],25866,14833
[DIVADM].[OBJECTID].&[2.5867E4],25867,11568
[DIVADM].[OBJECTID].&[2.5868E4],25868,228
[DIVADM].[OBJECTID].&[2.5869E4],25869,8254
[DIVADM].[OBJECTID].&[2.587E4],25870,12073
[DIVADM].[OBJECTID].&[2.5871E4],25871,16678
[DIVADM].[OBJECTID].&[2.5872E4],25872,15399
[DIVADM].[OBJECTID].&[2.5873E4],25873,2797
[DIVADM].[OBJECTID].&[2.5874E4],25874,3313
[DIVADM].[OBJECTID].&[2.5875E4],25875,18106
[DIVADM].[OBJECTID].&[2.5876E4],25876,933
[DIVADM].[OBJECTID].&[2.5877E4],25877,9309
[DIVADM].[OBJECTID].&[2.5878E4],25878,1165
[DIVADM].[OBJECTID].&[2.5879E4],25879,3381
[DIVADM].[OBJECTID].&[2.588E4],25880,2116
[DIVADM].[OBJECTID].&[2.5881E4],25881,45
[DIVADM].[OBJECTID].&[2.5882E4],25882,2249
[DIVADM].[OBJECTID].&[2.5883E4],25883,261
[DIVADM].[OBJECTID].&[2.5884E4],25884,28
[DIVADM].[OBJECTID].&[2.5885E4],25885,9971
[DIVADM].[OBJECTID].&[2.5886E4],25886,62
[DIVADM].[OBJECTID].&[2.5887E4],25887,2454
[DIVADM].[OBJECTID].&[2.5888E4],25888,1683
[DIVADM].[OBJECTID].&[2.5889E4],25889,1642
[DIVADM].[OBJECTID].&[2.589E4],25890,10611
[DIVADM].[OBJECTID].&[2.5891E4],25891,3461
[DIVADM].[OBJECTID].&[2.5892E4],25892,349
[DIVADM].[OBJECTID].&[2.5893E4],25893,491
[DIVADM].[OBJECTID].&[2.5894E4],25894,17142
[DIVADM].[OBJECTID].&[2.5895E4],25895,4251
[DIVADM].[OBJECTID].&[2.5896E4],25896,44129
[DIVADM].[OBJECTID].&[2.5897E4],25897,1355
[DIVADM].[OBJECTID].&[2.5898E4],25898,357
[DIVADM].[OBJECTID].&[2.5899E4],25899,1991
[DIVADM].[OBJECTID].&[2.59E4],25900,31960
[DIVADM].[OBJECTID].&[2.5901E4],25901,60
[DIVADM].[OBJECTID].&[2.5902E4],25902,1724
[DIVADM].[OBJECTID].&[2.5903E4],25903,1833
[DIVADM].[OBJECTID].&[2.5904E4],25904,8518
[DIVADM].[OBJECTID].&[2.5905E4],25905,887
[DIVADM].[OBJECTID].&[2.5906E4],25906,2636
[DIVADM].[OBJECTID].&[2.5907E4],25907,3128
[DIVADM].[OBJECTID].&[2.5908E4],25908,7672
[DIVADM].[OBJECTID].&[2.5909E4],25909,9699
[DIVADM].[OBJECTID].&[2.591E4],25910,13662
[DIVADM].[OBJECTID].&[2.5911E4],25911,29578
[DIVADM].[OBJECTID].&[2.5912E4],25912,10430
[DIVADM].[OBJECTID].&[2.5913E4],25913,6705
[DIVADM].[OBJECTID].&[2.5914E4],25914,12308
[DIVADM].[OBJECTID].&[2.5915E4],25915,9058
[DIVADM].[OBJECTID].&[2.5916E4],25916,11723
[DIVADM].[OBJECTID].&[2.5917E4],25917,10131
[DIVADM].[OBJECTID].&[2.5918E4],25918,25419
[DIVADM].[OBJECTID].&[2.5919E4],25919,6621
[DIVADM].[OBJECTID].&[2.592E4],25920,3611
[DIVADM].[OBJECTID].&[2.5921E4],25921,11168
[DIVADM].[OBJECTID].&[2.5922E4],25922,599
[DIVADM].[OBJECTID].&[2.5923E4],25923,22915
[DIVADM].[OBJECTID].&[2.5924E4],25924,10290
[DIVADM].[OBJECTID].&[2.5925E4],25925,19983
[DIVADM].[OBJECTID].&[2.5926E4],25926,1503
[DIVADM].[OBJECTID].&[2.5927E4],25927,21948
[DIVADM].[OBJECTID].&[2.5928E4],25928,50499
[DIVADM].[OBJECTID].&[2.5929E4],25929,16547
[DIVADM].[OBJECTID].&[2.593E4],25930,34123
[DIVADM].[OBJECTID].&[2.5931E4],25931,7841
[DIVADM].[OBJECTID].&[2.5932E4],25932,7820
[DIVADM].[OBJECTID].&[2.5933E4],25933,489
[DIVADM].[OBJECTID].&[2.5934E4],25934,4979
[DIVADM].[OBJECTID].&[2.5935E4],25935,2658
[DIVADM].[OBJECTID].&[2.5936E4],25936,6471
[DIVADM].[OBJECTID].&[2.5937E4],25937,6242
[DIVADM].[OBJECTID].&[2.5938E4],25938,6840
[DIVADM].[OBJECTID].&[2.5939E4],25939,16604
[DIVADM].[OBJECTID].&[2.594E4],25940,26434
[DIVADM].[OBJECTID].&[2.5941E4],25941,10998
[DIVADM].[OBJECTID].&[2.5942E4],25942,42966
[DIVADM].[OBJECTID].&[2.5943E4],25943,9728
[DIVADM].[OBJECTID].&[2.5944E4],25944,41349
[DIVADM].[OBJECTID].&[2.5945E4],25945,46194
[DIVADM].[OBJECTID].&[2.5946E4],25946,5083
[DIVADM].[OBJECTID].&[2.5947E4],25947,16357
[DIVADM].[OBJECTID].&[2.5948E4],25948,19151
[DIVADM].[OBJECTID].&[2.5949E4],25949,12283
[DIVADM].[OBJECTID].&[2.595E4],25950,11676
[DIVADM].[OBJECTID].&[2.5951E4],25951,31253
[DIVADM].[OBJECTID].&[2.5952E4],25952,54606
[DIVADM].[OBJECTID].&[2.5953E4],25953,10071
[DIVADM].[OBJECTID].&[2.5954E4],25954,4454
[DIVADM].[OBJECTID].&[2.5955E4],25955,6374
[DIVADM].[OBJECTID].&[2.5956E4],25956,38801
[DIVADM].[OBJECTID].&[2.5957E4],25957,11324
[DIVADM].[OBJECTID].&[2.5958E4],25958,35231
[DIVADM].[OBJECTID].&[2.5959E4],25959,19683
[DIVADM].[OBJECTID].&[2.596E4],25960,1280
[DIVADM].[OBJECTID].&[2.5961E4],25961,8565
[DIVADM].[OBJECTID].&[2.5962E4],25962,15069
[DIVADM].[OBJECTID].&[2.5963E4],25963,14045
[DIVADM].[OBJECTID].&[2.5964E4],25964,5822
[DIVADM].[OBJECTID].&[2.5965E4],25965,16005
[DIVADM].[OBJECTID].&[2.5966E4],25966,19992
[DIVADM].[OBJECTID].&[2.5967E4],25967,12946
[DIVADM].[OBJECTID].&[2.5968E4],25968,23413
[DIVADM].[OBJECTID].&[2.5969E4],25969,547
[DIVADM].[OBJECTID].&[2.597E4],25970,675
[DIVADM].[OBJECTID].&[2.5971E4],25971,33983
[DIVADM].[OBJECTID].&[2.5972E4],25972,14001
[DIVADM].[OBJECTID].&[2.5973E4],25973,3227
[DIVADM].[OBJECTID].&[2.5974E4],25974,1221
[DIVADM].[OBJECTID].&[2.5975E4],25975,4158
[DIVADM].[OBJECTID].&[2.5976E4],25976,7066
[DIVADM].[OBJECTID].&[2.5977E4],25977,12392
[DIVADM].[OBJECTID].&[2.5978E4],25978,26299
[DIVADM].[OBJECTID].&[2.5979E4],25979,9012
[DIVADM].[OBJECTID].&[2.598E4],25980,14994
[DIVADM].[OBJECTID].&[2.5981E4],25981,11471
[DIVADM].[OBJECTID].&[2.5982E4],25982,6811
[DIVADM].[OBJECTID].&[2.5983E4],25983,27201
[DIVADM].[OBJECTID].&[2.5984E4],25984,23169
[DIVADM].[OBJECTID].&[2.5985E4],25985,12264
[DIVADM].[OBJECTID].&[2.5986E4],25986,6992
[DIVADM].[OBJECTID].&[2.5987E4],25987,5173
[DIVADM].[OBJECTID].&[2.5988E4],25988,19198
[DIVADM].[OBJECTID].&[2.5989E4],25989,12119
[DIVADM].[OBJECTID].&[2.599E4],25990,10784
[DIVADM].[OBJECTID].&[2.5991E4],25991,26509
[DIVADM].[OBJECTID].&[2.5992E4],25992,3682
[DIVADM].[OBJECTID].&[2.5993E4],25993,18290
[DIVADM].[OBJECTID].&[2.5994E4],25994,3780
[DIVADM].[OBJECTID].&[2.5995E4],25995,14707
[DIVADM].[OBJECTID].&[2.5996E4],25996,22231
[DIVADM].[OBJECTID].&[2.5997E4],25997,22899
[DIVADM].[OBJECTID].&[2.5998E4],25998,9842
[DIVADM].[OBJECTID].&[2.5999E4],25999,18275
[DIVADM].[OBJECTID].&[2.6E4],26000,6376
[DIVADM].[OBJECTID].&[2.6001E4],26001,26622
[DIVADM].[OBJECTID].&[2.6002E4],26002,53396
[DIVADM].[OBJECTID].&[2.6003E4],26003,30694
[DIVADM].[OBJECTID].&[2.6004E4],26004,15350
[DIVADM].[OBJECTID].&[2.6005E4],26005,2049
[DIVADM].[OBJECTID].&[2.6006E4],26006,1150
[DIVADM].[OBJECTID].&[2.6007E4],26007,15123
[DIVADM].[OBJECTID].&[2.6008E4],26008,1863
[DIVADM].[OBJECTID].&[2.6009E4],26009,11530
[DIVADM].[OBJECTID].&[2.601E4],26010,6765
[DIVADM].[OBJECTID].&[2.6011E4],26011,20668
[DIVADM].[OBJECTID].&[2.6012E4],26012,7726
[DIVADM].[OBJECTID].&[2.6013E4],26013,7256
[DIVADM].[OBJECTID].&[2.6014E4],26014,11288
[DIVADM].[OBJECTID].&[2.6015E4],26015,11881
[DIVADM].[OBJECTID].&[2.6016E4],26016,17938
[DIVADM].[OBJECTID].&[2.6017E4],26017,5897
[DIVADM].[OBJECTID].&[2.6018E4],26018,7093
[DIVADM].[OBJECTID].&[2.6019E4],26019,14070
[DIVADM].[OBJECTID].&[2.602E4],26020,5634
[DIVADM].[OBJECTID].&[2.6021E4],26021,8511
[DIVADM].[OBJECTID].&[2.6022E4],26022,12893
[DIVADM].[OBJECTID].&[2.6023E4],26023,3529
[DIVADM].[OBJECTID].&[2.6024E4],26024,17753
[DIVADM].[OBJECTID].&[2.6025E4],26025,13832
[DIVADM].[OBJECTID].&[2.6026E4],26026,3762
[DIVADM].[OBJECTID].&[2.6027E4],26027,2766
[DIVADM].[OBJECTID].&[2.6028E4],26028,24956
[DIVADM].[OBJECTID].&[2.6029E4],26029,951
[DIVADM].[OBJECTID].&[2.603E4],26030,606
[DIVADM].[OBJECTID].&[2.6031E4],26031,664
[DIVADM].[OBJECTID].&[2.6032E4],26032,457
[DIVADM].[OBJECTID].&[2.6033E4],26033,3809
[DIVADM].[OBJECTID].&[2.6034E4],26034,6664
[DIVADM].[OBJECTID].&[2.6035E4],26035,13847
[DIVADM].[OBJECTID].&[2.6036E4],26036,4511
[DIVADM].[OBJECTID].&[2.6037E4],26037,1624
[DIVADM].[OBJECTID].&[2.6038E4],26038,16928
[DIVADM].[OBJECTID].&[2.6039E4],26039,5934
[DIVADM].[OBJECTID].&[2.604E4],26040,29427
[DIVADM].[OBJECTID].&[2.6042E4],26042,27018
[DIVADM].[OBJECTID].&[2.6043E4],26043,13412
[DIVADM].[OBJECTID].&[2.6044E4],26044,2259
[DIVADM].[OBJECTID].&[2.6045E4],26045,8038
[DIVADM].[OBJECTID].&[2.6046E4],26046,6336
[DIVADM].[OBJECTID].&[2.6047E4],26047,7919
[DIVADM].[OBJECTID].&[2.6048E4],26048,1763
[DIVADM].[OBJECTID].&[2.6049E4],26049,9489
[DIVADM].[OBJECTID].&[2.605E4],26050,412
[DIVADM].[OBJECTID].&[2.6051E4],26051,1406
[DIVADM].[OBJECTID].&[2.6052E4],26052,1170
[DIVADM].[OBJECTID].&[2.6053E4],26053,9143
[DIVADM].[OBJECTID].&[2.6054E4],26054,374
[DIVADM].[OBJECTID].&[2.6055E4],26055,1134
[DIVADM].[OBJECTID].&[2.6056E4],26056,266
[DIVADM].[OBJECTID].&[2.6057E4],26057,6744
[DIVADM].[OBJECTID].&[2.6058E4],26058,596
[DIVADM].[OBJECTID].&[2.6059E4],26059,155
[DIVADM].[OBJECTID].&[2.606E4],26060,665
[DIVADM].[OBJECTID].&[2.6061E4],26061,136
[DIVADM].[OBJECTID].&[2.6062E4],26062,99
[DIVADM].[OBJECTID].&[2.6063E4],26063,21639
[DIVADM].[OBJECTID].&[2.6064E4],26064,23906
[DIVADM].[OBJECTID].&[2.6065E4],26065,14428
[DIVADM].[OBJECTID].&[2.6066E4],26066,5177
[DIVADM].[OBJECTID].&[2.6067E4],26067,1216
[DIVADM].[OBJECTID].&[2.6068E4],26068,3612
[DIVADM].[OBJECTID].&[2.6069E4],26069,13127
[DIVADM].[OBJECTID].&[2.607E4],26070,4293
[DIVADM].[OBJECTID].&[2.6071E4],26071,9513
[DIVADM].[OBJECTID].&[2.6072E4],26072,4299
[DIVADM].[OBJECTID].&[2.6073E4],26073,6237
[DIVADM].[OBJECTID].&[2.6074E4],26074,7010
[DIVADM].[OBJECTID].&[2.6075E4],26075,2116
[DIVADM].[OBJECTID].&[2.6076E4],26076,22063
[DIVADM].[OBJECTID].&[2.6077E4],26077,16897
[DIVADM].[OBJECTID].&[2.6078E4],26078,22258
[DIVADM].[OBJECTID].&[2.6079E4],26079,19746
[DIVADM].[OBJECTID].&[2.608E4],26080,13413
[DIVADM].[OBJECTID].&[2.6081E4],26081,11301
[DIVADM].[OBJECTID].&[2.6082E4],26082,7873
[DIVADM].[OBJECTID].&[2.6083E4],26083,17871
[DIVADM].[OBJECTID].&[2.6084E4],26084,35499
[DIVADM].[OBJECTID].&[2.6085E4],26085,5071
[DIVADM].[OBJECTID].&[2.6086E4],26086,10425
[DIVADM].[OBJECTID].&[2.6087E4],26087,11624
[DIVADM].[OBJECTID].&[2.6088E4],26088,2885
[DIVADM].[OBJECTID].&[2.6089E4],26089,8827
[DIVADM].[OBJECTID].&[2.609E4],26090,5243
[DIVADM].[OBJECTID].&[2.6091E4],26091,6246
[DIVADM].[OBJECTID].&[2.6092E4],26092,87
[DIVADM].[OBJECTID].&[2.6093E4],26093,3815
[DIVADM].[OBJECTID].&[2.6094E4],26094,290
[DIVADM].[OBJECTID].&[2.6095E4],26095,6494
[DIVADM].[OBJECTID].&[2.6096E4],26096,987
[DIVADM].[OBJECTID].&[2.6097E4],26097,1416
[DIVADM].[OBJECTID].&[2.6098E4],26098,456
[DIVADM].[OBJECTID].&[2.6099E4],26099,947
[DIVADM].[OBJECTID].&[2.61E4],26100,3489
[DIVADM].[OBJECTID].&[2.6101E4],26101,1091
[DIVADM].[OBJECTID].&[2.6102E4],26102,4002
[DIVADM].[OBJECTID].&[2.6103E4],26103,31280
[DIVADM].[OBJECTID].&[2.6104E4],26104,1900
[DIVADM].[OBJECTID].&[2.6105E4],26105,2149
[DIVADM].[OBJECTID].&[2.6106E4],26106,6694
[DIVADM].[OBJECTID].&[2.6107E4],26107,713
[DIVADM].[OBJECTID].&[2.6108E4],26108,1283
[DIVADM].[OBJECTID].&[2.6109E4],26109,498
[DIVADM].[OBJECTID].&[2.611E4],26110,1836
[DIVADM].[OBJECTID].&[2.6111E4],26111,986
[DIVADM].[OBJECTID].&[2.6112E4],26112,3749
[DIVADM].[OBJECTID].&[2.6113E4],26113,2264
[DIVADM].[OBJECTID].&[2.6114E4],26114,3140
[DIVADM].[OBJECTID].&[2.6115E4],26115,8759
[DIVADM].[OBJECTID].&[2.6116E4],26116,10146
[DIVADM].[OBJECTID].&[2.6117E4],26117,33721
[DIVADM].[OBJECTID].&[2.6118E4],26118,17402
[DIVADM].[OBJECTID].&[2.6119E4],26119,17663
[DIVADM].[OBJECTID].&[2.612E4],26120,8896
[DIVADM].[OBJECTID].&[2.6121E4],26121,37074
[DIVADM].[OBJECTID].&[2.6122E4],26122,49123
[DIVADM].[OBJECTID].&[2.6123E4],26123,15219
[DIVADM].[OBJECTID].&[2.6124E4],26124,9860
[DIVADM].[OBJECTID].&[2.6125E4],26125,6197
[DIVADM].[OBJECTID].&[2.6126E4],26126,3884
[DIVADM].[OBJECTID].&[2.6127E4],26127,1391
[DIVADM].[OBJECTID].&[2.6128E4],26128,2393
[DIVADM].[OBJECTID].&[2.6129E4],26129,15543
[DIVADM].[OBJECTID].&[2.613E4],26130,9156
[DIVADM].[OBJECTID].&[2.6131E4],26131,3846
[DIVADM].[OBJECTID].&[2.6132E4],26132,12142
[DIVADM].[OBJECTID].&[2.6133E4],26133,881
[DIVADM].[OBJECTID].&[2.6134E4],26134,3016
[DIVADM].[OBJECTID].&[2.6135E4],26135,1730
[DIVADM].[OBJECTID].&[2.6136E4],26136,8593
[DIVADM].[OBJECTID].&[2.6137E4],26137,1772
[DIVADM].[OBJECTID].&[2.6138E4],26138,11951
[DIVADM].[OBJECTID].&[2.6139E4],26139,11062
[DIVADM].[OBJECTID].&[2.614E4],26140,9598
[DIVADM].[OBJECTID].&[2.6141E4],26141,828
[DIVADM].[OBJECTID].&[2.6142E4],26142,2201
[DIVADM].[OBJECTID].&[2.6143E4],26143,950
[DIVADM].[OBJECTID].&[2.6144E4],26144,1424
[DIVADM].[OBJECTID].&[2.6145E4],26145,8824
[DIVADM].[OBJECTID].&[2.6146E4],26146,707
[DIVADM].[OBJECTID].&[2.6147E4],26147,1167
[DIVADM].[OBJECTID].&[2.6148E4],26148,2920
[DIVADM].[OBJECTID].&[2.6149E4],26149,2864
[DIVADM].[OBJECTID].&[2.615E4],26150,11083
[DIVADM].[OBJECTID].&[2.6151E4],26151,24778
[DIVADM].[OBJECTID].&[2.6152E4],26152,1261
[DIVADM].[OBJECTID].&[2.6153E4],26153,6142
[DIVADM].[OBJECTID].&[2.6154E4],26154,22872
[DIVADM].[OBJECTID].&[2.6155E4],26155,77615
[DIVADM].[OBJECTID].&[2.6156E4],26156,20911
[DIVADM].[OBJECTID].&[2.6157E4],26157,16602
[DIVADM].[OBJECTID].&[2.6158E4],26158,29017
[DIVADM].[OBJECTID].&[2.6159E4],26159,4555
[DIVADM].[OBJECTID].&[2.616E4],26160,2305
[DIVADM].[OBJECTID].&[2.6161E4],26161,3581
[DIVADM].[OBJECTID].&[2.6162E4],26162,22131
[DIVADM].[OBJECTID].&[2.6163E4],26163,4751
[DIVADM].[OBJECTID].&[2.6164E4],26164,28007
[DIVADM].[OBJECTID].&[2.6165E4],26165,18429
[DIVADM].[OBJECTID].&[2.6166E4],26166,28008
[DIVADM].[OBJECTID].&[2.6167E4],26167,30335
[DIVADM].[OBJECTID].&[2.6168E4],26168,25161
[DIVADM].[OBJECTID].&[2.6169E4],26169,52588
[DIVADM].[OBJECTID].&[2.617E4],26170,8793
[DIVADM].[OBJECTID].&[2.6171E4],26171,28679
[DIVADM].[OBJECTID].&[2.6172E4],26172,16308
[DIVADM].[OBJECTID].&[2.6173E4],26173,4715
[DIVADM].[OBJECTID].&[2.6174E4],26174,28120
[DIVADM].[OBJECTID].&[2.6175E4],26175,11599
[DIVADM].[OBJECTID].&[2.6176E4],26176,29484
[DIVADM].[OBJECTID].&[2.6177E4],26177,41188
[DIVADM].[OBJECTID].&[2.6178E4],26178,3774
[DIVADM].[OBJECTID].&[2.6179E4],26179,1459
[DIVADM].[OBJECTID].&[2.618E4],26180,11472
[DIVADM].[OBJECTID].&[2.6181E4],26181,10280
[DIVADM].[OBJECTID].&[2.6182E4],26182,18135
[DIVADM].[OBJECTID].&[2.6183E4],26183,4940
[DIVADM].[OBJECTID].&[2.6184E4],26184,4711
[DIVADM].[OBJECTID].&[2.6185E4],26185,798
[DIVADM].[OBJECTID].&[2.6186E4],26186,20047
[DIVADM].[OBJECTID].&[2.6187E4],26187,587
[DIVADM].[OBJECTID].&[2.6188E4],26188,551
[DIVADM].[OBJECTID].&[2.6189E4],26189,12040
[DIVADM].[OBJECTID].&[2.619E4],26190,8137
[DIVADM].[OBJECTID].&[2.6191E4],26191,10821
[DIVADM].[OBJECTID].&[2.6192E4],26192,2286
[DIVADM].[OBJECTID].&[2.6193E4],26193,12660
[DIVADM].[OBJECTID].&[2.6194E4],26194,3676
[DIVADM].[OBJECTID].&[2.6195E4],26195,15563
[DIVADM].[OBJECTID].&[2.6196E4],26196,30806
[DIVADM].[OBJECTID].&[2.6197E4],26197,26882
[DIVADM].[OBJECTID].&[2.6198E4],26198,25205
[DIVADM].[OBJECTID].&[2.6199E4],26199,32711
[DIVADM].[OBJECTID].&[2.62E4],26200,11717
[DIVADM].[OBJECTID].&[2.6201E4],26201,25691
[DIVADM].[OBJECTID].&[2.6202E4],26202,1808
[DIVADM].[OBJECTID].&[2.6203E4],26203,1198
[DIVADM].[OBJECTID].&[2.6204E4],26204,2325
[DIVADM].[OBJECTID].&[2.6205E4],26205,1525
[DIVADM].[OBJECTID].&[2.6206E4],26206,1029
[DIVADM].[OBJECTID].&[2.6207E4],26207,12172
[DIVADM].[OBJECTID].&[2.6208E4],26208,5277
[DIVADM].[OBJECTID].&[2.6209E4],26209,9025
[DIVADM].[OBJECTID].&[2.621E4],26210,425
[DIVADM].[OBJECTID].&[2.6211E4],26211,3170
[DIVADM].[OBJECTID].&[2.6212E4],26212,11571
[DIVADM].[OBJECTID].&[2.6213E4],26213,15421
[DIVADM].[OBJECTID].&[2.6214E4],26214,4008
[DIVADM].[OBJECTID].&[2.6215E4],26215,3006
[DIVADM].[OBJECTID].&[2.6216E4],26216,7418
[DIVADM].[OBJECTID].&[2.6217E4],26217,2136
[DIVADM].[OBJECTID].&[2.6218E4],26218,25210
[DIVADM].[OBJECTID].&[2.6219E4],26219,12413
[DIVADM].[OBJECTID].&[2.622E4],26220,6991
[DIVADM].[OBJECTID].&[2.6221E4],26221,9866
[DIVADM].[OBJECTID].&[2.6222E4],26222,1276
[DIVADM].[OBJECTID].&[2.6223E4],26223,11057
[DIVADM].[OBJECTID].&[2.6224E4],26224,2523
[DIVADM].[OBJECTID].&[2.6225E4],26225,21760
[DIVADM].[OBJECTID].&[2.6226E4],26226,14360
[DIVADM].[OBJECTID].&[2.6227E4],26227,2466
[DIVADM].[OBJECTID].&[2.6228E4],26228,38907
[DIVADM].[OBJECTID].&[2.6229E4],26229,31913
[DIVADM].[OBJECTID].&[2.623E4],26230,20880
[DIVADM].[OBJECTID].&[2.6231E4],26231,29052
[DIVADM].[OBJECTID].&[2.6232E4],26232,47694
[DIVADM].[OBJECTID].&[2.6233E4],26233,35739
[DIVADM].[OBJECTID].&[2.6234E4],26234,17083
[DIVADM].[OBJECTID].&[2.6235E4],26235,15219
[DIVADM].[OBJECTID].&[2.6236E4],26236,19134
[DIVADM].[OBJECTID].&[2.6237E4],26237,28155
[DIVADM].[OBJECTID].&[2.6238E4],26238,2869
[DIVADM].[OBJECTID].&[2.6239E4],26239,2439
[DIVADM].[OBJECTID].&[2.624E4],26240,326
[DIVADM].[OBJECTID].&[2.6241E4],26241,3599
[DIVADM].[OBJECTID].&[2.6242E4],26242,4715
[DIVADM].[OBJECTID].&[2.6243E4],26243,22073
[DIVADM].[OBJECTID].&[2.6244E4],26244,710
[DIVADM].[OBJECTID].&[2.6245E4],26245,3069
[DIVADM].[OBJECTID].&[2.6246E4],26246,2944
[DIVADM].[OBJECTID].&[2.6247E4],26247,956
[DIVADM].[OBJECTID].&[2.6248E4],26248,2092
[DIVADM].[OBJECTID].&[2.6249E4],26249,220
[DIVADM].[OBJECTID].&[2.625E4],26250,9223
[DIVADM].[OBJECTID].&[2.6251E4],26251,1186
[DIVADM].[OBJECTID].&[2.6252E4],26252,1156
[DIVADM].[OBJECTID].&[2.6253E4],26253,661
[DIVADM].[OBJECTID].&[2.6254E4],26254,354
[DIVADM].[OBJECTID].&[2.6255E4],26255,1069
[DIVADM].[OBJECTID].&[2.6256E4],26256,9647
[DIVADM].[OBJECTID].&[2.6257E4],26257,627
[DIVADM].[OBJECTID].&[2.6258E4],26258,809
[DIVADM].[OBJECTID].&[2.6259E4],26259,4489
[DIVADM].[OBJECTID].&[2.626E4],26260,1597
[DIVADM].[OBJECTID].&[2.6261E4],26261,4838
[DIVADM].[OBJECTID].&[2.6262E4],26262,11038
[DIVADM].[OBJECTID].&[2.6263E4],26263,889
[DIVADM].[OBJECTID].&[2.6264E4],26264,1884
[DIVADM].[OBJECTID].&[2.6265E4],26265,3256
[DIVADM].[OBJECTID].&[2.6266E4],26266,1981
[DIVADM].[OBJECTID].&[2.6267E4],26267,4761
[DIVADM].[OBJECTID].&[2.6268E4],26268,462
[DIVADM].[OBJECTID].&[2.6269E4],26269,1538
[DIVADM].[OBJECTID].&[2.627E4],26270,2200
[DIVADM].[OBJECTID].&[2.6271E4],26271,9601
[DIVADM].[OBJECTID].&[2.6272E4],26272,1084
[DIVADM].[OBJECTID].&[2.6273E4],26273,901
[DIVADM].[OBJECTID].&[2.6274E4],26274,266
[DIVADM].[OBJECTID].&[2.6275E4],26275,1154
[DIVADM].[OBJECTID].&[2.6276E4],26276,9052
[DIVADM].[OBJECTID].&[2.6277E4],26277,27063
[DIVADM].[OBJECTID].&[2.6278E4],26278,363
[DIVADM].[OBJECTID].&[2.6279E4],26279,10142
[DIVADM].[OBJECTID].&[2.628E4],26280,640
[DIVADM].[OBJECTID].&[2.6281E4],26281,8972
[DIVADM].[OBJECTID].&[2.6282E4],26282,4818
[DIVADM].[OBJECTID].&[2.6283E4],26283,4501
[DIVADM].[OBJECTID].&[2.6284E4],26284,2197
[DIVADM].[OBJECTID].&[2.6285E4],26285,2472
[DIVADM].[OBJECTID].&[2.6286E4],26286,16457
[DIVADM].[OBJECTID].&[2.6287E4],26287,475
[DIVADM].[OBJECTID].&[2.6288E4],26288,1025
[DIVADM].[OBJECTID].&[2.6289E4],26289,6777
[DIVADM].[OBJECTID].&[2.629E4],26290,18128
[DIVADM].[OBJECTID].&[2.6291E4],26291,748
[DIVADM].[OBJECTID].&[2.6292E4],26292,2220
[DIVADM].[OBJECTID].&[2.6293E4],26293,4220
[DIVADM].[OBJECTID].&[2.6294E4],26294,2177
[DIVADM].[OBJECTID].&[2.6295E4],26295,7397
[DIVADM].[OBJECTID].&[2.6296E4],26296,3212
[DIVADM].[OBJECTID].&[2.6297E4],26297,30792
[DIVADM].[OBJECTID].&[2.6298E4],26298,9983
[DIVADM].[OBJECTID].&[2.6299E4],26299,3700
[DIVADM].[OBJECTID].&[2.63E4],26300,9087
[DIVADM].[OBJECTID].&[2.6301E4],26301,29439
[DIVADM].[OBJECTID].&[2.6302E4],26302,21885
[DIVADM].[OBJECTID].&[2.6303E4],26303,16411
[DIVADM].[OBJECTID].&[2.6304E4],26304,22666
[DIVADM].[OBJECTID].&[2.6305E4],26305,24063
[DIVADM].[OBJECTID].&[2.6306E4],26306,2474
[DIVADM].[OBJECTID].&[2.6307E4],26307,7518
[DIVADM].[OBJECTID].&[2.6308E4],26308,573
[DIVADM].[OBJECTID].&[2.6309E4],26309,617
[DIVADM].[OBJECTID].&[2.631E4],26310,13443
[DIVADM].[OBJECTID].&[2.6311E4],26311,14419
[DIVADM].[OBJECTID].&[2.6312E4],26312,2648
[DIVADM].[OBJECTID].&[2.6313E4],26313,4812
[DIVADM].[OBJECTID].&[2.6314E4],26314,12152
[DIVADM].[OBJECTID].&[2.6315E4],26315,238
[DIVADM].[OBJECTID].&[2.6316E4],26316,529
[DIVADM].[OBJECTID].&[2.6317E4],26317,8124
[DIVADM].[OBJECTID].&[2.6318E4],26318,9118
[DIVADM].[OBJECTID].&[2.6319E4],26319,24411
[DIVADM].[OBJECTID].&[2.632E4],26320,14291
[DIVADM].[OBJECTID].&[2.6321E4],26321,35972
[DIVADM].[OBJECTID].&[2.6322E4],26322,39031
[DIVADM].[OBJECTID].&[2.6323E4],26323,31562
[DIVADM].[OBJECTID].&[2.6324E4],26324,27826
[DIVADM].[OBJECTID].&[2.6325E4],26325,21236
[DIVADM].[OBJECTID].&[2.6326E4],26326,33038
[DIVADM].[OBJECTID].&[2.6327E4],26327,5912
[DIVADM].[OBJECTID].&[2.6328E4],26328,7138
[DIVADM].[OBJECTID].&[2.6329E4],26329,2953
[DIVADM].[OBJECTID].&[2.633E4],26330,4800
[DIVADM].[OBJECTID].&[2.6331E4],26331,4252
[DIVADM].[OBJECTID].&[2.6332E4],26332,9791
[DIVADM].[OBJECTID].&[2.6333E4],26333,16934
[DIVADM].[OBJECTID].&[2.6334E4],26334,11465
[DIVADM].[OBJECTID].&[2.6335E4],26335,1975
[DIVADM].[OBJECTID].&[2.6336E4],26336,478
[DIVADM].[OBJECTID].&[2.6337E4],26337,18987
[DIVADM].[OBJECTID].&[2.6338E4],26338,22270
[DIVADM].[OBJECTID].&[2.6339E4],26339,8830
[DIVADM].[OBJECTID].&[2.634E4],26340,11713
[DIVADM].[OBJECTID].&[2.6341E4],26341,1829
[DIVADM].[OBJECTID].&[2.6342E4],26342,21017
[DIVADM].[OBJECTID].&[2.6343E4],26343,4957
[DIVADM].[OBJECTID].&[2.6344E4],26344,30081
[DIVADM].[OBJECTID].&[2.6345E4],26345,2497
[DIVADM].[OBJECTID].&[2.6346E4],26346,7879
[DIVADM].[OBJECTID].&[2.6347E4],26347,6440
[DIVADM].[OBJECTID].&[2.6348E4],26348,10031
[DIVADM].[OBJECTID].&[2.6349E4],26349,4084
[DIVADM].[OBJECTID].&[2.635E4],26350,78
[DIVADM].[OBJECTID].&[2.6351E4],26351,4589
[DIVADM].[OBJECTID].&[2.6352E4],26352,238
[DIVADM].[OBJECTID].&[2.6353E4],26353,7629
[DIVADM].[OBJECTID].&[2.6354E4],26354,5203
[DIVADM].[OBJECTID].&[2.6355E4],26355,705
[DIVADM].[OBJECTID].&[2.6356E4],26356,1451
[DIVADM].[OBJECTID].&[2.6357E4],26357,2597
[DIVADM].[OBJECTID].&[2.6358E4],26358,1074
[DIVADM].[OBJECTID].&[2.6359E4],26359,15018
[DIVADM].[OBJECTID].&[2.636E4],26360,15567
[DIVADM].[OBJECTID].&[2.6361E4],26361,32553
[DIVADM].[OBJECTID].&[2.6362E4],26362,2154
[DIVADM].[OBJECTID].&[2.6365E4],26365,1680
[DIVADM].[OBJECTID].&[2.6366E4],26366,5351
[DIVADM].[OBJECTID].&[2.6367E4],26367,4831
[DIVADM].[OBJECTID].&[2.6368E4],26368,57596
[DIVADM].[OBJECTID].&[2.6369E4],26369,3509
[DIVADM].[OBJECTID].&[2.637E4],26370,23277
[DIVADM].[OBJECTID].&[2.6371E4],26371,28499
[DIVADM].[OBJECTID].&[2.6372E4],26372,13505
[DIVADM].[OBJECTID].&[2.6373E4],26373,1794
[DIVADM].[OBJECTID].&[2.6374E4],26374,381
[DIVADM].[OBJECTID].&[2.6375E4],26375,20242
[DIVADM].[OBJECTID].&[2.6376E4],26376,3697
[DIVADM].[OBJECTID].&[2.6377E4],26377,5957
[DIVADM].[OBJECTID].&[2.6378E4],26378,1883
[DIVADM].[OBJECTID].&[2.6379E4],26379,18055
[DIVADM].[OBJECTID].&[2.638E4],26380,14972
[DIVADM].[OBJECTID].&[2.6381E4],26381,20980
[DIVADM].[OBJECTID].&[2.6382E4],26382,17825
[DIVADM].[OBJECTID].&[2.6383E4],26383,14163
[DIVADM].[OBJECTID].&[2.6384E4],26384,671
[DIVADM].[OBJECTID].&[2.6385E4],26385,5327
[DIVADM].[OBJECTID].&[2.6386E4],26386,4973
[DIVADM].[OBJECTID].&[2.6387E4],26387,16322
[DIVADM].[OBJECTID].&[2.6388E4],26388,24098
[DIVADM].[OBJECTID].&[2.6389E4],26389,12163
[DIVADM].[OBJECTID].&[2.639E4],26390,14811
[DIVADM].[OBJECTID].&[2.6391E4],26391,45054
[DIVADM].[OBJECTID].&[2.6392E4],26392,16683
[DIVADM].[OBJECTID].&[2.6393E4],26393,39901
[DIVADM].[OBJECTID].&[2.6394E4],26394,6806
[DIVADM].[OBJECTID].&[2.6395E4],26395,5295
[DIVADM].[OBJECTID].&[2.6396E4],26396,450
[DIVADM].[OBJECTID].&[2.6397E4],26397,2457
[DIVADM].[OBJECTID].&[2.6398E4],26398,37450
[DIVADM].[OBJECTID].&[2.6399E4],26399,2708
[DIVADM].[OBJECTID].&[2.64E4],26400,3246
[DIVADM].[OBJECTID].&[2.6401E4],26401,14463
[DIVADM].[OBJECTID].&[2.6402E4],26402,1162
[DIVADM].[OBJECTID].&[2.6403E4],26403,3227
[DIVADM].[OBJECTID].&[2.6404E4],26404,2520
[DIVADM].[OBJECTID].&[2.6405E4],26405,2464
[DIVADM].[OBJECTID].&[2.6406E4],26406,464
[DIVADM].[OBJECTID].&[2.6407E4],26407,1227
[DIVADM].[OBJECTID].&[2.6408E4],26408,468
[DIVADM].[OBJECTID].&[2.6409E4],26409,1665
[DIVADM].[OBJECTID].&[2.641E4],26410,1991
[DIVADM].[OBJECTID].&[2.6411E4],26411,11752
[DIVADM].[OBJECTID].&[2.6412E4],26412,7778
[DIVADM].[OBJECTID].&[2.6413E4],26413,2360
[DIVADM].[OBJECTID].&[2.6414E4],26414,29554
[DIVADM].[OBJECTID].&[2.6415E4],26415,2943
[DIVADM].[OBJECTID].&[2.6416E4],26416,13956
[DIVADM].[OBJECTID].&[2.6417E4],26417,22970
[DIVADM].[OBJECTID].&[2.6418E4],26418,14724
[DIVADM].[OBJECTID].&[2.6419E4],26419,17872
[DIVADM].[OBJECTID].&[2.642E4],26420,27787
[DIVADM].[OBJECTID].&[2.6421E4],26421,9640
[DIVADM].[OBJECTID].&[2.6422E4],26422,37386
[DIVADM].[OBJECTID].&[2.6423E4],26423,47124
[DIVADM].[OBJECTID].&[2.6424E4],26424,17313
[DIVADM].[OBJECTID].&[2.6425E4],26425,20350
[DIVADM].[OBJECTID].&[2.6426E4],26426,18332
[DIVADM].[OBJECTID].&[2.6427E4],26427,22801
[DIVADM].[OBJECTID].&[2.6428E4],26428,23276
[DIVADM].[OBJECTID].&[2.6429E4],26429,15622
[DIVADM].[OBJECTID].&[2.643E4],26430,6060
[DIVADM].[OBJECTID].&[2.6431E4],26431,2817
[DIVADM].[OBJECTID].&[2.6432E4],26432,589
[DIVADM].[OBJECTID].&[2.6433E4],26433,587
[DIVADM].[OBJECTID].&[2.6434E4],26434,2411
[DIVADM].[OBJECTID].&[2.6435E4],26435,2236
[DIVADM].[OBJECTID].&[2.6436E4],26436,407
[DIVADM].[OBJECTID].&[2.6437E4],26437,4995
[DIVADM].[OBJECTID].&[2.6438E4],26438,5176
[DIVADM].[OBJECTID].&[2.6439E4],26439,526
[DIVADM].[OBJECTID].&[2.644E4],26440,1064
[DIVADM].[OBJECTID].&[2.6441E4],26441,23464
[DIVADM].[OBJECTID].&[2.6442E4],26442,766
[DIVADM].[OBJECTID].&[2.6443E4],26443,14457
[DIVADM].[OBJECTID].&[2.6444E4],26444,9313
[DIVADM].[OBJECTID].&[2.6445E4],26445,8360
[DIVADM].[OBJECTID].&[2.6446E4],26446,3314
[DIVADM].[OBJECTID].&[2.6447E4],26447,28447
[DIVADM].[OBJECTID].&[2.6448E4],26448,2048
[DIVADM].[OBJECTID].&[2.6449E4],26449,2764
[DIVADM].[OBJECTID].&[2.645E4],26450,2036
[DIVADM].[OBJECTID].&[2.6451E4],26451,17692
[DIVADM].[OBJECTID].&[2.6452E4],26452,18900
[DIVADM].[OBJECTID].&[2.6454E4],26454,1211
[DIVADM].[OBJECTID].&[2.6455E4],26455,19067
[DIVADM].[OBJECTID].&[2.6456E4],26456,606
[DIVADM].[OBJECTID].&[2.6457E4],26457,4315
[DIVADM].[OBJECTID].&[2.6458E4],26458,929
[DIVADM].[OBJECTID].&[2.6459E4],26459,1673
[DIVADM].[OBJECTID].&[2.646E4],26460,4141
[DIVADM].[OBJECTID].&[2.6461E4],26461,7023
[DIVADM].[OBJECTID].&[2.6462E4],26462,28006
[DIVADM].[OBJECTID].&[2.6464E4],26464,6001
[DIVADM].[OBJECTID].&[2.6465E4],26465,21188
[DIVADM].[OBJECTID].&[2.6466E4],26466,4485
[DIVADM].[OBJECTID].&[2.6467E4],26467,14418
[DIVADM].[OBJECTID].&[2.6468E4],26468,16403
[DIVADM].[OBJECTID].&[2.6469E4],26469,8100
[DIVADM].[OBJECTID].&[2.647E4],26470,22121
[DIVADM].[OBJECTID].&[2.6471E4],26471,8528
[DIVADM].[OBJECTID].&[2.6472E4],26472,8303
[DIVADM].[OBJECTID].&[2.6473E4],26473,9285
[DIVADM].[OBJECTID].&[2.6474E4],26474,31429
[DIVADM].[OBJECTID].&[2.6475E4],26475,9964
[DIVADM].[OBJECTID].&[2.6476E4],26476,66906
[DIVADM].[OBJECTID].&[2.6477E4],26477,31853
[DIVADM].[OBJECTID].&[2.6478E4],26478,469
[DIVADM].[OBJECTID].&[2.6479E4],26479,7666
[DIVADM].[OBJECTID].&[2.648E4],26480,1991
[DIVADM].[OBJECTID].&[2.6481E4],26481,4923
[DIVADM].[OBJECTID].&[2.6482E4],26482,3302
[DIVADM].[OBJECTID].&[2.6483E4],26483,215
[DIVADM].[OBJECTID].&[2.6484E4],26484,54019
[DIVADM].[OBJECTID].&[2.6485E4],26485,14236
[DIVADM].[OBJECTID].&[2.6486E4],26486,4518
[DIVADM].[OBJECTID].&[2.6487E4],26487,12021
[DIVADM].[OBJECTID].&[2.6488E4],26488,1918
[DIVADM].[OBJECTID].&[2.6489E4],26489,4559
[DIVADM].[OBJECTID].&[2.649E4],26490,24532
[DIVADM].[OBJECTID].&[2.6491E4],26491,34053
[DIVADM].[OBJECTID].&[2.6492E4],26492,11391
[DIVADM].[OBJECTID].&[2.6493E4],26493,33447
[DIVADM].[OBJECTID].&[2.6494E4],26494,11791
[DIVADM].[OBJECTID].&[2.6495E4],26495,8288
[DIVADM].[OBJECTID].&[2.6496E4],26496,4165
[DIVADM].[OBJECTID].&[2.6497E4],26497,13345
[DIVADM].[OBJECTID].&[2.6498E4],26498,5128
[DIVADM].[OBJECTID].&[2.6499E4],26499,10515
[DIVADM].[OBJECTID].&[2.65E4],26500,368
[DIVADM].[OBJECTID].&[2.6501E4],26501,723
[DIVADM].[OBJECTID].&[2.6502E4],26502,3503
[DIVADM].[OBJECTID].&[2.6503E4],26503,6742
[DIVADM].[OBJECTID].&[2.6504E4],26504,4159
[DIVADM].[OBJECTID].&[2.6505E4],26505,5569
[DIVADM].[OBJECTID].&[2.6506E4],26506,25896
[DIVADM].[OBJECTID].&[2.6507E4],26507,34924
[DIVADM].[OBJECTID].&[2.6508E4],26508,8669
[DIVADM].[OBJECTID].&[2.6509E4],26509,2441
[DIVADM].[OBJECTID].&[2.651E4],26510,5620
[DIVADM].[OBJECTID].&[2.6511E4],26511,18254
[DIVADM].[OBJECTID].&[2.6518E4],26518,17352
[DIVADM].[OBJECTID].&[2.6519E4],26519,18243
[DIVADM].[OBJECTID].&[2.6523E4],26523,26651
[DIVADM].[OBJECTID].&[2.6524E4],26524,20585
[DIVADM].[OBJECTID].&[2.6533E4],26533,10217
[DIVADM].[OBJECTID].&[2.6534E4],26534,14565
[DIVADM].[OBJECTID].&[2.6535E4],26535,2687
[DIVADM].[OBJECTID].&[2.6536E4],26536,14779
[DIVADM].[OBJECTID].&[2.6543E4],26543,20266
[DIVADM].[OBJECTID].&[2.6544E4],26544,7926
[DIVADM].[OBJECTID].&[2.6546E4],26546,27447
[DIVADM].[OBJECTID].&[2.6549E4],26549,22326
[DIVADM].[OBJECTID].&[2.655E4],26550,5788
[DIVADM].[OBJECTID].&,,4347
